temp,humd,co2,voc1,voc2,no2,eth,co
0.2269938650306751,0.17084282460136638,0.06079664570230608,0.11428571428571428,0.6375000000000002,0.1406250000000001,0.5000000000000001,0.18571428571428583
0.2269938650306751,0.17198177676537607,0.05660377358490566,0.08571428571428572,0.6375000000000002,0.1406250000000001,0.5000000000000001,0.18571428571428583
0.2269938650306751,0.17312072892938496,0.039832285115303984,0.05714285714285714,0.6375000000000002,0.1406250000000001,0.5000000000000001,0.18571428571428583
0.2269938650306751,0.17312072892938496,0.050314465408805034,0.05714285714285714,0.6375000000000002,0.1406250000000001,0.5000000000000001,0.18571428571428583
0.2269938650306751,0.17425968109339385,0.029350104821802937,0.05714285714285714,0.6375000000000002,0.1406250000000001,0.4871794871794872,0.17142857142857154
0.2269938650306751,0.17425968109339385,0.025157232704402517,0.07142857142857142,0.6375000000000002,0.1406250000000001,0.4871794871794872,0.17142857142857154
0.23312883435582943,0.17653758542141243,0.027253668763102725,0.1,0.6375000000000002,0.1406250000000001,0.4871794871794872,0.17142857142857154
0.2269938650306751,0.17539863325740354,0.018867924528301886,0.05714285714285714,0.6375000000000002,0.1406250000000001,0.4871794871794872,0.17142857142857154
