temp,humd,co2,voc1,voc2,no2,eth,co
0.21472392638036863,0.15261958997722097,0.010482180293501049,0.08571428571428572,0.525,0.07812500000000006,0.37179487179487186,0.07142857142857148
0.21472392638036863,0.1514806378132121,0.020964360587002098,0.08571428571428572,0.525,0.07812500000000006,0.37179487179487186,0.08571428571428577
0.21472392638036863,0.15261958997722097,0.014675052410901468,0.08571428571428572,0.525,0.07812500000000006,0.37179487179487186,0.08571428571428577
0.21472392638036863,0.1514806378132121,0.0,0.05714285714285714,0.525,0.07812500000000006,0.37179487179487186,0.07142857142857148
0.21472392638036863,0.1514806378132121,0.020964360587002098,0.07142857142857142,0.525,0.07812500000000006,0.37179487179487186,0.07142857142857148
0.21472392638036863,0.15375854214122986,0.023060796645702306,0.1,0.525,0.07812500000000006,0.37179487179487186,0.08571428571428577
0.2085889570552143,0.15261958997722097,0.018867924528301886,0.05714285714285714,0.5125000000000001,0.07812500000000006,0.37179487179487186,0.08571428571428577
0.2085889570552143,0.1514806378132121,0.025157232704402517,0.05714285714285714,0.525,0.07812500000000006,0.37179487179487186,0.07142857142857148
