temp,humd,co2,voc1,voc2,no2,eth,co
0.22085889570552295,0.15261958997722097,0.006289308176100629,0.02857142857142857,0.525,0.07812500000000006,0.37179487179487186,0.08571428571428577
0.21472392638036863,0.1514806378132121,0.008385744234800839,0.0,0.525,0.07812500000000006,0.37179487179487186,0.07142857142857148
0.22085889570552295,0.15261958997722097,0.008385744234800839,0.04285714285714286,0.525,0.07812500000000006,0.37179487179487186,0.08571428571428577
0.21472392638036863,0.15261958997722097,0.006289308176100629,0.07142857142857142,0.525,0.07812500000000006,0.37179487179487186,0.07142857142857148
0.2085889570552143,0.15261958997722097,0.018867924528301886,0.11428571428571428,0.525,0.07812500000000006,0.37179487179487186,0.07142857142857148
0.21472392638036863,0.15261958997722097,0.016771488469601678,0.08571428571428572,0.525,0.07812500000000006,0.37179487179487186,0.07142857142857148
0.2085889570552143,0.15375854214122986,0.010482180293501049,0.08571428571428572,0.525,0.07812500000000006,0.37179487179487186,0.07142857142857148
0.21472392638036863,0.1503416856492024,0.016771488469601678,0.014285714285714285,0.525,0.07812500000000006,0.37179487179487186,0.07142857142857148
