temp,humd,co2,voc1,voc2,no2,eth,co
0.23312883435582943,0.1400911161731208,0.016771488469601678,0.05714285714285714,0.7,0.18750000000000014,0.5641025641025642,0.11428571428571435
0.23926380368098157,0.13895216400911192,0.020964360587002098,0.11428571428571428,0.7,0.1718750000000001,0.5641025641025642,0.11428571428571435
0.23926380368098157,0.13895216400911192,0.0,0.05714285714285714,0.7,0.1718750000000001,0.5641025641025642,0.11428571428571435
0.23312883435582943,0.13895216400911192,0.0,0.08571428571428572,0.7,0.1718750000000001,0.5641025641025642,0.11428571428571435
0.23926380368098157,0.13895216400911192,0.0,0.02857142857142857,0.7,0.1718750000000001,0.5641025641025642,0.11428571428571435
0.23312883435582943,0.13895216400911192,0.0,0.014285714285714285,0.7,0.1718750000000001,0.5641025641025642,0.11428571428571435
0.23312883435582943,0.13895216400911192,0.0041928721174004195,0.02857142857142857,0.7,0.1718750000000001,0.5641025641025642,0.11428571428571435
0.23926380368098157,0.1400911161731208,0.016771488469601678,0.1,0.7,0.1718750000000001,0.5641025641025642,0.11428571428571435
