temp,humd,co2,voc1,voc2,no2,eth,co
0.6319018404907972,0.2642369020501136,0.0,0.05714285714285714,0.02500000000000003,0.03125000000000002,0.012820512820512834,0.20000000000000012
0.6319018404907972,0.2676537585421411,0.0,0.02857142857142857,0.012500000000000015,0.046875000000000035,0.012820512820512834,0.20000000000000012
0.6319018404907972,0.2665148063781322,0.0,0.05714285714285714,0.02500000000000003,0.03125000000000002,0.012820512820512834,0.20000000000000012
0.6257668711656451,0.2653758542141233,0.0,0.02857142857142857,0.012500000000000015,0.03125000000000002,0.012820512820512834,0.20000000000000012
0.6319018404907972,0.2676537585421411,0.0,0.12857142857142856,0.02500000000000003,0.03125000000000002,0.012820512820512834,0.20000000000000012
0.6319018404907972,0.2653758542141233,0.0,0.05714285714285714,0.012500000000000015,0.03125000000000002,0.012820512820512834,0.20000000000000012
0.6319018404907972,0.2642369020501136,0.0,0.014285714285714285,0.012500000000000015,0.03125000000000002,0.012820512820512834,0.20000000000000012
0.6257668711656451,0.2665148063781322,0.0,0.0,0.02500000000000003,0.03125000000000002,0.012820512820512834,0.20000000000000012
