temp,humd,co2,voc1,voc2,no2,eth,co
0.22085889570552295,0.14806378132118464,0.04821802935010482,0.05714285714285714,0.6500000000000001,0.1406250000000001,0.5128205128205129,0.12857142857142864
0.22085889570552295,0.14692482915717575,0.033542976939203356,0.0,0.6500000000000001,0.1406250000000001,0.5128205128205129,0.12857142857142864
0.22085889570552295,0.14692482915717575,0.04612159329140461,0.05714285714285714,0.6500000000000001,0.1406250000000001,0.5128205128205129,0.12857142857142864
0.22085889570552295,0.14920273348519353,0.027253668763102725,0.0,0.6500000000000001,0.1406250000000001,0.5128205128205129,0.12857142857142864
0.22085889570552295,0.14806378132118464,0.04821802935010482,0.05714285714285714,0.6500000000000001,0.1406250000000001,0.5128205128205129,0.12857142857142864
0.22085889570552295,0.14920273348519353,0.03563941299790356,0.08571428571428572,0.6500000000000001,0.1406250000000001,0.5128205128205129,0.12857142857142864
0.22085889570552295,0.14920273348519353,0.03563941299790356,0.014285714285714285,0.6500000000000001,0.1406250000000001,0.5128205128205129,0.12857142857142864
0.22085889570552295,0.14920273348519353,0.033542976939203356,0.02857142857142857,0.6500000000000001,0.1406250000000001,0.5128205128205129,0.12857142857142864
