temp,humd,co2,voc1,voc2,no2,eth,co
0.23312883435582943,0.1423690205011386,0.0,0.11428571428571428,0.6749999999999999,0.1562500000000001,0.5256410256410258,0.11428571428571435
0.23926380368098157,0.1423690205011386,0.0,0.02857142857142857,0.6749999999999999,0.1562500000000001,0.5256410256410258,0.11428571428571435
0.23926380368098157,0.1423690205011386,0.0,0.014285714285714285,0.6749999999999999,0.1562500000000001,0.5256410256410258,0.11428571428571435
0.23926380368098157,0.1400911161731208,0.0,0.04285714285714286,0.6749999999999999,0.1562500000000001,0.5256410256410258,0.11428571428571435
0.23926380368098157,0.1412300683371297,0.0,0.0,0.6749999999999999,0.1562500000000001,0.5256410256410258,0.11428571428571435
0.23926380368098157,0.14350797266514828,0.020964360587002098,0.0,0.6624999999999999,0.1562500000000001,0.5256410256410258,0.11428571428571435
0.23926380368098157,0.1400911161731208,0.006289308176100629,0.08571428571428572,0.6749999999999999,0.1562500000000001,0.5256410256410258,0.11428571428571435
0.23926380368098157,0.1412300683371297,0.006289308176100629,0.014285714285714285,0.6624999999999999,0.1562500000000001,0.5256410256410258,0.10000000000000006
