temp,humd,co2,voc1,voc2,no2,eth,co
0.23926380368098157,0.13895216400911192,0.023060796645702306,0.08571428571428572,0.6874999999999999,0.1718750000000001,0.5384615384615385,0.11428571428571435
0.23926380368098157,0.13781321184510223,0.006289308176100629,0.07142857142857142,0.6874999999999999,0.1718750000000001,0.5512820512820514,0.11428571428571435
0.23926380368098157,0.1400911161731208,0.006289308176100629,0.014285714285714285,0.6874999999999999,0.1718750000000001,0.5512820512820514,0.11428571428571435
0.23926380368098157,0.1412300683371297,0.008385744234800839,0.0,0.6874999999999999,0.1718750000000001,0.5384615384615385,0.11428571428571435
0.23926380368098157,0.1400911161731208,0.0,0.0,0.6874999999999999,0.1718750000000001,0.5384615384615385,0.11428571428571435
0.23926380368098157,0.13895216400911192,0.0,0.014285714285714285,0.6874999999999999,0.1562500000000001,0.5384615384615385,0.11428571428571435
0.23926380368098157,0.1400911161731208,0.012578616352201259,0.0,0.6874999999999999,0.1562500000000001,0.5384615384615385,0.11428571428571435
0.23926380368098157,0.1400911161731208,0.006289308176100629,0.1,0.6874999999999999,0.1562500000000001,0.5384615384615385,0.11428571428571435
