temp,humd,co2,voc1,voc2,no2,eth,co
0.2085889570552143,0.15489749430523955,0.03563941299790356,0.05714285714285714,0.5125000000000001,0.07812500000000006,0.35897435897435903,0.07142857142857148
0.2085889570552143,0.15603644646924844,0.033542976939203356,0.1,0.5125000000000001,0.07812500000000006,0.35897435897435903,0.08571428571428577
0.2085889570552143,0.15603644646924844,0.031446540880503145,0.11428571428571428,0.5,0.07812500000000006,0.35897435897435903,0.07142857142857148
0.2085889570552143,0.15489749430523955,0.033542976939203356,0.12857142857142856,0.5125000000000001,0.06250000000000004,0.35897435897435903,0.07142857142857148
0.2085889570552143,0.15489749430523955,0.025157232704402517,0.12857142857142856,0.5125000000000001,0.06250000000000004,0.35897435897435903,0.08571428571428577
0.2085889570552143,0.15717539863325733,0.033542976939203356,0.08571428571428572,0.5,0.07812500000000006,0.35897435897435903,0.07142857142857148
0.2085889570552143,0.15489749430523955,0.0440251572327044,0.18571428571428572,0.5125000000000001,0.06250000000000004,0.35897435897435903,0.07142857142857148
0.2085889570552143,0.15489749430523955,0.018867924528301886,0.12857142857142856,0.5,0.07812500000000006,0.35897435897435903,0.07142857142857148
