temp,humd,co2,voc1,voc2,no2,eth,co
0.5950920245398779,0.28018223234624123,0.0,0.04285714285714286,0.012500000000000015,0.046875000000000035,0.012820512820512834,0.2142857142857144
0.5950920245398779,0.2813211845102509,0.0,0.08571428571428572,0.012500000000000015,0.03125000000000002,0.012820512820512834,0.2142857142857144
0.60122699386503,0.2824601366742598,0.0,0.02857142857142857,0.012500000000000015,0.03125000000000002,0.012820512820512834,0.2142857142857144
0.5950920245398779,0.2813211845102509,0.0,0.014285714285714285,0.012500000000000015,0.03125000000000002,0.012820512820512834,0.2142857142857144
0.5950920245398779,0.2813211845102509,0.0,0.08571428571428572,0.012500000000000015,0.03125000000000002,0.012820512820512834,0.2142857142857144
0.5889570552147235,0.2813211845102509,0.0,0.0,0.012500000000000015,0.03125000000000002,0.012820512820512834,0.2142857142857144
0.5889570552147235,0.2813211845102509,0.0,0.05714285714285714,0.012500000000000015,0.046875000000000035,0.012820512820512834,0.2142857142857144
0.5828220858895714,0.2813211845102509,0.0,0.04285714285714286,0.012500000000000015,0.03125000000000002,0.012820512820512834,0.2142857142857144
