temp,humd,co2,voc1,voc2,no2,eth,co
0.22085889570552295,0.1503416856492024,0.016771488469601678,0.014285714285714285,0.5375000000000001,0.07812500000000006,0.3846153846153846,0.07142857142857148
0.22085889570552295,0.15261958997722097,0.006289308176100629,0.02857142857142857,0.5375000000000001,0.09375000000000007,0.3846153846153846,0.07142857142857148
0.22085889570552295,0.15261958997722097,0.0,0.02857142857142857,0.5375000000000001,0.09375000000000007,0.3846153846153846,0.08571428571428577
0.22085889570552295,0.15261958997722097,0.0,0.04285714285714286,0.525,0.09375000000000007,0.3846153846153846,0.07142857142857148
0.22085889570552295,0.1514806378132121,0.0,0.0,0.525,0.07812500000000006,0.3846153846153846,0.08571428571428577
0.21472392638036863,0.1514806378132121,0.006289308176100629,0.014285714285714285,0.525,0.07812500000000006,0.3846153846153846,0.07142857142857148
0.22085889570552295,0.15375854214122986,0.006289308176100629,0.04285714285714286,0.525,0.07812500000000006,0.3846153846153846,0.07142857142857148
0.22085889570552295,0.15375854214122986,0.014675052410901468,0.11428571428571428,0.525,0.07812500000000006,0.3846153846153846,0.08571428571428577
