temp,humd,co2,voc1,voc2,no2,eth,co
0.2085889570552143,0.15261958997722097,0.018867924528301886,0.1,0.5125000000000001,0.07812500000000006,0.37179487179487186,0.07142857142857148
0.2085889570552143,0.15261958997722097,0.0,0.1,0.5125000000000001,0.07812500000000006,0.37179487179487186,0.07142857142857148
0.2085889570552143,0.1514806378132121,0.020964360587002098,0.1,0.5125000000000001,0.07812500000000006,0.37179487179487186,0.08571428571428577
0.20245398773006215,0.1514806378132121,0.012578616352201259,0.014285714285714285,0.5125000000000001,0.07812500000000006,0.37179487179487186,0.07142857142857148
0.2085889570552143,0.1514806378132121,0.006289308176100629,0.08571428571428572,0.5125000000000001,0.07812500000000006,0.37179487179487186,0.07142857142857148
0.2085889570552143,0.15489749430523955,0.0020964360587002098,0.07142857142857142,0.5125000000000001,0.07812500000000006,0.37179487179487186,0.07142857142857148
0.20245398773006215,0.1514806378132121,0.0,0.05714285714285714,0.5125000000000001,0.07812500000000006,0.35897435897435903,0.07142857142857148
0.2085889570552143,0.1514806378132121,0.012578616352201259,0.0,0.5125000000000001,0.07812500000000006,0.37179487179487186,0.07142857142857148
