temp,humd,co2,voc1,voc2,no2,eth,co
0.5889570552147235,0.2835990888382687,0.0,0.05714285714285714,0.012500000000000015,0.03125000000000002,0.012820512820512834,0.2142857142857144
0.5889570552147235,0.2835990888382687,0.0,0.04285714285714286,0.012500000000000015,0.03125000000000002,0.012820512820512834,0.2142857142857144
0.5950920245398779,0.2824601366742598,0.0,0.11428571428571428,0.012500000000000015,0.03125000000000002,0.012820512820512834,0.2142857142857144
0.5950920245398779,0.2824601366742598,0.0,0.014285714285714285,0.012500000000000015,0.03125000000000002,0.012820512820512834,0.2142857142857144
0.5889570552147235,0.2835990888382687,0.0,0.014285714285714285,0.012500000000000015,0.03125000000000002,0.012820512820512834,0.20000000000000012
0.5828220858895714,0.2835990888382687,0.0,0.04285714285714286,0.012500000000000015,0.03125000000000002,0.012820512820512834,0.2142857142857144
0.5889570552147235,0.2835990888382687,0.0,0.0,0.012500000000000015,0.03125000000000002,0.012820512820512834,0.2142857142857144
0.5828220858895714,0.2835990888382687,0.0,0.0,0.012500000000000015,0.03125000000000002,0.012820512820512834,0.2142857142857144
