temp,humd,co2,voc1,voc2,no2,eth,co
0.21472392638036863,0.15375854214122986,0.0020964360587002098,0.014285714285714285,0.4875,0.06250000000000004,0.33333333333333337,0.07142857142857148
0.21472392638036863,0.15375854214122986,0.0,0.0,0.4875,0.06250000000000004,0.33333333333333337,0.07142857142857148
0.21472392638036863,0.15261958997722097,0.012578616352201259,0.05714285714285714,0.4875,0.06250000000000004,0.33333333333333337,0.07142857142857148
0.21472392638036863,0.15375854214122986,0.0,0.05714285714285714,0.4875,0.06250000000000004,0.33333333333333337,0.07142857142857148
0.21472392638036863,0.15375854214122986,0.008385744234800839,0.0,0.4875,0.06250000000000004,0.33333333333333337,0.07142857142857148
0.21472392638036863,0.15489749430523955,0.008385744234800839,0.08571428571428572,0.4875,0.06250000000000004,0.33333333333333337,0.07142857142857148
0.21472392638036863,0.15375854214122986,0.008385744234800839,0.014285714285714285,0.4875,0.06250000000000004,0.33333333333333337,0.07142857142857148
0.21472392638036863,0.15375854214122986,0.020964360587002098,0.02857142857142857,0.4875,0.06250000000000004,0.33333333333333337,0.07142857142857148
