temp,humd,co2,voc1,voc2,no2,eth,co
0.5766871165644171,0.28815489749430506,0.0,0.05714285714285714,0.012500000000000015,0.03125000000000002,0.012820512820512834,0.20000000000000012
0.5766871165644171,0.28929384965831473,0.0,0.0,0.012500000000000015,0.03125000000000002,0.012820512820512834,0.2142857142857144
0.5766871165644171,0.28929384965831473,0.0,0.1,0.012500000000000015,0.03125000000000002,0.012820512820512834,0.20000000000000012
0.5766871165644171,0.28815489749430506,0.0,0.014285714285714285,0.012500000000000015,0.03125000000000002,0.012820512820512834,0.2142857142857144
0.5766871165644171,0.2904328018223236,0.0,0.02857142857142857,0.012500000000000015,0.03125000000000002,0.012820512820512834,0.20000000000000012
0.5766871165644171,0.2858769931662873,0.0,0.02857142857142857,0.0,0.03125000000000002,0.012820512820512834,0.20000000000000012
0.5766871165644171,0.28815489749430506,0.0,0.0,0.012500000000000015,0.03125000000000002,0.012820512820512834,0.20000000000000012
0.5766871165644171,0.28929384965831473,0.0,0.11428571428571428,0.012500000000000015,0.03125000000000002,0.012820512820512834,0.20000000000000012
