temp,humd,co2,voc1,voc2,no2,eth,co
0.2269938650306751,0.17539863325740354,0.0020964360587002098,0.014285714285714285,0.6250000000000001,0.12500000000000008,0.4743589743589744,0.12857142857142864
0.2269938650306751,0.17425968109339385,0.0,0.0,0.6250000000000001,0.12500000000000008,0.4743589743589744,0.12857142857142864
0.2269938650306751,0.17312072892938496,0.025157232704402517,0.07142857142857142,0.6250000000000001,0.12500000000000008,0.4743589743589744,0.12857142857142864
0.2269938650306751,0.17425968109339385,0.008385744234800839,0.0,0.6250000000000001,0.12500000000000008,0.4743589743589744,0.12857142857142864
0.2269938650306751,0.17425968109339385,0.008385744234800839,0.04285714285714286,0.6250000000000001,0.12500000000000008,0.4743589743589744,0.12857142857142864
0.2269938650306751,0.17312072892938496,0.012578616352201259,0.0,0.6250000000000001,0.12500000000000008,0.4743589743589744,0.12857142857142864
0.2269938650306751,0.17084282460136638,0.012578616352201259,0.0,0.6250000000000001,0.12500000000000008,0.4743589743589744,0.12857142857142864
0.2269938650306751,0.17198177676537607,0.016771488469601678,0.014285714285714285,0.6250000000000001,0.12500000000000008,0.4743589743589744,0.12857142857142864
