temp,humd,co2,voc1,voc2,no2,eth,co
0.23312883435582943,0.16514806378132116,0.0649895178197065,0.02857142857142857,0.6375000000000002,0.1406250000000001,0.5000000000000001,0.17142857142857154
0.23312883435582943,0.16628701594533005,0.0859538784067086,0.07142857142857142,0.6375000000000002,0.1406250000000001,0.5000000000000001,0.17142857142857154
0.2269938650306751,0.16628701594533005,0.0859538784067086,0.014285714285714285,0.6375000000000002,0.1406250000000001,0.5000000000000001,0.17142857142857154
0.2269938650306751,0.16742596810933974,0.09014675052410902,0.07142857142857142,0.6375000000000002,0.1406250000000001,0.5000000000000001,0.17142857142857154
0.2269938650306751,0.16742596810933974,0.08385744234800839,0.04285714285714286,0.6375000000000002,0.1406250000000001,0.5000000000000001,0.18571428571428583
0.2269938650306751,0.1697038724373575,0.0859538784067086,0.05714285714285714,0.6375000000000002,0.1406250000000001,0.5000000000000001,0.18571428571428583
0.2269938650306751,0.17084282460136638,0.0649895178197065,0.02857142857142857,0.6375000000000002,0.1406250000000001,0.5000000000000001,0.18571428571428583
0.2269938650306751,0.17198177676537607,0.06918238993710692,0.0,0.6375000000000002,0.1406250000000001,0.5000000000000001,0.18571428571428583
