temp,humd,co2,voc1,voc2,no2,eth,co
0.2085889570552143,0.15603644646924844,0.0020964360587002098,0.08571428571428572,0.44999999999999996,0.046875000000000035,0.3076923076923077,0.07142857142857148
0.21472392638036863,0.15489749430523955,0.0,0.07142857142857142,0.44999999999999996,0.046875000000000035,0.3076923076923077,0.07142857142857148
0.21472392638036863,0.15717539863325733,0.0020964360587002098,0.02857142857142857,0.44999999999999996,0.046875000000000035,0.3076923076923077,0.07142857142857148
0.2085889570552143,0.15717539863325733,0.018867924528301886,0.04285714285714286,0.44999999999999996,0.046875000000000035,0.3076923076923077,0.07142857142857148
0.2085889570552143,0.15489749430523955,0.0,0.05714285714285714,0.44999999999999996,0.046875000000000035,0.3076923076923077,0.07142857142857148
0.2085889570552143,0.15489749430523955,0.0,0.02857142857142857,0.44999999999999996,0.046875000000000035,0.3076923076923077,0.07142857142857148
0.2085889570552143,0.15603644646924844,0.0041928721174004195,0.0,0.44999999999999996,0.046875000000000035,0.3076923076923077,0.07142857142857148
0.2085889570552143,0.15603644646924844,0.0020964360587002098,0.05714285714285714,0.44999999999999996,0.046875000000000035,0.2948717948717949,0.07142857142857148
