temp,humd,co2,voc1,voc2,no2,eth,co
0.2269938650306751,0.17767653758542132,0.0,0.0,0.6250000000000001,0.1406250000000001,0.4871794871794872,0.14285714285714296
0.2269938650306751,0.17653758542141243,0.0,0.02857142857142857,0.6250000000000001,0.1406250000000001,0.4871794871794872,0.14285714285714296
0.23312883435582943,0.17767653758542132,0.023060796645702306,0.14285714285714285,0.6250000000000001,0.1406250000000001,0.4871794871794872,0.14285714285714296
0.2269938650306751,0.17653758542141243,0.010482180293501049,0.02857142857142857,0.6250000000000001,0.12500000000000008,0.4871794871794872,0.14285714285714296
0.2269938650306751,0.17653758542141243,0.008385744234800839,0.0,0.6250000000000001,0.1406250000000001,0.4871794871794872,0.14285714285714296
0.2269938650306751,0.17653758542141243,0.010482180293501049,0.05714285714285714,0.6250000000000001,0.12500000000000008,0.4871794871794872,0.14285714285714296
0.2269938650306751,0.17653758542141243,0.012578616352201259,0.05714285714285714,0.6250000000000001,0.1406250000000001,0.4871794871794872,0.12857142857142864
0.2269938650306751,0.17312072892938496,0.0,0.014285714285714285,0.6250000000000001,0.12500000000000008,0.4743589743589744,0.12857142857142864
