temp,humd,co2,voc1,voc2,no2,eth,co
0.21472392638036863,0.15375854214122986,0.018867924528301886,0.07142857142857142,0.475,0.046875000000000035,0.33333333333333337,0.07142857142857148
0.21472392638036863,0.15375854214122986,0.0020964360587002098,0.05714285714285714,0.4875,0.06250000000000004,0.33333333333333337,0.07142857142857148
0.2085889570552143,0.15375854214122986,0.014675052410901468,0.04285714285714286,0.4875,0.046875000000000035,0.33333333333333337,0.07142857142857148
0.21472392638036863,0.15261958997722097,0.0,0.02857142857142857,0.475,0.046875000000000035,0.33333333333333337,0.07142857142857148
0.21472392638036863,0.15375854214122986,0.010482180293501049,0.02857142857142857,0.475,0.046875000000000035,0.33333333333333337,0.07142857142857148
0.2085889570552143,0.15375854214122986,0.010482180293501049,0.02857142857142857,0.475,0.06250000000000004,0.33333333333333337,0.07142857142857148
0.21472392638036863,0.15261958997722097,0.014675052410901468,0.014285714285714285,0.475,0.06250000000000004,0.33333333333333337,0.07142857142857148
0.21472392638036863,0.15375854214122986,0.0041928721174004195,0.04285714285714286,0.475,0.06250000000000004,0.33333333333333337,0.07142857142857148
