temp,humd,co2,voc1,voc2,no2,eth,co
0.22085889570552295,0.1594533029612759,0.023060796645702306,0.05714285714285714,0.6000000000000001,0.10937500000000007,0.44871794871794873,0.10000000000000006
0.2269938650306751,0.15831435079726622,0.03563941299790356,0.11428571428571428,0.6000000000000001,0.10937500000000007,0.44871794871794873,0.10000000000000006
0.2269938650306751,0.1605922551252848,0.029350104821802937,0.1,0.6000000000000001,0.10937500000000007,0.44871794871794873,0.10000000000000006
0.22085889570552295,0.1605922551252848,0.023060796645702306,0.02857142857142857,0.6000000000000001,0.10937500000000007,0.44871794871794873,0.10000000000000006
0.22085889570552295,0.1605922551252848,0.020964360587002098,0.1,0.6000000000000001,0.12500000000000008,0.44871794871794873,0.10000000000000006
0.22085889570552295,0.1605922551252848,0.025157232704402517,0.08571428571428572,0.6000000000000001,0.10937500000000007,0.44871794871794873,0.10000000000000006
0.22085889570552295,0.1617312072892937,0.020964360587002098,0.1,0.6000000000000001,0.10937500000000007,0.44871794871794873,0.10000000000000006
0.22085889570552295,0.1617312072892937,0.0020964360587002098,0.04285714285714286,0.6000000000000001,0.12500000000000008,0.44871794871794873,0.10000000000000006
