temp,humd,co2,voc1,voc2,no2,eth,co
0.2085889570552143,0.15375854214122986,0.031446540880503145,0.0,0.5125000000000001,0.07812500000000006,0.35897435897435903,0.07142857142857148
0.21472392638036863,0.15603644646924844,0.023060796645702306,0.04285714285714286,0.5125000000000001,0.07812500000000006,0.35897435897435903,0.08571428571428577
0.21472392638036863,0.15375854214122986,0.025157232704402517,0.014285714285714285,0.5125000000000001,0.07812500000000006,0.35897435897435903,0.08571428571428577
0.2085889570552143,0.15489749430523955,0.025157232704402517,0.1,0.5125000000000001,0.07812500000000006,0.35897435897435903,0.07142857142857148
0.2085889570552143,0.15603644646924844,0.016771488469601678,0.07142857142857142,0.5125000000000001,0.07812500000000006,0.35897435897435903,0.08571428571428577
0.21472392638036863,0.15489749430523955,0.025157232704402517,0.05714285714285714,0.5125000000000001,0.07812500000000006,0.35897435897435903,0.08571428571428577
0.21472392638036863,0.15489749430523955,0.025157232704402517,0.07142857142857142,0.5125000000000001,0.07812500000000006,0.35897435897435903,0.07142857142857148
0.2085889570552143,0.15489749430523955,0.020964360587002098,0.02857142857142857,0.5125000000000001,0.07812500000000006,0.35897435897435903,0.07142857142857148
