temp,humd,co2,voc1,voc2,no2,eth,co
0.23926380368098157,0.13895216400911192,0.0020964360587002098,0.014285714285714285,0.7,0.18750000000000014,0.5641025641025642,0.11428571428571435
0.24539877300613588,0.1400911161731208,0.006289308176100629,0.02857142857142857,0.7124999999999999,0.18750000000000014,0.5641025641025642,0.11428571428571435
0.23926380368098157,0.1400911161731208,0.0020964360587002098,0.04285714285714286,0.7,0.18750000000000014,0.5641025641025642,0.11428571428571435
0.23926380368098157,0.13895216400911192,0.016771488469601678,0.11428571428571428,0.7,0.18750000000000014,0.5641025641025642,0.11428571428571435
0.23926380368098157,0.1400911161731208,0.023060796645702306,0.12857142857142856,0.7,0.1718750000000001,0.5641025641025642,0.11428571428571435
0.23926380368098157,0.13895216400911192,0.0020964360587002098,0.04285714285714286,0.7,0.18750000000000014,0.5641025641025642,0.11428571428571435
0.23926380368098157,0.13895216400911192,0.010482180293501049,0.12857142857142856,0.7,0.1718750000000001,0.5641025641025642,0.11428571428571435
0.23926380368098157,0.13781321184510223,0.025157232704402517,0.12857142857142856,0.7,0.1718750000000001,0.5641025641025642,0.11428571428571435
