temp,humd,co2,voc1,voc2,no2,eth,co
0.2269938650306751,0.15603644646924844,0.025157232704402517,0.014285714285714285,0.5750000000000001,0.10937500000000007,0.4230769230769231,0.08571428571428577
0.2269938650306751,0.15489749430523955,0.010482180293501049,0.0,0.5750000000000001,0.10937500000000007,0.4230769230769231,0.08571428571428577
0.2269938650306751,0.15717539863325733,0.012578616352201259,0.0,0.5750000000000001,0.10937500000000007,0.4230769230769231,0.08571428571428577
0.2269938650306751,0.15603644646924844,0.008385744234800839,0.07142857142857142,0.5750000000000001,0.10937500000000007,0.4230769230769231,0.10000000000000006
0.2269938650306751,0.15489749430523955,0.012578616352201259,0.014285714285714285,0.5750000000000001,0.10937500000000007,0.4230769230769231,0.08571428571428577
0.22085889570552295,0.15375854214122986,0.006289308176100629,0.0,0.5750000000000001,0.09375000000000007,0.4230769230769231,0.08571428571428577
0.2269938650306751,0.15375854214122986,0.014675052410901468,0.0,0.5750000000000001,0.09375000000000007,0.4230769230769231,0.08571428571428577
0.22085889570552295,0.15489749430523955,0.018867924528301886,0.08571428571428572,0.5750000000000001,0.09375000000000007,0.4230769230769231,0.08571428571428577
