temp,humd,co2,voc1,voc2,no2,eth,co
0.2085889570552143,0.15717539863325733,0.0,0.0,0.44999999999999996,0.046875000000000035,0.2948717948717949,0.07142857142857148
0.2085889570552143,0.15603644646924844,0.0,0.0,0.44999999999999996,0.046875000000000035,0.3076923076923077,0.07142857142857148
0.2085889570552143,0.15489749430523955,0.012578616352201259,0.14285714285714285,0.44999999999999996,0.046875000000000035,0.2948717948717949,0.07142857142857148
0.20245398773006215,0.15603644646924844,0.0,0.08571428571428572,0.44999999999999996,0.046875000000000035,0.3076923076923077,0.07142857142857148
0.2085889570552143,0.15831435079726622,0.0,0.11428571428571428,0.44999999999999996,0.046875000000000035,0.2948717948717949,0.07142857142857148
0.2085889570552143,0.15717539863325733,0.0,0.08571428571428572,0.44999999999999996,0.046875000000000035,0.3076923076923077,0.07142857142857148
0.20245398773006215,0.15603644646924844,0.006289308176100629,0.12857142857142856,0.44999999999999996,0.046875000000000035,0.2948717948717949,0.07142857142857148
0.20245398773006215,0.15603644646924844,0.0,0.11428571428571428,0.44999999999999996,0.046875000000000035,0.2948717948717949,0.07142857142857148
