temp,humd,co2,voc1,voc2,no2,eth,co
0.21472392638036863,0.15261958997722097,0.020964360587002098,0.0,0.525,0.07812500000000006,0.3846153846153846,0.08571428571428577
0.21472392638036863,0.15261958997722097,0.008385744234800839,0.02857142857142857,0.525,0.07812500000000006,0.3846153846153846,0.07142857142857148
0.21472392638036863,0.15261958997722097,0.0,0.02857142857142857,0.525,0.07812500000000006,0.3846153846153846,0.08571428571428577
0.21472392638036863,0.1514806378132121,0.014675052410901468,0.07142857142857142,0.525,0.07812500000000006,0.3846153846153846,0.08571428571428577
0.22085889570552295,0.1514806378132121,0.012578616352201259,0.04285714285714286,0.525,0.07812500000000006,0.3846153846153846,0.08571428571428577
0.22085889570552295,0.1514806378132121,0.025157232704402517,0.0,0.525,0.07812500000000006,0.3846153846153846,0.08571428571428577
0.22085889570552295,0.1514806378132121,0.0,0.02857142857142857,0.525,0.07812500000000006,0.37179487179487186,0.07142857142857148
0.21472392638036863,0.1514806378132121,0.023060796645702306,0.02857142857142857,0.525,0.07812500000000006,0.3846153846153846,0.08571428571428577
