temp,humd,co2,voc1,voc2,no2,eth,co
0.22085889570552295,0.1514806378132121,0.008385744234800839,0.0,0.5375000000000001,0.09375000000000007,0.3974358974358974,0.07142857142857148
0.22085889570552295,0.1503416856492024,0.0041928721174004195,0.02857142857142857,0.5375000000000001,0.09375000000000007,0.3974358974358974,0.07142857142857148
0.22085889570552295,0.1514806378132121,0.029350104821802937,0.04285714285714286,0.5375000000000001,0.09375000000000007,0.3846153846153846,0.08571428571428577
0.22085889570552295,0.1514806378132121,0.025157232704402517,0.04285714285714286,0.5375000000000001,0.09375000000000007,0.3974358974358974,0.07142857142857148
0.22085889570552295,0.15261958997722097,0.031446540880503145,0.1,0.5375000000000001,0.09375000000000007,0.3846153846153846,0.08571428571428577
0.2269938650306751,0.1514806378132121,0.020964360587002098,0.08571428571428572,0.5375000000000001,0.07812500000000006,0.3846153846153846,0.08571428571428577
0.2269938650306751,0.15261958997722097,0.012578616352201259,0.04285714285714286,0.5375000000000001,0.07812500000000006,0.3974358974358974,0.07142857142857148
0.2269938650306751,0.1514806378132121,0.029350104821802937,0.0,0.5375000000000001,0.09375000000000007,0.3846153846153846,0.08571428571428577
