temp,humd,co2,voc1,voc2,no2,eth,co
0.22085889570552295,0.1423690205011386,0.033542976939203356,0.0,0.6624999999999999,0.1406250000000001,0.5128205128205129,0.11428571428571435
0.2269938650306751,0.1423690205011386,0.03773584905660377,0.11428571428571428,0.6500000000000001,0.1562500000000001,0.5128205128205129,0.12857142857142864
0.22085889570552295,0.14464692482915717,0.041928721174004195,0.1,0.6500000000000001,0.1406250000000001,0.5128205128205129,0.12857142857142864
0.22085889570552295,0.14350797266514828,0.03773584905660377,0.04285714285714286,0.6500000000000001,0.1406250000000001,0.5128205128205129,0.12857142857142864
0.2269938650306751,0.14464692482915717,0.04821802935010482,0.05714285714285714,0.6500000000000001,0.1406250000000001,0.5128205128205129,0.12857142857142864
0.22085889570552295,0.14692482915717575,0.05870020964360587,0.04285714285714286,0.6500000000000001,0.1562500000000001,0.5128205128205129,0.12857142857142864
0.22085889570552295,0.14692482915717575,0.050314465408805034,0.02857142857142857,0.6500000000000001,0.1406250000000001,0.5128205128205129,0.12857142857142864
0.22085889570552295,0.14464692482915717,0.041928721174004195,0.07142857142857142,0.6500000000000001,0.1406250000000001,0.5128205128205129,0.12857142857142864
