temp,humd,co2,voc1,voc2,no2,eth,co
0.2085889570552143,0.15261958997722097,0.0020964360587002098,0.014285714285714285,0.46249999999999997,0.046875000000000035,0.3076923076923077,0.07142857142857148
0.2085889570552143,0.15375854214122986,0.0041928721174004195,0.08571428571428572,0.44999999999999996,0.046875000000000035,0.3076923076923077,0.07142857142857148
0.2085889570552143,0.15375854214122986,0.0,0.02857142857142857,0.46249999999999997,0.046875000000000035,0.3076923076923077,0.07142857142857148
0.2085889570552143,0.15489749430523955,0.0,0.08571428571428572,0.44999999999999996,0.046875000000000035,0.3076923076923077,0.07142857142857148
0.2085889570552143,0.15375854214122986,0.008385744234800839,0.07142857142857142,0.46249999999999997,0.046875000000000035,0.3076923076923077,0.07142857142857148
0.2085889570552143,0.15375854214122986,0.0041928721174004195,0.1,0.46249999999999997,0.046875000000000035,0.3076923076923077,0.07142857142857148
0.21472392638036863,0.15261958997722097,0.018867924528301886,0.014285714285714285,0.44999999999999996,0.046875000000000035,0.3076923076923077,0.07142857142857148
0.2085889570552143,0.15261958997722097,0.0,0.08571428571428572,0.44999999999999996,0.046875000000000035,0.3076923076923077,0.07142857142857148
