temp,humd,co2,voc1,voc2,no2,eth,co
0.2269938650306751,0.15603644646924844,0.07127882599580712,0.1,0.6500000000000001,0.1406250000000001,0.5000000000000001,0.14285714285714296
0.22085889570552295,0.15375854214122986,0.05450733752620545,0.04285714285714286,0.6500000000000001,0.1406250000000001,0.5000000000000001,0.14285714285714296
0.22085889570552295,0.15603644646924844,0.0649895178197065,0.04285714285714286,0.6375000000000002,0.1406250000000001,0.5000000000000001,0.14285714285714296
0.2269938650306751,0.15831435079726622,0.06708595387840671,0.11428571428571428,0.6375000000000002,0.1406250000000001,0.5000000000000001,0.14285714285714296
0.2269938650306751,0.15831435079726622,0.04612159329140461,0.02857142857142857,0.6375000000000002,0.1406250000000001,0.5000000000000001,0.15714285714285725
0.2269938650306751,0.1594533029612759,0.06079664570230608,0.07142857142857142,0.6375000000000002,0.1406250000000001,0.5000000000000001,0.15714285714285725
0.2269938650306751,0.1594533029612759,0.0649895178197065,0.05714285714285714,0.6375000000000002,0.1406250000000001,0.5000000000000001,0.15714285714285725
0.2269938650306751,0.1617312072892937,0.06079664570230608,0.05714285714285714,0.6375000000000002,0.1406250000000001,0.5000000000000001,0.15714285714285725
