temp,humd,co2,voc1,voc2,no2,eth,co
0.2269938650306751,0.1685649202733486,0.010482180293501049,0.1,0.6125000000000002,0.12500000000000008,0.4743589743589744,0.11428571428571435
0.2269938650306751,0.16742596810933974,0.014675052410901468,0.08571428571428572,0.6250000000000001,0.12500000000000008,0.4743589743589744,0.11428571428571435
0.2269938650306751,0.16742596810933974,0.008385744234800839,0.11428571428571428,0.6125000000000002,0.12500000000000008,0.4743589743589744,0.11428571428571435
0.22085889570552295,0.16628701594533005,0.006289308176100629,0.02857142857142857,0.6125000000000002,0.12500000000000008,0.4743589743589744,0.11428571428571435
0.2269938650306751,0.16514806378132116,0.014675052410901468,0.04285714285714286,0.6125000000000002,0.12500000000000008,0.4743589743589744,0.11428571428571435
0.2269938650306751,0.16742596810933974,0.008385744234800839,0.0,0.6125000000000002,0.12500000000000008,0.4743589743589744,0.11428571428571435
0.22085889570552295,0.16628701594533005,0.025157232704402517,0.04285714285714286,0.6125000000000002,0.12500000000000008,0.4743589743589744,0.11428571428571435
0.22085889570552295,0.16628701594533005,0.016771488469601678,0.07142857142857142,0.6125000000000002,0.12500000000000008,0.4743589743589744,0.11428571428571435
