temp,humd,co2,voc1,voc2,no2,eth,co
0.22085889570552295,0.1594533029612759,0.023060796645702306,0.07142857142857142,0.5875000000000001,0.10937500000000007,0.4358974358974359,0.10000000000000006
0.2269938650306751,0.1617312072892937,0.020964360587002098,0.11428571428571428,0.5875000000000001,0.10937500000000007,0.4358974358974359,0.10000000000000006
0.2269938650306751,0.1594533029612759,0.0,0.05714285714285714,0.5875000000000001,0.10937500000000007,0.4358974358974359,0.10000000000000006
0.2269938650306751,0.1605922551252848,0.014675052410901468,0.014285714285714285,0.5875000000000001,0.10937500000000007,0.4358974358974359,0.10000000000000006
0.23312883435582943,0.1617312072892937,0.010482180293501049,0.05714285714285714,0.5875000000000001,0.10937500000000007,0.4358974358974359,0.10000000000000006
0.2269938650306751,0.15831435079726622,0.0041928721174004195,0.0,0.5875000000000001,0.10937500000000007,0.4358974358974359,0.10000000000000006
0.2269938650306751,0.1594533029612759,0.0,0.0,0.5875000000000001,0.10937500000000007,0.4358974358974359,0.10000000000000006
0.2269938650306751,0.15831435079726622,0.012578616352201259,0.07142857142857142,0.5875000000000001,0.10937500000000007,0.4358974358974359,0.10000000000000006
