temp,humd,co2,voc1,voc2,no2,eth,co
0.22085889570552295,0.1605922551252848,0.016771488469601678,0.22857142857142856,0.6000000000000001,0.10937500000000007,0.44871794871794873,0.10000000000000006
0.2269938650306751,0.16287015945330258,0.020964360587002098,0.1,0.5875000000000001,0.10937500000000007,0.44871794871794873,0.10000000000000006
0.22085889570552295,0.1605922551252848,0.014675052410901468,0.1,0.6000000000000001,0.10937500000000007,0.44871794871794873,0.10000000000000006
0.22085889570552295,0.1617312072892937,0.012578616352201259,0.05714285714285714,0.6000000000000001,0.10937500000000007,0.44871794871794873,0.10000000000000006
0.22085889570552295,0.1605922551252848,0.012578616352201259,0.05714285714285714,0.6000000000000001,0.10937500000000007,0.44871794871794873,0.10000000000000006
0.22085889570552295,0.1617312072892937,0.008385744234800839,0.11428571428571428,0.6000000000000001,0.10937500000000007,0.44871794871794873,0.10000000000000006
0.2269938650306751,0.1617312072892937,0.010482180293501049,0.1,0.5875000000000001,0.10937500000000007,0.44871794871794873,0.10000000000000006
0.22085889570552295,0.1617312072892937,0.025157232704402517,0.11428571428571428,0.6000000000000001,0.10937500000000007,0.44871794871794873,0.10000000000000006
