temp,humd,co2,voc1,voc2,no2,eth,co
0.6073619631901843,0.34282460136674286,0.0,0.11428571428571428,0.0,0.03125000000000002,0.012820512820512834,0.2571428571428573
0.60122699386503,0.34396355353075175,0.0,0.07142857142857142,0.0,0.03125000000000002,0.012820512820512834,0.2571428571428573
0.60122699386503,0.34396355353075175,0.0,0.07142857142857142,0.0,0.03125000000000002,0.012820512820512834,0.2571428571428573
0.60122699386503,0.3405466970387243,0.0,0.05714285714285714,0.0,0.03125000000000002,0.012820512820512834,0.2571428571428573
0.60122699386503,0.3416856492027332,0.0,0.12857142857142856,0.0,0.03125000000000002,0.012820512820512834,0.24285714285714302
0.60122699386503,0.3405466970387243,0.0,0.04285714285714286,0.0,0.03125000000000002,0.012820512820512834,0.24285714285714302
0.5950920245398779,0.3416856492027332,0.0,0.15714285714285714,0.0,0.03125000000000002,0.012820512820512834,0.24285714285714302
0.60122699386503,0.3416856492027332,0.0,0.14285714285714285,0.0,0.03125000000000002,0.012820512820512834,0.24285714285714302
