temp,humd,co2,voc1,voc2,no2,eth,co
0.8650306748466245,0.2562642369020498,0.0,0.11428571428571428,0.12499999999999986,0.01562500000000001,0.07692307692307686,0.18571428571428583
0.8650306748466245,0.253986332574032,0.0,0.17142857142857143,0.12499999999999986,0.01562500000000001,0.07692307692307686,0.18571428571428583
0.8650306748466245,0.25284738041002314,0.0,0.15714285714285714,0.12499999999999986,0.01562500000000001,0.07692307692307686,0.18571428571428583
0.8588957055214723,0.25284738041002314,0.0,0.17142857142857143,0.12499999999999986,0.01562500000000001,0.07692307692307686,0.18571428571428583
0.8650306748466245,0.2517084282460134,0.0,0.1,0.12499999999999986,0.01562500000000001,0.07692307692307686,0.18571428571428583
0.8650306748466245,0.24943052391799567,0.0,0.07142857142857142,0.12499999999999986,0.01562500000000001,0.07692307692307686,0.18571428571428583
0.8650306748466245,0.24715261958997709,0.0,0.08571428571428572,0.12499999999999986,0.01562500000000001,0.07692307692307686,0.18571428571428583
0.8650306748466245,0.24715261958997709,0.0,0.1,0.12499999999999986,0.01562500000000001,0.07692307692307686,0.18571428571428583
