temp,humd,co2,voc1,voc2,no2,eth,co
0.852760736196318,0.28929384965831473,0.7840670859538784,0.8,0.13749999999999987,0.03125000000000002,0.07692307692307686,0.5428571428571429
0.852760736196318,0.2915717539863325,0.7337526205450734,0.8142857142857143,0.12499999999999986,0.03125000000000002,0.07692307692307686,0.5285714285714286
0.8466257668711659,0.2904328018223236,0.6582809224318659,0.8142857142857143,0.12499999999999986,0.03125000000000002,0.07692307692307686,0.5142857142857143
0.8466257668711659,0.2927107061503414,0.5974842767295597,0.7,0.12499999999999986,0.01562500000000001,0.07692307692307686,0.5
0.8466257668711659,0.2904328018223236,0.5345911949685535,0.8,0.12499999999999986,0.01562500000000001,0.07692307692307686,0.4857142857142857
0.8466257668711659,0.2904328018223236,0.480083857442348,0.8285714285714286,0.12499999999999986,0.01562500000000001,0.07692307692307686,0.4714285714285714
0.8404907975460115,0.28929384965831473,0.429769392033543,0.7857142857142857,0.12499999999999986,0.01562500000000001,0.07692307692307686,0.45714285714285713
0.8466257668711659,0.2904328018223236,0.3752620545073375,0.7,0.12499999999999986,0.01562500000000001,0.07692307692307686,0.44285714285714284
