temp,humd,co2,voc1,voc2,no2,eth,co
0.6871165644171775,0.2915717539863325,0.0,0.2857142857142857,0.14999999999999988,0.01562500000000001,0.07692307692307686,0.20000000000000012
0.6932515337423317,0.2927107061503414,0.0,0.2857142857142857,0.13749999999999987,0.01562500000000001,0.07692307692307686,0.20000000000000012
0.6932515337423317,0.2927107061503414,0.018867924528301886,0.24285714285714285,0.14999999999999988,0.01562500000000001,0.07692307692307686,0.20000000000000012
0.6932515337423317,0.2904328018223236,0.0041928721174004195,0.17142857142857143,0.14999999999999988,0.01562500000000001,0.07692307692307686,0.20000000000000012
0.699386503067484,0.28929384965831473,0.033542976939203356,0.22857142857142856,0.14999999999999988,0.01562500000000001,0.07692307692307686,0.20000000000000012
0.699386503067484,0.28929384965831473,0.041928721174004195,0.21428571428571427,0.14999999999999988,0.01562500000000001,0.08974358974358969,0.20000000000000012
0.699386503067484,0.2858769931662873,0.0440251572327044,0.2714285714285714,0.14999999999999988,0.01562500000000001,0.07692307692307686,0.20000000000000012
0.699386503067484,0.28473804100227756,0.03563941299790356,0.2714285714285714,0.14999999999999988,0.01562500000000001,0.08974358974358969,0.20000000000000012
