temp,humd,co2,voc1,voc2,no2,eth,co
0.8466257668711659,0.30410022779043266,0.09014675052410902,0.4714285714285714,0.13749999999999987,0.01562500000000001,0.07692307692307686,0.3142857142857145
0.8466257668711659,0.3018223234624149,0.08385744234800839,0.5714285714285714,0.13749999999999987,0.01562500000000001,0.07692307692307686,0.3000000000000002
0.8466257668711659,0.29954441913439633,0.07127882599580712,0.4714285714285714,0.13749999999999987,0.03125000000000002,0.07692307692307686,0.3000000000000002
0.852760736196318,0.29954441913439633,0.04612159329140461,0.44285714285714284,0.13749999999999987,0.03125000000000002,0.07692307692307686,0.3000000000000002
0.852760736196318,0.29840546697038745,0.050314465408805034,0.42857142857142855,0.13749999999999987,0.01562500000000001,0.07692307692307686,0.2857142857142859
0.852760736196318,0.29840546697038745,0.014675052410901468,0.38571428571428573,0.13749999999999987,0.01562500000000001,0.07692307692307686,0.2857142857142859
0.852760736196318,0.29726651480637856,0.020964360587002098,0.37142857142857144,0.13749999999999987,0.01562500000000001,0.07692307692307686,0.2714285714285716
0.852760736196318,0.2927107061503414,0.0,0.4142857142857143,0.13749999999999987,0.01562500000000001,0.07692307692307686,0.2714285714285716
