temp,humd,co2,voc1,voc2,no2,eth,co
0.8220858895705507,0.2551252847380409,0.24528301886792453,0.35714285714285715,0.12499999999999986,0.01562500000000001,0.06410256410256403,0.37142857142857133
0.8220858895705507,0.25854214123006836,0.21174004192872117,0.32857142857142857,0.12499999999999986,0.01562500000000001,0.06410256410256403,0.37142857142857133
0.8282208588957051,0.26082004555808697,0.19916142557651992,0.3142857142857143,0.12499999999999986,0.01562500000000001,0.06410256410256403,0.35714285714285704
0.8282208588957051,0.2630979498861047,0.16142557651991615,0.2857142857142857,0.12499999999999986,0.01562500000000001,0.06410256410256403,0.35714285714285704
0.8282208588957051,0.2665148063781322,0.13836477987421383,0.22857142857142856,0.12499999999999986,0.01562500000000001,0.06410256410256403,0.3428571428571431
0.8282208588957051,0.2665148063781322,0.1111111111111111,0.34285714285714286,0.12499999999999986,0.01562500000000001,0.06410256410256403,0.3285714285714288
0.8282208588957051,0.2676537585421411,0.09224318658280922,0.2857142857142857,0.12499999999999986,0.01562500000000001,0.06410256410256403,0.3285714285714288
0.8282208588957051,0.26879271070615074,0.06918238993710692,0.3142857142857143,0.12499999999999986,0.01562500000000001,0.06410256410256403,0.3142857142857145
