temp,humd,co2,voc1,voc2,no2,eth,co
0.6871165644171775,0.3029612756264238,0.0,0.3,0.14999999999999988,0.01562500000000001,0.07692307692307686,0.20000000000000012
0.6871165644171775,0.3029612756264238,0.0,0.2857142857142857,0.14999999999999988,0.01562500000000001,0.07692307692307686,0.20000000000000012
0.6871165644171775,0.3018223234624149,0.0,0.2714285714285714,0.13749999999999987,0.01562500000000001,0.07692307692307686,0.18571428571428583
0.6932515337423317,0.3018223234624149,0.0,0.2714285714285714,0.14999999999999988,0.01562500000000001,0.07692307692307686,0.18571428571428583
0.6871165644171775,0.29840546697038745,0.0,0.2,0.13749999999999987,0.01562500000000001,0.07692307692307686,0.18571428571428583
0.6932515337423317,0.29612756264236884,0.0,0.2714285714285714,0.14999999999999988,0.01562500000000001,0.08974358974358969,0.18571428571428583
0.6932515337423317,0.29498861047835995,0.0,0.2,0.14999999999999988,0.01562500000000001,0.07692307692307686,0.18571428571428583
0.6932515337423317,0.2938496583143511,0.0,0.24285714285714285,0.13749999999999987,0.01562500000000001,0.07692307692307686,0.20000000000000012
