temp,humd,co2,voc1,voc2,no2,eth,co
0.8711656441717788,0.27676537585421374,0.8616352201257862,0.6571428571428571,0.13749999999999987,0.03125000000000002,0.07692307692307686,0.5714285714285715
0.8711656441717788,0.2813211845102509,0.779874213836478,0.5714285714285714,0.13749999999999987,0.03125000000000002,0.07692307692307686,0.5571428571428572
0.8773006134969331,0.2858769931662873,0.7064989517819706,0.6142857142857143,0.13749999999999987,0.03125000000000002,0.07692307692307686,0.5428571428571429
0.8711656441717788,0.2904328018223236,0.649895178197065,0.6714285714285714,0.13749999999999987,0.03125000000000002,0.07692307692307686,0.5285714285714286
0.8711656441717788,0.29498861047835995,0.5786163522012578,0.6142857142857143,0.13749999999999987,0.03125000000000002,0.07692307692307686,0.5
0.8773006134969331,0.3029612756264238,0.5429769392033543,0.6571428571428571,0.13749999999999987,0.03125000000000002,0.07692307692307686,0.5
0.8773006134969331,0.3029612756264238,0.5073375262054507,0.6571428571428571,0.13749999999999987,0.03125000000000002,0.07692307692307686,0.4857142857142857
0.8773006134969331,0.30751708428246016,0.48218029350104824,0.6428571428571429,0.12499999999999986,0.03125000000000002,0.07692307692307686,0.4857142857142857
