temp,humd,co2,voc1,voc2,no2,eth,co
0.7730061349693249,0.3416856492027332,0.27672955974842767,0.6571428571428571,0.14999999999999988,0.03125000000000002,0.08974358974358969,0.3285714285714288
0.7668711656441706,0.34510250569476064,0.25157232704402516,0.6714285714285714,0.14999999999999988,0.03125000000000002,0.08974358974358969,0.3285714285714288
0.7730061349693249,0.34282460136674286,0.24528301886792453,0.6285714285714286,0.14999999999999988,0.03125000000000002,0.08974358974358969,0.3142857142857145
0.7730061349693249,0.34396355353075175,0.2222222222222222,0.5714285714285714,0.14999999999999988,0.03125000000000002,0.08974358974358969,0.3142857142857145
0.7730061349693249,0.3416856492027332,0.20545073375262055,0.6,0.14999999999999988,0.03125000000000002,0.08974358974358969,0.3142857142857145
0.7730061349693249,0.3416856492027332,0.1970649895178197,0.5142857142857142,0.14999999999999988,0.01562500000000001,0.08974358974358969,0.3142857142857145
0.7668711656441706,0.3405466970387243,0.16981132075471697,0.6,0.14999999999999988,0.03125000000000002,0.08974358974358969,0.3000000000000002
0.7730061349693249,0.33826879271070653,0.16981132075471697,0.6285714285714286,0.14999999999999988,0.01562500000000001,0.08974358974358969,0.2857142857142859
