temp,humd,co2,voc1,voc2,no2,eth,co
0.8404907975460115,0.2858769931662873,0.0,0.17142857142857143,0.11249999999999985,0.01562500000000001,0.06410256410256403,0.2571428571428573
0.8466257668711659,0.2835990888382687,0.0,0.15714285714285714,0.11249999999999985,0.01562500000000001,0.06410256410256403,0.24285714285714302
0.8466257668711659,0.2858769931662873,0.0,0.12857142857142856,0.11249999999999985,0.01562500000000001,0.06410256410256403,0.24285714285714302
0.8466257668711659,0.28473804100227756,0.0,0.22857142857142856,0.11249999999999985,0.01562500000000001,0.06410256410256403,0.24285714285714302
0.8404907975460115,0.2858769931662873,0.0,0.2,0.11249999999999985,0.01562500000000001,0.06410256410256403,0.2285714285714287
0.8404907975460115,0.2870159453302962,0.0,0.15714285714285714,0.11249999999999985,0.01562500000000001,0.06410256410256403,0.2285714285714287
0.8466257668711659,0.2835990888382687,0.0,0.17142857142857143,0.11249999999999985,0.01562500000000001,0.06410256410256403,0.2285714285714287
0.8404907975460115,0.2835990888382687,0.0,0.18571428571428572,0.11249999999999985,0.01562500000000001,0.06410256410256403,0.2285714285714287
