temp,humd,co2,voc1,voc2,no2,eth,co
0.8650306748466245,0.22209567198177674,0.029350104821802937,0.12857142857142856,0.13749999999999987,0.01562500000000001,0.07692307692307686,0.2571428571428573
0.8650306748466245,0.22437357630979532,0.07127882599580712,0.1,0.12499999999999986,0.01562500000000001,0.07692307692307686,0.2857142857142859
0.8650306748466245,0.22779043280182198,0.11530398322851153,0.15714285714285714,0.13749999999999987,0.01562500000000001,0.07692307692307686,0.3000000000000002
0.8650306748466245,0.23234624145785915,0.14046121593291405,0.22857142857142856,0.12499999999999986,0.01562500000000001,0.07692307692307686,0.3142857142857145
0.8650306748466245,0.23690205011389548,0.15513626834381553,0.2,0.13749999999999987,0.01562500000000001,0.07692307692307686,0.3142857142857145
0.8650306748466245,0.24145785876993184,0.1488469601677149,0.11428571428571428,0.13749999999999987,0.01562500000000001,0.07692307692307686,0.3285714285714288
0.8650306748466245,0.2460136674259682,0.15513626834381553,0.14285714285714285,0.13749999999999987,0.01562500000000001,0.07692307692307686,0.3142857142857145
0.8650306748466245,0.24715261958997709,0.15513626834381553,0.17142857142857143,0.13749999999999987,0.01562500000000001,0.07692307692307686,0.3285714285714288
