temp,humd,co2,voc1,voc2,no2,eth,co
0.8588957055214723,0.28018223234624123,0.7882599580712788,0.5714285714285714,0.12499999999999986,0.01562500000000001,0.07692307692307686,0.4857142857142857
0.852760736196318,0.27904328018223234,0.8658280922431866,0.6142857142857143,0.12499999999999986,0.03125000000000002,0.07692307692307686,0.5142857142857143
0.852760736196318,0.2813211845102509,0.9077568134171907,0.6285714285714286,0.13749999999999987,0.03125000000000002,0.07692307692307686,0.5428571428571429
0.852760736196318,0.2835990888382687,0.9224318658280922,0.7142857142857143,0.12499999999999986,0.03125000000000002,0.07692307692307686,0.5571428571428572
0.8588957055214723,0.2858769931662873,0.9266247379454927,0.7428571428571429,0.12499999999999986,0.03125000000000002,0.07692307692307686,0.5571428571428572
0.8588957055214723,0.28815489749430506,0.9119496855345912,0.7714285714285715,0.12499999999999986,0.03125000000000002,0.07692307692307686,0.5571428571428572
0.852760736196318,0.2870159453302962,0.8930817610062893,0.8,0.13749999999999987,0.01562500000000001,0.07692307692307686,0.5571428571428572
0.8588957055214723,0.28929384965831473,0.8427672955974843,0.8142857142857143,0.13749999999999987,0.03125000000000002,0.07692307692307686,0.5571428571428572
