temp,humd,co2,voc1,voc2,no2,eth,co
0.8220858895705507,0.29840546697038745,0.3920335429769392,0.5,0.14999999999999988,0.03125000000000002,0.08974358974358969,0.41428571428571426
0.8220858895705507,0.29840546697038745,0.3710691823899371,0.5,0.14999999999999988,0.01562500000000001,0.08974358974358969,0.3999999999999999
0.8220858895705507,0.29954441913439633,0.34591194968553457,0.5285714285714286,0.14999999999999988,0.01562500000000001,0.07692307692307686,0.3999999999999999
0.8220858895705507,0.29840546697038745,0.32914046121593293,0.4714285714285714,0.14999999999999988,0.03125000000000002,0.08974358974358969,0.3857142857142856
0.8220858895705507,0.29612756264236884,0.2914046121593291,0.4857142857142857,0.14999999999999988,0.01562500000000001,0.07692307692307686,0.3857142857142856
0.8282208588957051,0.29840546697038745,0.2620545073375262,0.4857142857142857,0.14999999999999988,0.01562500000000001,0.07692307692307686,0.37142857142857133
0.8220858895705507,0.29498861047835995,0.2557651991614256,0.5,0.14999999999999988,0.01562500000000001,0.07692307692307686,0.37142857142857133
0.8282208588957051,0.29612756264236884,0.23270440251572327,0.4857142857142857,0.14999999999999988,0.01562500000000001,0.08974358974358969,0.35714285714285704
