temp,humd,co2,voc1,voc2,no2,eth,co
0.8343558282208594,0.29498861047835995,0.40461215932914046,0.5571428571428572,0.14999999999999988,0.03125000000000002,0.07692307692307686,0.41428571428571426
0.8343558282208594,0.29840546697038745,0.4612159329140461,0.6,0.14999999999999988,0.03125000000000002,0.08974358974358969,0.42857142857142855
0.8343558282208594,0.29954441913439633,0.4528301886792453,0.4857142857142857,0.14999999999999988,0.03125000000000002,0.08974358974358969,0.42857142857142855
0.8404907975460115,0.3018223234624149,0.4716981132075472,0.6,0.14999999999999988,0.03125000000000002,0.08974358974358969,0.42857142857142855
0.8343558282208594,0.30410022779043266,0.4612159329140461,0.5571428571428572,0.14999999999999988,0.03125000000000002,0.07692307692307686,0.42857142857142855
0.8404907975460115,0.30523917995444155,0.46540880503144655,0.6285714285714286,0.14999999999999988,0.03125000000000002,0.08974358974358969,0.44285714285714284
0.8404907975460115,0.30523917995444155,0.4570230607966457,0.6285714285714286,0.14999999999999988,0.03125000000000002,0.07692307692307686,0.42857142857142855
0.8404907975460115,0.30751708428246016,0.42557651991614254,0.6,0.13749999999999987,0.03125000000000002,0.08974358974358969,0.42857142857142855
