temp,humd,co2,voc1,voc2,no2,eth,co
0.7546012269938641,0.33485193621867904,0.5911949685534591,0.6571428571428571,0.14999999999999988,0.03125000000000002,0.08974358974358969,0.45714285714285713
0.7546012269938641,0.3371298405466968,0.570230607966457,0.6714285714285714,0.14999999999999988,0.03125000000000002,0.08974358974358969,0.44285714285714284
0.7546012269938641,0.3394077448747154,0.559748427672956,0.7571428571428571,0.14999999999999988,0.03125000000000002,0.08974358974358969,0.44285714285714284
0.7546012269938641,0.3394077448747154,0.5136268343815513,0.7714285714285715,0.14999999999999988,0.03125000000000002,0.08974358974358969,0.42857142857142855
0.7546012269938641,0.3405466970387243,0.4989517819706499,0.6857142857142857,0.14999999999999988,0.03125000000000002,0.08974358974358969,0.41428571428571426
0.7607361963190185,0.3405466970387243,0.48846960167714887,0.8142857142857143,0.14999999999999988,0.03125000000000002,0.08974358974358969,0.41428571428571426
0.7607361963190185,0.3416856492027332,0.44863731656184486,0.7857142857142857,0.14999999999999988,0.03125000000000002,0.08974358974358969,0.3999999999999999
0.7607361963190185,0.34282460136674286,0.4129979035639413,0.6857142857142857,0.14999999999999988,0.03125000000000002,0.08974358974358969,0.3999999999999999
