temp,humd,co2,voc1,voc2,no2,eth,co
0.8650306748466245,0.22095671981776785,0.0,0.02857142857142857,0.12499999999999986,0.01562500000000001,0.07692307692307686,0.15714285714285725
0.8650306748466245,0.21640091116173152,0.0,0.07142857142857142,0.12499999999999986,0.01562500000000001,0.07692307692307686,0.14285714285714296
0.8650306748466245,0.2175398633257404,0.0,0.04285714285714286,0.12499999999999986,0.01562500000000001,0.07692307692307686,0.15714285714285725
0.8650306748466245,0.21640091116173152,0.0,0.04285714285714286,0.12499999999999986,0.01562500000000001,0.07692307692307686,0.15714285714285725
0.8711656441717788,0.21640091116173152,0.0,0.0,0.12499999999999986,0.01562500000000001,0.07692307692307686,0.15714285714285725
0.8650306748466245,0.21526195899772183,0.0,0.0,0.12499999999999986,0.01562500000000001,0.07692307692307686,0.15714285714285725
0.8650306748466245,0.21412300683371294,0.0,0.0,0.12499999999999986,0.01562500000000001,0.07692307692307686,0.15714285714285725
0.8588957055214723,0.21298405466970405,0.0,0.1,0.12499999999999986,0.01562500000000001,0.07692307692307686,0.14285714285714296
