temp,humd,co2,voc1,voc2,no2,eth,co
0.7852760736196314,0.3200455580865603,0.0,0.4142857142857143,0.14999999999999988,0.01562500000000001,0.08974358974358969,0.2142857142857144
0.7914110429447857,0.3200455580865603,0.0,0.4142857142857143,0.14999999999999988,0.01562500000000001,0.07692307692307686,0.20000000000000012
0.7914110429447857,0.31776765375854255,0.0,0.38571428571428573,0.14999999999999988,0.01562500000000001,0.07692307692307686,0.20000000000000012
0.7914110429447857,0.31776765375854255,0.0,0.44285714285714284,0.14999999999999988,0.01562500000000001,0.07692307692307686,0.20000000000000012
0.7914110429447857,0.3166287015945328,0.0,0.44285714285714284,0.13749999999999987,0.01562500000000001,0.07692307692307686,0.20000000000000012
0.7975460122699378,0.31435079726651505,0.0,0.4142857142857143,0.14999999999999988,0.01562500000000001,0.07692307692307686,0.20000000000000012
0.7975460122699378,0.31435079726651505,0.0,0.35714285714285715,0.14999999999999988,0.01562500000000001,0.08974358974358969,0.2142857142857144
0.7975460122699378,0.3132118451025054,0.029350104821802937,0.34285714285714286,0.14999999999999988,0.01562500000000001,0.08974358974358969,0.24285714285714302
