temp,humd,co2,voc1,voc2,no2,eth,co
0.8282208588957051,0.29498861047835995,0.20125786163522014,0.5285714285714286,0.14999999999999988,0.01562500000000001,0.07692307692307686,0.3428571428571431
0.8282208588957051,0.2915717539863325,0.18448637316561844,0.4714285714285714,0.14999999999999988,0.01562500000000001,0.07692307692307686,0.3428571428571431
0.8282208588957051,0.2927107061503414,0.19916142557651992,0.44285714285714284,0.13749999999999987,0.01562500000000001,0.07692307692307686,0.3428571428571431
0.8343558282208594,0.2927107061503414,0.22851153039832284,0.44285714285714284,0.13749999999999987,0.01562500000000001,0.07692307692307686,0.35714285714285704
0.8343558282208594,0.29498861047835995,0.2557651991614256,0.42857142857142855,0.14999999999999988,0.01562500000000001,0.07692307692307686,0.37142857142857133
0.8282208588957051,0.2915717539863325,0.2976939203354298,0.45714285714285713,0.13749999999999987,0.03125000000000002,0.07692307692307686,0.3857142857142856
0.8343558282208594,0.29498861047835995,0.3480083857442348,0.5428571428571428,0.14999999999999988,0.03125000000000002,0.08974358974358969,0.3999999999999999
0.8343558282208594,0.29498861047835995,0.3668763102725367,0.5142857142857142,0.14999999999999988,0.03125000000000002,0.08974358974358969,0.3999999999999999
