temp,humd,co2,voc1,voc2,no2,eth,co
0.8650306748466245,0.26082004555808697,0.0,0.17142857142857143,0.12499999999999986,0.01562500000000001,0.07692307692307686,0.2285714285714287
0.8650306748466245,0.2642369020501136,0.0,0.15714285714285714,0.12499999999999986,0.01562500000000001,0.07692307692307686,0.2142857142857144
0.8711656441717788,0.26082004555808697,0.0,0.17142857142857143,0.12499999999999986,0.01562500000000001,0.07692307692307686,0.2142857142857144
0.8650306748466245,0.26082004555808697,0.0,0.18571428571428572,0.12499999999999986,0.01562500000000001,0.07692307692307686,0.2142857142857144
0.8650306748466245,0.25968109339407724,0.0,0.11428571428571428,0.12499999999999986,0.01562500000000001,0.07692307692307686,0.20000000000000012
0.8650306748466245,0.25854214123006836,0.0,0.24285714285714285,0.12499999999999986,0.01562500000000001,0.07692307692307686,0.20000000000000012
0.8650306748466245,0.2562642369020498,0.0,0.18571428571428572,0.12499999999999986,0.01562500000000001,0.07692307692307686,0.20000000000000012
0.8650306748466245,0.2562642369020498,0.0,0.2,0.12499999999999986,0.01562500000000001,0.07692307692307686,0.20000000000000012
