temp,humd,co2,voc1,voc2,no2,eth,co
0.8343558282208594,0.27904328018223234,0.08176100628930817,0.5714285714285714,0.12499999999999986,0.01562500000000001,0.07692307692307686,0.3285714285714288
0.8343558282208594,0.2756264236902049,0.07337526205450734,0.6142857142857143,0.12499999999999986,0.01562500000000001,0.07692307692307686,0.3142857142857145
0.8343558282208594,0.2756264236902049,0.06918238993710692,0.5857142857142857,0.12499999999999986,0.01562500000000001,0.07692307692307686,0.3142857142857145
0.8404907975460115,0.274487471526196,0.0440251572327044,0.5857142857142857,0.12499999999999986,0.01562500000000001,0.06410256410256403,0.3142857142857145
0.8282208588957051,0.2722095671981774,0.039832285115303984,0.5,0.12499999999999986,0.01562500000000001,0.06410256410256403,0.3000000000000002
0.8343558282208594,0.2699316628701596,0.033542976939203356,0.5142857142857142,0.12499999999999986,0.01562500000000001,0.06410256410256403,0.3000000000000002
0.8343558282208594,0.2676537585421411,0.041928721174004195,0.4714285714285714,0.12499999999999986,0.01562500000000001,0.07692307692307686,0.2857142857142859
0.8282208588957051,0.2676537585421411,0.06079664570230608,0.5,0.12499999999999986,0.01562500000000001,0.07692307692307686,0.3000000000000002
