temp,humd,co2,voc1,voc2,no2,eth,co
0.8282208588957051,0.22095671981776785,0.0,0.11428571428571428,0.12499999999999986,0.01562500000000001,0.06410256410256403,0.15714285714285725
0.8282208588957051,0.21867881548974927,0.0,0.08571428571428572,0.12499999999999986,0.01562500000000001,0.06410256410256403,0.17142857142857154
0.8282208588957051,0.21867881548974927,0.0,0.05714285714285714,0.12499999999999986,0.0,0.06410256410256403,0.15714285714285725
0.8282208588957051,0.21867881548974927,0.0,0.12857142857142856,0.12499999999999986,0.01562500000000001,0.06410256410256403,0.15714285714285725
0.8220858895705507,0.2175398633257404,0.0,0.14285714285714285,0.12499999999999986,0.01562500000000001,0.06410256410256403,0.15714285714285725
0.8282208588957051,0.2175398633257404,0.0,0.04285714285714286,0.12499999999999986,0.0,0.06410256410256403,0.15714285714285725
0.8220858895705507,0.21526195899772183,0.0,0.08571428571428572,0.12499999999999986,0.01562500000000001,0.06410256410256403,0.15714285714285725
0.8282208588957051,0.21412300683371294,0.0,0.014285714285714285,0.11249999999999985,0.0,0.06410256410256403,0.15714285714285725
