temp,humd,co2,voc1,voc2,no2,eth,co
0.8650306748466245,0.24829157175398597,0.12578616352201258,0.2,0.13749999999999987,0.01562500000000001,0.07692307692307686,0.3285714285714288
0.8650306748466245,0.25284738041002314,0.12578616352201258,0.18571428571428572,0.13749999999999987,0.01562500000000001,0.07692307692307686,0.3142857142857145
0.8711656441717788,0.2551252847380409,0.1278825995807128,0.2,0.12499999999999986,0.01562500000000001,0.07692307692307686,0.3142857142857145
0.8711656441717788,0.25854214123006836,0.11530398322851153,0.24285714285714285,0.13749999999999987,0.01562500000000001,0.07692307692307686,0.3142857142857145
0.8711656441717788,0.26082004555808697,0.09433962264150944,0.21428571428571427,0.13749999999999987,0.01562500000000001,0.07692307692307686,0.3000000000000002
0.8711656441717788,0.2630979498861047,0.07756813417190776,0.2714285714285714,0.12499999999999986,0.01562500000000001,0.07692307692307686,0.3000000000000002
0.8650306748466245,0.2642369020501136,0.05870020964360587,0.2857142857142857,0.12499999999999986,0.01562500000000001,0.07692307692307686,0.3000000000000002
0.8650306748466245,0.2642369020501136,0.033542976939203356,0.2714285714285714,0.12499999999999986,0.01562500000000001,0.07692307692307686,0.2857142857142859
