temp,humd,co2,voc1,voc2,no2,eth,co
0.8834355828220853,0.32460136674259665,0.21174004192872117,0.5571428571428572,0.13749999999999987,0.01562500000000001,0.07692307692307686,0.3857142857142856
0.8773006134969331,0.3223234624145789,0.16561844863731656,0.5285714285714286,0.12499999999999986,0.01562500000000001,0.07692307692307686,0.37142857142857133
0.8773006134969331,0.3223234624145789,0.14046121593291405,0.5714285714285714,0.12499999999999986,0.03125000000000002,0.07692307692307686,0.35714285714285704
0.8834355828220853,0.3223234624145789,0.12578616352201258,0.4714285714285714,0.12499999999999986,0.01562500000000001,0.07692307692307686,0.3428571428571431
0.8773006134969331,0.3200455580865603,0.07966457023060797,0.4857142857142857,0.12499999999999986,0.01562500000000001,0.07692307692307686,0.3285714285714288
0.8834355828220853,0.3211845102505692,0.06079664570230608,0.4714285714285714,0.12499999999999986,0.01562500000000001,0.07692307692307686,0.3285714285714288
0.8773006134969331,0.31776765375854255,0.027253668763102725,0.5,0.12499999999999986,0.03125000000000002,0.07692307692307686,0.3142857142857145
0.8773006134969331,0.31776765375854255,0.014675052410901468,0.44285714285714284,0.12499999999999986,0.01562500000000001,0.07692307692307686,0.3000000000000002
