temp,humd,co2,voc1,voc2,no2,eth,co
0.8588957055214723,0.2551252847380409,0.0,0.17142857142857143,0.13749999999999987,0.01562500000000001,0.07692307692307686,0.24285714285714302
0.8588957055214723,0.2517084282460134,0.0,0.2857142857142857,0.13749999999999987,0.01562500000000001,0.07692307692307686,0.2285714285714287
0.8588957055214723,0.25284738041002314,0.0,0.17142857142857143,0.13749999999999987,0.01562500000000001,0.07692307692307686,0.2285714285714287
0.8588957055214723,0.2517084282460134,0.0,0.21428571428571427,0.13749999999999987,0.01562500000000001,0.07692307692307686,0.2285714285714287
0.8650306748466245,0.2517084282460134,0.0,0.22857142857142856,0.13749999999999987,0.01562500000000001,0.07692307692307686,0.2285714285714287
0.8588957055214723,0.2517084282460134,0.0,0.14285714285714285,0.13749999999999987,0.01562500000000001,0.07692307692307686,0.2285714285714287
0.8588957055214723,0.2517084282460134,0.0,0.15714285714285714,0.13749999999999987,0.01562500000000001,0.07692307692307686,0.2142857142857144
0.8588957055214723,0.24943052391799567,0.0,0.17142857142857143,0.13749999999999987,0.01562500000000001,0.07692307692307686,0.2285714285714287
