temp,humd,co2,voc1,voc2,no2,eth,co
0.8159509202453986,0.31435079726651505,0.0,0.4,0.14999999999999988,0.01562500000000001,0.07692307692307686,0.2571428571428573
0.8159509202453986,0.3109339407744876,0.010482180293501049,0.37142857142857144,0.14999999999999988,0.01562500000000001,0.08974358974358969,0.2571428571428573
0.8159509202453986,0.30865603644646905,0.04612159329140461,0.4142857142857143,0.14999999999999988,0.01562500000000001,0.08974358974358969,0.2714285714285716
0.8220858895705507,0.3063781321184513,0.11740041928721175,0.38571428571428573,0.14999999999999988,0.01562500000000001,0.07692307692307686,0.3000000000000002
0.8159509202453986,0.30523917995444155,0.18029350104821804,0.44285714285714284,0.13749999999999987,0.01562500000000001,0.07692307692307686,0.3142857142857145
0.8220858895705507,0.30410022779043266,0.2389937106918239,0.4,0.14999999999999988,0.01562500000000001,0.08974358974358969,0.3285714285714288
0.8159509202453986,0.30410022779043266,0.3081761006289308,0.4,0.14999999999999988,0.01562500000000001,0.08974358974358969,0.35714285714285704
0.8220858895705507,0.30410022779043266,0.37945492662473795,0.44285714285714284,0.14999999999999988,0.03125000000000002,0.07692307692307686,0.37142857142857133
