temp,humd,co2,voc1,voc2,no2,eth,co
0.7116564417177904,0.2915717539863325,0.25366876310272535,0.34285714285714286,0.14999999999999988,0.01562500000000001,0.07692307692307686,0.3000000000000002
0.7116564417177904,0.2938496583143511,0.259958071278826,0.38571428571428573,0.14999999999999988,0.01562500000000001,0.08974358974358969,0.3000000000000002
0.7116564417177904,0.29498861047835995,0.24947589098532494,0.34285714285714286,0.14999999999999988,0.01562500000000001,0.07692307692307686,0.3142857142857145
0.7116564417177904,0.29612756264236884,0.2620545073375262,0.44285714285714284,0.14999999999999988,0.01562500000000001,0.08974358974358969,0.3142857142857145
0.7177914110429447,0.29840546697038745,0.2620545073375262,0.38571428571428573,0.14999999999999988,0.01562500000000001,0.08974358974358969,0.3142857142857145
0.7177914110429447,0.29840546697038745,0.2578616352201258,0.37142857142857144,0.14999999999999988,0.01562500000000001,0.08974358974358969,0.3142857142857145
0.7177914110429447,0.3018223234624149,0.2641509433962264,0.37142857142857144,0.14999999999999988,0.01562500000000001,0.08974358974358969,0.3142857142857145
0.7177914110429447,0.3006833712984052,0.25157232704402516,0.34285714285714286,0.14999999999999988,0.01562500000000001,0.08974358974358969,0.3000000000000002
