temp,humd,co2,voc1,voc2,no2,eth,co
0.8098159509202443,0.33826879271070653,0.4863731656184486,0.7,0.14999999999999988,0.03125000000000002,0.08974358974358969,0.44285714285714284
0.8098159509202443,0.3405466970387243,0.46750524109014674,0.6428571428571429,0.14999999999999988,0.03125000000000002,0.08974358974358969,0.42857142857142855
0.8098159509202443,0.3416856492027332,0.44025157232704404,0.6428571428571429,0.14999999999999988,0.03125000000000002,0.08974358974358969,0.42857142857142855
0.8098159509202443,0.3416856492027332,0.43186582809224316,0.6571428571428571,0.14999999999999988,0.03125000000000002,0.08974358974358969,0.41428571428571426
0.8159509202453986,0.3405466970387243,0.389937106918239,0.6,0.14999999999999988,0.03125000000000002,0.08974358974358969,0.41428571428571426
0.8159509202453986,0.3405466970387243,0.37945492662473795,0.6428571428571429,0.14999999999999988,0.03125000000000002,0.08974358974358969,0.3999999999999999
0.8159509202453986,0.3394077448747154,0.3668763102725367,0.6714285714285714,0.14999999999999988,0.03125000000000002,0.08974358974358969,0.3999999999999999
0.8159509202453986,0.3405466970387243,0.33542976939203356,0.6428571428571429,0.14999999999999988,0.03125000000000002,0.07692307692307686,0.3857142857142856
