temp,humd,co2,voc1,voc2,no2,eth,co
0.8588957055214723,0.23348519362186804,0.0,0.14285714285714285,0.13749999999999987,0.01562500000000001,0.07692307692307686,0.17142857142857154
0.8650306748466245,0.23348519362186804,0.0,0.04285714285714286,0.12499999999999986,0.01562500000000001,0.07692307692307686,0.17142857142857154
0.8650306748466245,0.23006833712984057,0.0,0.0,0.13749999999999987,0.01562500000000001,0.07692307692307686,0.17142857142857154
0.8650306748466245,0.23234624145785915,0.0,0.0,0.12499999999999986,0.01562500000000001,0.07692307692307686,0.17142857142857154
0.8650306748466245,0.22892938496583168,0.0,0.15714285714285714,0.12499999999999986,0.01562500000000001,0.07692307692307686,0.17142857142857154
0.8588957055214723,0.22892938496583168,0.0,0.11428571428571428,0.13749999999999987,0.01562500000000001,0.07692307692307686,0.17142857142857154
0.8650306748466245,0.22892938496583168,0.0,0.1,0.12499999999999986,0.01562500000000001,0.07692307692307686,0.15714285714285725
0.8588957055214723,0.2255125284738042,0.0,0.05714285714285714,0.13749999999999987,0.01562500000000001,0.07692307692307686,0.15714285714285725
