temp,humd,co2,voc1,voc2,no2,eth,co
0.8159509202453986,0.3394077448747154,0.3228511530398323,0.6714285714285714,0.14999999999999988,0.03125000000000002,0.07692307692307686,0.3857142857142856
0.8159509202453986,0.3371298405466968,0.29350104821802936,0.6428571428571429,0.14999999999999988,0.03125000000000002,0.07692307692307686,0.37142857142857133
0.8098159509202443,0.3371298405466968,0.2641509433962264,0.6142857142857143,0.14999999999999988,0.03125000000000002,0.07692307692307686,0.35714285714285704
0.8159509202453986,0.3359908883826879,0.2389937106918239,0.5857142857142857,0.14999999999999988,0.01562500000000001,0.08974358974358969,0.35714285714285704
0.8159509202453986,0.33485193621867904,0.20754716981132076,0.6,0.14999999999999988,0.03125000000000002,0.08974358974358969,0.3428571428571431
0.8159509202453986,0.33371298405466937,0.18029350104821804,0.5571428571428572,0.14999999999999988,0.01562500000000001,0.08974358974358969,0.3285714285714288
0.8159509202453986,0.3325740318906605,0.1509433962264151,0.5285714285714286,0.13749999999999987,0.03125000000000002,0.08974358974358969,0.3142857142857145
0.8159509202453986,0.329157175398633,0.1320754716981132,0.5285714285714286,0.14999999999999988,0.03125000000000002,0.08974358974358969,0.3142857142857145
