temp,humd,co2,voc1,voc2,no2,eth,co
0.8220858895705507,0.3018223234624149,0.429769392033543,0.5285714285714286,0.13749999999999987,0.03125000000000002,0.08974358974358969,0.3999999999999999
0.8220858895705507,0.3006833712984052,0.4570230607966457,0.4714285714285714,0.14999999999999988,0.01562500000000001,0.07692307692307686,0.41428571428571426
0.8220858895705507,0.3006833712984052,0.4612159329140461,0.5,0.14999999999999988,0.01562500000000001,0.08974358974358969,0.41428571428571426
0.8220858895705507,0.3006833712984052,0.48218029350104824,0.6,0.14999999999999988,0.01562500000000001,0.08974358974358969,0.42857142857142855
0.8220858895705507,0.29954441913439633,0.4612159329140461,0.5714285714285714,0.14999999999999988,0.01562500000000001,0.08974358974358969,0.42857142857142855
0.8220858895705507,0.29954441913439633,0.47379454926624737,0.5285714285714286,0.14999999999999988,0.01562500000000001,0.08974358974358969,0.42857142857142855
0.8282208588957051,0.3018223234624149,0.4381551362683438,0.5285714285714286,0.13749999999999987,0.03125000000000002,0.08974358974358969,0.42857142857142855
0.8220858895705507,0.3006833712984052,0.4109014675052411,0.5428571428571428,0.13749999999999987,0.03125000000000002,0.08974358974358969,0.41428571428571426
