temp,humd,co2,voc1,voc2,no2,eth,co
0.8282208588957051,0.21412300683371294,0.0,0.1,0.12499999999999986,0.0,0.06410256410256403,0.15714285714285725
0.8220858895705507,0.21298405466970405,0.0,0.04285714285714286,0.12499999999999986,0.01562500000000001,0.06410256410256403,0.15714285714285725
0.8282208588957051,0.21298405466970405,0.0,0.07142857142857142,0.12499999999999986,0.01562500000000001,0.06410256410256403,0.15714285714285725
0.8282208588957051,0.21298405466970405,0.0,0.02857142857142857,0.12499999999999986,0.0,0.06410256410256403,0.15714285714285725
0.8220858895705507,0.21070615034168547,0.0,0.04285714285714286,0.11249999999999985,0.01562500000000001,0.06410256410256403,0.15714285714285725
0.8220858895705507,0.21070615034168547,0.0,0.02857142857142857,0.11249999999999985,0.0,0.06410256410256403,0.15714285714285725
0.8282208588957051,0.21184510250569516,0.0,0.04285714285714286,0.12499999999999986,0.01562500000000001,0.06410256410256403,0.15714285714285725
0.8282208588957051,0.21070615034168547,0.0,0.07142857142857142,0.11249999999999985,0.01562500000000001,0.06410256410256403,0.15714285714285725
