temp,humd,co2,voc1,voc2,no2,eth,co
0.8773006134969331,0.3109339407744876,0.46331236897274636,0.6428571428571429,0.13749999999999987,0.03125000000000002,0.07692307692307686,0.4714285714285714
0.8773006134969331,0.3132118451025054,0.4192872117400419,0.5857142857142857,0.13749999999999987,0.03125000000000002,0.07692307692307686,0.45714285714285713
0.8834355828220853,0.3166287015945328,0.3941299790356394,0.6571428571428571,0.13749999999999987,0.03125000000000002,0.07692307692307686,0.45714285714285713
0.8773006134969331,0.3200455580865603,0.3668763102725367,0.5857142857142857,0.12499999999999986,0.03125000000000002,0.07692307692307686,0.44285714285714284
0.8834355828220853,0.3200455580865603,0.3228511530398323,0.5857142857142857,0.13749999999999987,0.03125000000000002,0.07692307692307686,0.42857142857142855
0.8773006134969331,0.3211845102505692,0.3060796645702306,0.5714285714285714,0.12499999999999986,0.03125000000000002,0.07692307692307686,0.42857142857142855
0.8773006134969331,0.3223234624145789,0.2662473794549266,0.5714285714285714,0.12499999999999986,0.03125000000000002,0.07692307692307686,0.41428571428571426
0.8773006134969331,0.32460136674259665,0.23689727463312368,0.5571428571428572,0.12499999999999986,0.03125000000000002,0.07692307692307686,0.3999999999999999
