temp,humd,co2,voc1,voc2,no2,eth,co
0.852760736196318,0.29498861047835995,0.0,0.35714285714285715,0.13749999999999987,0.01562500000000001,0.07692307692307686,0.2714285714285716
0.8588957055214723,0.2915717539863325,0.0,0.42857142857142855,0.13749999999999987,0.01562500000000001,0.07692307692307686,0.2571428571428573
0.852760736196318,0.2904328018223236,0.0,0.34285714285714286,0.13749999999999987,0.01562500000000001,0.07692307692307686,0.2571428571428573
0.8466257668711659,0.2870159453302962,0.0,0.35714285714285715,0.13749999999999987,0.01562500000000001,0.07692307692307686,0.2571428571428573
0.8466257668711659,0.2858769931662873,0.0,0.2857142857142857,0.13749999999999987,0.01562500000000001,0.07692307692307686,0.24285714285714302
0.852760736196318,0.2835990888382687,0.0,0.32857142857142857,0.13749999999999987,0.01562500000000001,0.07692307692307686,0.24285714285714302
0.852760736196318,0.2824601366742598,0.0,0.34285714285714286,0.13749999999999987,0.01562500000000001,0.07692307692307686,0.24285714285714302
0.852760736196318,0.2813211845102509,0.0,0.32857142857142857,0.13749999999999987,0.01562500000000001,0.07692307692307686,0.2285714285714287
