temp,humd,co2,voc1,voc2,no2,eth,co
0.723926380368099,0.26082004555808697,0.0,0.14285714285714285,0.21249999999999997,0.03125000000000002,0.1282051282051282,0.12857142857142864
0.7177914110429447,0.25854214123006836,0.0,0.12857142857142856,0.21249999999999997,0.03125000000000002,0.1282051282051282,0.12857142857142864
0.7177914110429447,0.25740318906605947,0.0,0.1,0.21249999999999997,0.01562500000000001,0.11538461538461536,0.12857142857142864
0.7177914110429447,0.25740318906605947,0.0,0.17142857142857143,0.21249999999999997,0.03125000000000002,0.1282051282051282,0.12857142857142864
0.7177914110429447,0.2562642369020498,0.0,0.15714285714285714,0.21249999999999997,0.03125000000000002,0.11538461538461536,0.12857142857142864
0.7177914110429447,0.2551252847380409,0.0,0.12857142857142856,0.21249999999999997,0.03125000000000002,0.1282051282051282,0.12857142857142864
0.7116564417177904,0.2551252847380409,0.0,0.14285714285714285,0.21249999999999997,0.01562500000000001,0.1282051282051282,0.12857142857142864
0.7177914110429447,0.253986332574032,0.0,0.12857142857142856,0.21249999999999997,0.03125000000000002,0.11538461538461536,0.12857142857142864
