temp,humd,co2,voc1,voc2,no2,eth,co
0.748466257668712,0.2676537585421411,0.010482180293501049,0.11428571428571428,0.19999999999999996,0.03125000000000002,0.11538461538461536,0.2714285714285716
0.7546012269938641,0.2676537585421411,0.018867924528301886,0.14285714285714285,0.19999999999999996,0.03125000000000002,0.11538461538461536,0.2571428571428573
0.748466257668712,0.2676537585421411,0.0041928721174004195,0.05714285714285714,0.19999999999999996,0.01562500000000001,0.11538461538461536,0.2571428571428573
0.748466257668712,0.2665148063781322,0.008385744234800839,0.07142857142857142,0.19999999999999996,0.01562500000000001,0.11538461538461536,0.2571428571428573
0.748466257668712,0.2665148063781322,0.008385744234800839,0.04285714285714286,0.19999999999999996,0.01562500000000001,0.11538461538461536,0.2571428571428573
0.748466257668712,0.2665148063781322,0.020964360587002098,0.1,0.19999999999999996,0.01562500000000001,0.11538461538461536,0.24285714285714302
0.748466257668712,0.2642369020501136,0.023060796645702306,0.11428571428571428,0.19999999999999996,0.03125000000000002,0.11538461538461536,0.24285714285714302
0.748466257668712,0.2653758542141233,0.03563941299790356,0.04285714285714286,0.19999999999999996,0.01562500000000001,0.11538461538461536,0.24285714285714302
