temp,humd,co2,voc1,voc2,no2,eth,co
0.7177914110429447,0.25968109339407724,0.0,0.2,0.21249999999999997,0.03125000000000002,0.1282051282051282,0.12857142857142864
0.7177914110429447,0.2619589977220958,0.0,0.18571428571428572,0.21249999999999997,0.03125000000000002,0.11538461538461536,0.12857142857142864
0.7177914110429447,0.25854214123006836,0.0,0.14285714285714285,0.21249999999999997,0.03125000000000002,0.1282051282051282,0.12857142857142864
0.7177914110429447,0.26082004555808697,0.0,0.04285714285714286,0.21249999999999997,0.03125000000000002,0.1282051282051282,0.12857142857142864
0.7177914110429447,0.25854214123006836,0.016771488469601678,0.08571428571428572,0.21249999999999997,0.03125000000000002,0.1282051282051282,0.12857142857142864
0.7177914110429447,0.25968109339407724,0.04612159329140461,0.11428571428571428,0.21249999999999997,0.03125000000000002,0.11538461538461536,0.12857142857142864
0.7177914110429447,0.26082004555808697,0.06079664570230608,0.08571428571428572,0.21249999999999997,0.03125000000000002,0.1282051282051282,0.14285714285714296
0.7177914110429447,0.26082004555808697,0.07127882599580712,0.14285714285714285,0.21249999999999997,0.03125000000000002,0.11538461538461536,0.14285714285714296
