temp,humd,co2,voc1,voc2,no2,eth,co
0.7177914110429447,0.26082004555808697,0.10482180293501048,0.2857142857142857,0.21249999999999997,0.03125000000000002,0.1282051282051282,0.17142857142857154
0.7177914110429447,0.25968109339407724,0.09433962264150944,0.2857142857142857,0.21249999999999997,0.03125000000000002,0.1282051282051282,0.17142857142857154
0.723926380368099,0.25854214123006836,0.07756813417190776,0.24285714285714285,0.21249999999999997,0.03125000000000002,0.1282051282051282,0.17142857142857154
0.7177914110429447,0.25968109339407724,0.07756813417190776,0.3,0.21249999999999997,0.03125000000000002,0.1282051282051282,0.17142857142857154
0.723926380368099,0.25740318906605947,0.09433962264150944,0.2714285714285714,0.21249999999999997,0.03125000000000002,0.1282051282051282,0.17142857142857154
0.723926380368099,0.25854214123006836,0.08176100628930817,0.22857142857142856,0.21249999999999997,0.03125000000000002,0.1282051282051282,0.17142857142857154
0.723926380368099,0.25854214123006836,0.1069182389937107,0.21428571428571427,0.21249999999999997,0.03125000000000002,0.1282051282051282,0.17142857142857154
0.7300613496932512,0.25968109339407724,0.11740041928721175,0.22857142857142856,0.21249999999999997,0.03125000000000002,0.11538461538461536,0.17142857142857154
