temp,humd,co2,voc1,voc2,no2,eth,co
0.5521472392638042,0.3416856492027332,0.0,0.11428571428571428,0.22499999999999998,0.01562500000000001,0.1282051282051282,0.11428571428571435
0.5521472392638042,0.3405466970387243,0.0,0.07142857142857142,0.22499999999999998,0.01562500000000001,0.1282051282051282,0.10000000000000006
0.5521472392638042,0.3371298405466968,0.0,0.014285714285714285,0.22499999999999998,0.01562500000000001,0.1282051282051282,0.11428571428571435
0.5521472392638042,0.33485193621867904,0.0,0.04285714285714286,0.22499999999999998,0.01562500000000001,0.1282051282051282,0.10000000000000006
0.5582822085889563,0.3359908883826879,0.0,0.07142857142857142,0.22499999999999998,0.01562500000000001,0.1282051282051282,0.11428571428571435
0.5582822085889563,0.33371298405466937,0.0,0.02857142857142857,0.22499999999999998,0.01562500000000001,0.1282051282051282,0.11428571428571435
0.5644171779141106,0.3314350797266516,0.0,0.04285714285714286,0.22499999999999998,0.01562500000000001,0.1282051282051282,0.10000000000000006
0.5644171779141106,0.3280182232346241,0.0,0.0,0.22499999999999998,0.01562500000000001,0.1282051282051282,0.11428571428571435
