temp,humd,co2,voc1,voc2,no2,eth,co
0.5582822085889563,0.329157175398633,0.0,0.1,0.22499999999999998,0.01562500000000001,0.1282051282051282,0.11428571428571435
0.5644171779141106,0.3280182232346241,0.0,0.12857142857142856,0.22499999999999998,0.01562500000000001,0.1282051282051282,0.11428571428571435
0.570552147239265,0.3257403189066064,0.0,0.08571428571428572,0.22499999999999998,0.01562500000000001,0.1282051282051282,0.10000000000000006
0.570552147239265,0.32346241457858776,0.0,0.14285714285714285,0.22499999999999998,0.01562500000000001,0.1282051282051282,0.11428571428571435
0.570552147239265,0.32346241457858776,0.0,0.08571428571428572,0.22499999999999998,0.01562500000000001,0.1282051282051282,0.10000000000000006
0.570552147239265,0.32346241457858776,0.0,0.11428571428571428,0.22499999999999998,0.01562500000000001,0.1282051282051282,0.10000000000000006
0.5766871165644171,0.3200455580865603,0.0,0.04285714285714286,0.22499999999999998,0.01562500000000001,0.1282051282051282,0.10000000000000006
0.5766871165644171,0.3211845102505692,0.0,0.14285714285714285,0.22499999999999998,0.01562500000000001,0.1282051282051282,0.11428571428571435
