temp,humd,co2,voc1,voc2,no2,eth,co
0.650306748466258,0.30410022779043266,0.05241090146750524,0.21428571428571427,0.22499999999999998,0.03125000000000002,0.1282051282051282,0.17142857142857154
0.6564417177914101,0.3029612756264238,0.05660377358490566,0.2714285714285714,0.22499999999999998,0.01562500000000001,0.1282051282051282,0.17142857142857154
0.650306748466258,0.3018223234624149,0.039832285115303984,0.24285714285714285,0.22499999999999998,0.01562500000000001,0.1282051282051282,0.15714285714285725
0.6564417177914101,0.3018223234624149,0.03773584905660377,0.2571428571428571,0.22499999999999998,0.01562500000000001,0.1282051282051282,0.15714285714285725
0.6564417177914101,0.3006833712984052,0.025157232704402517,0.18571428571428572,0.22499999999999998,0.03125000000000002,0.1282051282051282,0.15714285714285725
0.650306748466258,0.3018223234624149,0.010482180293501049,0.2,0.22499999999999998,0.01562500000000001,0.1282051282051282,0.15714285714285725
0.6564417177914101,0.29954441913439633,0.016771488469601678,0.22857142857142856,0.22499999999999998,0.01562500000000001,0.1282051282051282,0.14285714285714296
0.6625766871165645,0.29726651480637856,0.018867924528301886,0.22857142857142856,0.22499999999999998,0.01562500000000001,0.1282051282051282,0.14285714285714296
