temp,humd,co2,voc1,voc2,no2,eth,co
0.748466257668712,0.2642369020501136,0.05450733752620545,0.14285714285714285,0.19999999999999996,0.01562500000000001,0.11538461538461536,0.24285714285714302
0.748466257668712,0.2642369020501136,0.033542976939203356,0.0,0.19999999999999996,0.01562500000000001,0.11538461538461536,0.24285714285714302
0.7423312883435577,0.2630979498861047,0.041928721174004195,0.04285714285714286,0.19999999999999996,0.03125000000000002,0.11538461538461536,0.24285714285714302
0.7546012269938641,0.2619589977220958,0.05241090146750524,0.07142857142857142,0.19999999999999996,0.01562500000000001,0.11538461538461536,0.2571428571428573
0.748466257668712,0.26082004555808697,0.025157232704402517,0.014285714285714285,0.19999999999999996,0.01562500000000001,0.11538461538461536,0.24285714285714302
0.748466257668712,0.26082004555808697,0.039832285115303984,0.05714285714285714,0.19999999999999996,0.01562500000000001,0.11538461538461536,0.2571428571428573
0.7546012269938641,0.2630979498861047,0.05241090146750524,0.05714285714285714,0.19999999999999996,0.01562500000000001,0.11538461538461536,0.2714285714285716
0.748466257668712,0.2619589977220958,0.050314465408805034,0.04285714285714286,0.19999999999999996,0.01562500000000001,0.11538461538461536,0.2714285714285716
