temp,humd,co2,voc1,voc2,no2,eth,co
0.7423312883435577,0.25284738041002314,0.0,0.14285714285714285,0.19999999999999996,0.01562500000000001,0.11538461538461536,0.15714285714285725
0.748466257668712,0.2517084282460134,0.0,0.14285714285714285,0.19999999999999996,0.03125000000000002,0.11538461538461536,0.17142857142857154
0.748466257668712,0.25284738041002314,0.031446540880503145,0.11428571428571428,0.19999999999999996,0.03125000000000002,0.11538461538461536,0.20000000000000012
0.748466257668712,0.2517084282460134,0.050314465408805034,0.14285714285714285,0.19999999999999996,0.03125000000000002,0.11538461538461536,0.2285714285714287
0.7546012269938641,0.2505694760820045,0.05660377358490566,0.11428571428571428,0.19999999999999996,0.01562500000000001,0.11538461538461536,0.24285714285714302
0.748466257668712,0.25284738041002314,0.07547169811320754,0.12857142857142856,0.19999999999999996,0.03125000000000002,0.11538461538461536,0.2571428571428573
0.748466257668712,0.253986332574032,0.09224318658280922,0.11428571428571428,0.21249999999999997,0.03125000000000002,0.1282051282051282,0.2857142857142859
0.748466257668712,0.2562642369020498,0.10482180293501048,0.08571428571428572,0.19999999999999996,0.03125000000000002,0.1282051282051282,0.2857142857142859
