temp,humd,co2,voc1,voc2,no2,eth,co
0.748466257668712,0.25854214123006836,0.11530398322851153,0.17142857142857143,0.19999999999999996,0.03125000000000002,0.1282051282051282,0.3000000000000002
0.748466257668712,0.25968109339407724,0.1111111111111111,0.12857142857142856,0.21249999999999997,0.03125000000000002,0.11538461538461536,0.3000000000000002
0.748466257668712,0.26082004555808697,0.09643605870020965,0.17142857142857143,0.19999999999999996,0.03125000000000002,0.11538461538461536,0.3000000000000002
0.748466257668712,0.2653758542141233,0.09224318658280922,0.1,0.19999999999999996,0.03125000000000002,0.11538461538461536,0.3000000000000002
0.748466257668712,0.2653758542141233,0.05870020964360587,0.15714285714285714,0.19999999999999996,0.01562500000000001,0.11538461538461536,0.3000000000000002
0.748466257668712,0.2642369020501136,0.05870020964360587,0.15714285714285714,0.19999999999999996,0.03125000000000002,0.11538461538461536,0.2857142857142859
0.7546012269938641,0.2665148063781322,0.03563941299790356,0.14285714285714285,0.19999999999999996,0.01562500000000001,0.11538461538461536,0.2857142857142859
0.748466257668712,0.2665148063781322,0.03563941299790356,0.15714285714285714,0.19999999999999996,0.03125000000000002,0.11538461538461536,0.2714285714285716
