temp,humd,co2,voc1,voc2,no2,eth,co
0.5950920245398779,0.31548974943052394,0.041928721174004195,0.1,0.22499999999999998,0.01562500000000001,0.1282051282051282,0.12857142857142864
0.60122699386503,0.31435079726651505,0.029350104821802937,0.08571428571428572,0.22499999999999998,0.01562500000000001,0.1282051282051282,0.12857142857142864
0.60122699386503,0.3166287015945328,0.04612159329140461,0.14285714285714285,0.22499999999999998,0.01562500000000001,0.1282051282051282,0.14285714285714296
0.6073619631901843,0.31435079726651505,0.05660377358490566,0.11428571428571428,0.22499999999999998,0.01562500000000001,0.1282051282051282,0.14285714285714296
0.60122699386503,0.3132118451025054,0.04612159329140461,0.07142857142857142,0.22499999999999998,0.01562500000000001,0.1282051282051282,0.12857142857142864
0.60122699386503,0.3132118451025054,0.04612159329140461,0.12857142857142856,0.22499999999999998,0.01562500000000001,0.1282051282051282,0.14285714285714296
0.6073619631901843,0.3120728929384965,0.0440251572327044,0.15714285714285714,0.22499999999999998,0.01562500000000001,0.1282051282051282,0.12857142857142864
0.6073619631901843,0.3120728929384965,0.04821802935010482,0.2,0.22499999999999998,0.01562500000000001,0.1282051282051282,0.12857142857142864
