temp,humd,co2,voc1,voc2,no2,eth,co
0.4662576687116567,0.3576309794988608,0.008385744234800839,0.12857142857142856,0.22499999999999998,0.01562500000000001,0.1282051282051282,0.2142857142857144
0.4662576687116567,0.3587699316628705,0.023060796645702306,0.12857142857142856,0.22499999999999998,0.01562500000000001,0.1282051282051282,0.2285714285714287
0.472392638036811,0.3587699316628705,0.0440251572327044,0.11428571428571428,0.2375,0.01562500000000001,0.1282051282051282,0.2571428571428573
0.472392638036811,0.36104783599088824,0.05870020964360587,0.08571428571428572,0.22499999999999998,0.01562500000000001,0.1282051282051282,0.2857142857142859
0.472392638036811,0.36332574031890685,0.09853249475890985,0.17142857142857143,0.2375,0.01562500000000001,0.14102564102564102,0.3142857142857145
0.472392638036811,0.3667425968109343,0.09433962264150944,0.1,0.22499999999999998,0.01562500000000001,0.1282051282051282,0.3142857142857145
0.472392638036811,0.37243735763097957,0.11949685534591195,0.17142857142857143,0.2375,0.01562500000000001,0.14102564102564102,0.3285714285714288
0.47852760736196315,0.3747152619589981,0.11949685534591195,0.12857142857142856,0.2375,0.01562500000000001,0.14102564102564102,0.3428571428571431
