temp,humd,co2,voc1,voc2,no2,eth,co
0.6932515337423317,0.32460136674259665,0.39622641509433965,0.5428571428571428,0.22499999999999998,0.03125000000000002,0.1282051282051282,0.2857142857142859
0.6932515337423317,0.3257403189066064,0.36477987421383645,0.42857142857142855,0.22499999999999998,0.03125000000000002,0.1282051282051282,0.2714285714285716
0.6932515337423317,0.3257403189066064,0.3270440251572327,0.4714285714285714,0.22499999999999998,0.03125000000000002,0.1282051282051282,0.2571428571428573
0.699386503067484,0.3257403189066064,0.31027253668763105,0.44285714285714284,0.22499999999999998,0.03125000000000002,0.1282051282051282,0.2571428571428573
0.699386503067484,0.32460136674259665,0.28721174004192873,0.5,0.22499999999999998,0.03125000000000002,0.1282051282051282,0.24285714285714302
0.699386503067484,0.3280182232346241,0.2578616352201258,0.34285714285714286,0.21249999999999997,0.03125000000000002,0.1282051282051282,0.24285714285714302
0.699386503067484,0.3257403189066064,0.24528301886792453,0.35714285714285715,0.22499999999999998,0.03125000000000002,0.1282051282051282,0.24285714285714302
0.699386503067484,0.32687927107061526,0.2222222222222222,0.4,0.21249999999999997,0.03125000000000002,0.1282051282051282,0.2285714285714287
