temp,humd,co2,voc1,voc2,no2,eth,co
0.6134969325153364,0.30751708428246016,0.03773584905660377,0.15714285714285714,0.22499999999999998,0.01562500000000001,0.1282051282051282,0.12857142857142864
0.6134969325153364,0.30865603644646905,0.031446540880503145,0.17142857142857143,0.22499999999999998,0.01562500000000001,0.1282051282051282,0.12857142857142864
0.6134969325153364,0.3109339407744876,0.033542976939203356,0.22857142857142856,0.22499999999999998,0.01562500000000001,0.1282051282051282,0.12857142857142864
0.6134969325153364,0.30751708428246016,0.039832285115303984,0.18571428571428572,0.22499999999999998,0.01562500000000001,0.1282051282051282,0.12857142857142864
0.6134969325153364,0.3063781321184513,0.018867924528301886,0.17142857142857143,0.22499999999999998,0.01562500000000001,0.1282051282051282,0.12857142857142864
0.6134969325153364,0.3063781321184513,0.033542976939203356,0.11428571428571428,0.22499999999999998,0.01562500000000001,0.1282051282051282,0.14285714285714296
0.6196319018404908,0.30751708428246016,0.031446540880503145,0.18571428571428572,0.22499999999999998,0.01562500000000001,0.1282051282051282,0.14285714285714296
0.6196319018404908,0.3063781321184513,0.0440251572327044,0.22857142857142856,0.22499999999999998,0.01562500000000001,0.1282051282051282,0.14285714285714296
