temp,humd,co2,voc1,voc2,no2,eth,co
0.5337423312883434,0.3564920273348519,0.0,0.17142857142857143,0.22499999999999998,0.01562500000000001,0.1282051282051282,0.11428571428571435
0.5337423312883434,0.35421412300683414,0.0,0.12857142857142856,0.22499999999999998,0.01562500000000001,0.1282051282051282,0.11428571428571435
0.5398773006134977,0.3507972665148067,0.0,0.12857142857142856,0.22499999999999998,0.01562500000000001,0.1282051282051282,0.11428571428571435
0.5398773006134977,0.349658314350797,0.0,0.15714285714285714,0.22499999999999998,0.01562500000000001,0.1282051282051282,0.11428571428571435
0.5460122699386498,0.3473804100227792,0.0,0.08571428571428572,0.22499999999999998,0.01562500000000001,0.1282051282051282,0.11428571428571435
0.5460122699386498,0.3462414578587703,0.0,0.07142857142857142,0.22499999999999998,0.01562500000000001,0.1282051282051282,0.11428571428571435
0.5460122699386498,0.34510250569476064,0.0,0.1,0.22499999999999998,0.01562500000000001,0.1282051282051282,0.11428571428571435
0.5460122699386498,0.3416856492027332,0.0,0.02857142857142857,0.22499999999999998,0.01562500000000001,0.1282051282051282,0.11428571428571435
