temp,humd,co2,voc1,voc2,no2,eth,co
0.7177914110429447,0.3120728929384965,0.029350104821802937,0.2857142857142857,0.21249999999999997,0.03125000000000002,0.1282051282051282,0.15714285714285725
0.7177914110429447,0.3097949886104787,0.018867924528301886,0.32857142857142857,0.21249999999999997,0.03125000000000002,0.1282051282051282,0.15714285714285725
0.7177914110429447,0.30865603644646905,0.012578616352201259,0.3142857142857143,0.21249999999999997,0.03125000000000002,0.1282051282051282,0.15714285714285725
0.7177914110429447,0.30751708428246016,0.020964360587002098,0.2714285714285714,0.21249999999999997,0.03125000000000002,0.1282051282051282,0.15714285714285725
0.723926380368099,0.30523917995444155,0.0,0.2714285714285714,0.21249999999999997,0.03125000000000002,0.1282051282051282,0.15714285714285725
0.723926380368099,0.30410022779043266,0.018867924528301886,0.3,0.22499999999999998,0.03125000000000002,0.1282051282051282,0.15714285714285725
0.7177914110429447,0.3018223234624149,0.0020964360587002098,0.3142857142857143,0.21249999999999997,0.03125000000000002,0.1282051282051282,0.15714285714285725
0.723926380368099,0.3006833712984052,0.0,0.3,0.21249999999999997,0.03125000000000002,0.1282051282051282,0.15714285714285725
