temp,humd,co2,voc1,voc2,no2,eth,co
0.723926380368099,0.27904328018223234,0.0,0.11428571428571428,0.21249999999999997,0.03125000000000002,0.1282051282051282,0.14285714285714296
0.723926380368099,0.27790432801822346,0.0,0.22857142857142856,0.21249999999999997,0.01562500000000001,0.1282051282051282,0.14285714285714296
0.723926380368099,0.27676537585421374,0.0,0.14285714285714285,0.21249999999999997,0.03125000000000002,0.1282051282051282,0.14285714285714296
0.723926380368099,0.274487471526196,0.0,0.21428571428571427,0.21249999999999997,0.03125000000000002,0.1282051282051282,0.14285714285714296
0.723926380368099,0.274487471526196,0.0,0.08571428571428572,0.21249999999999997,0.03125000000000002,0.1282051282051282,0.14285714285714296
0.723926380368099,0.2756264236902049,0.0,0.14285714285714285,0.21249999999999997,0.03125000000000002,0.1282051282051282,0.14285714285714296
0.723926380368099,0.2710706150341685,0.0,0.14285714285714285,0.21249999999999997,0.03125000000000002,0.11538461538461536,0.14285714285714296
0.723926380368099,0.2710706150341685,0.0,0.05714285714285714,0.21249999999999997,0.03125000000000002,0.1282051282051282,0.14285714285714296
