temp,humd,co2,voc1,voc2,no2,eth,co
0.7177914110429447,0.32460136674259665,0.05450733752620545,0.35714285714285715,0.22499999999999998,0.03125000000000002,0.1282051282051282,0.17142857142857154
0.7177914110429447,0.3223234624145789,0.0649895178197065,0.4142857142857143,0.22499999999999998,0.03125000000000002,0.1282051282051282,0.17142857142857154
0.7177914110429447,0.32346241457858776,0.04821802935010482,0.34285714285714286,0.22499999999999998,0.03125000000000002,0.1282051282051282,0.17142857142857154
0.7177914110429447,0.31890660592255143,0.041928721174004195,0.34285714285714286,0.21249999999999997,0.03125000000000002,0.1282051282051282,0.17142857142857154
0.7177914110429447,0.31890660592255143,0.041928721174004195,0.35714285714285715,0.22499999999999998,0.03125000000000002,0.1282051282051282,0.15714285714285725
0.7177914110429447,0.31548974943052394,0.041928721174004195,0.35714285714285715,0.21249999999999997,0.03125000000000002,0.1282051282051282,0.17142857142857154
0.7177914110429447,0.3120728929384965,0.04612159329140461,0.34285714285714286,0.22499999999999998,0.03125000000000002,0.1282051282051282,0.15714285714285725
0.7177914110429447,0.31435079726651505,0.018867924528301886,0.34285714285714286,0.22499999999999998,0.03125000000000002,0.1282051282051282,0.15714285714285725
