temp,humd,co2,voc1,voc2,no2,eth,co
0.47852760736196315,0.40091116173120733,0.0859538784067086,0.14285714285714285,0.22499999999999998,0.01562500000000001,0.1282051282051282,0.2571428571428573
0.4846625766871175,0.40091116173120733,0.09224318658280922,0.17142857142857143,0.2375,0.01562500000000001,0.1282051282051282,0.2571428571428573
0.4846625766871175,0.4020501138952162,0.09014675052410902,0.12857142857142856,0.22499999999999998,0.01562500000000001,0.14102564102564102,0.24285714285714302
0.4907975460122696,0.40432801822323483,0.07756813417190776,0.2714285714285714,0.22499999999999998,0.01562500000000001,0.14102564102564102,0.2285714285714287
0.4907975460122696,0.4054669703872437,0.06918238993710692,0.18571428571428572,0.2375,0.01562500000000001,0.1282051282051282,0.2142857142857144
0.4907975460122696,0.4054669703872437,0.07337526205450734,0.18571428571428572,0.22499999999999998,0.01562500000000001,0.1282051282051282,0.2142857142857144
0.49693251533742394,0.4066059225512526,0.07966457023060797,0.2,0.2375,0.01562500000000001,0.14102564102564102,0.2142857142857144
0.49693251533742394,0.4077448747152623,0.09224318658280922,0.24285714285714285,0.22499999999999998,0.01562500000000001,0.1282051282051282,0.20000000000000012
