temp,humd,co2,voc1,voc2,no2,eth,co
0.6932515337423317,0.31435079726651505,0.5136268343815513,0.4,0.22499999999999998,0.03125000000000002,0.1282051282051282,0.3000000000000002
0.6932515337423317,0.31548974943052394,0.48846960167714887,0.32857142857142857,0.22499999999999998,0.03125000000000002,0.1282051282051282,0.3000000000000002
0.6871165644171775,0.3166287015945328,0.4863731656184486,0.4142857142857143,0.22499999999999998,0.03125000000000002,0.1282051282051282,0.2857142857142859
0.6871165644171775,0.31890660592255143,0.4947589098532495,0.4857142857142857,0.22499999999999998,0.03125000000000002,0.1282051282051282,0.3000000000000002
0.6871165644171775,0.3200455580865603,0.469601677148847,0.4714285714285714,0.22499999999999998,0.03125000000000002,0.1282051282051282,0.2857142857142859
0.6932515337423317,0.3223234624145789,0.46540880503144655,0.4714285714285714,0.22499999999999998,0.03125000000000002,0.1282051282051282,0.2857142857142859
0.6932515337423317,0.3223234624145789,0.4549266247379455,0.5428571428571428,0.22499999999999998,0.03125000000000002,0.1282051282051282,0.2857142857142859
0.6932515337423317,0.32460136674259665,0.41509433962264153,0.42857142857142855,0.22499999999999998,0.03125000000000002,0.1282051282051282,0.2857142857142859
