temp,humd,co2,voc1,voc2,no2,eth,co
0.6809815950920253,0.2904328018223236,0.2578616352201258,0.3142857142857143,0.22499999999999998,0.03125000000000002,0.1282051282051282,0.2285714285714287
0.6748466257668709,0.2927107061503414,0.3333333333333333,0.32857142857142857,0.21249999999999997,0.03125000000000002,0.1282051282051282,0.2571428571428573
0.6809815950920253,0.2938496583143511,0.37945492662473795,0.2714285714285714,0.22499999999999998,0.03125000000000002,0.1282051282051282,0.2714285714285716
0.6809815950920253,0.29612756264236884,0.41509433962264153,0.35714285714285715,0.22499999999999998,0.03125000000000002,0.1282051282051282,0.2857142857142859
0.6809815950920253,0.3006833712984052,0.44234800838574423,0.35714285714285715,0.22499999999999998,0.03125000000000002,0.1282051282051282,0.3000000000000002
0.6809815950920253,0.30410022779043266,0.48427672955974843,0.37142857142857144,0.22499999999999998,0.03125000000000002,0.1282051282051282,0.3000000000000002
0.6809815950920253,0.30523917995444155,0.4989517819706499,0.42857142857142855,0.22499999999999998,0.03125000000000002,0.1282051282051282,0.3000000000000002
0.6809815950920253,0.3097949886104787,0.49056603773584906,0.34285714285714286,0.22499999999999998,0.03125000000000002,0.1282051282051282,0.3000000000000002
