temp,humd,co2,voc1,voc2,no2,eth,co
0.7177914110429447,0.253986332574032,0.0,0.12857142857142856,0.21249999999999997,0.01562500000000001,0.1282051282051282,0.12857142857142864
0.7116564417177904,0.25284738041002314,0.0,0.04285714285714286,0.21249999999999997,0.03125000000000002,0.11538461538461536,0.12857142857142864
0.7177914110429447,0.2517084282460134,0.0,0.15714285714285714,0.21249999999999997,0.03125000000000002,0.1282051282051282,0.12857142857142864
0.7177914110429447,0.25284738041002314,0.0,0.15714285714285714,0.21249999999999997,0.01562500000000001,0.1282051282051282,0.12857142857142864
0.723926380368099,0.24943052391799567,0.0,0.12857142857142856,0.21249999999999997,0.03125000000000002,0.1282051282051282,0.12857142857142864
0.7177914110429447,0.2517084282460134,0.0,0.12857142857142856,0.21249999999999997,0.03125000000000002,0.1282051282051282,0.12857142857142864
0.723926380368099,0.2517084282460134,0.0,0.12857142857142856,0.21249999999999997,0.03125000000000002,0.1282051282051282,0.12857142857142864
0.7177914110429447,0.25284738041002314,0.0,0.07142857142857142,0.21249999999999997,0.03125000000000002,0.1282051282051282,0.12857142857142864
