temp,humd,co2,voc1,voc2,no2,eth,co
0.47852760736196315,0.37927107061503446,0.13417190775681342,0.12857142857142856,0.22499999999999998,0.01562500000000001,0.14102564102564102,0.3428571428571431
0.47852760736196315,0.38268792710706195,0.1320754716981132,0.14285714285714285,0.22499999999999998,0.01562500000000001,0.14102564102564102,0.3285714285714288
0.47852760736196315,0.3872437357630983,0.13417190775681342,0.1,0.2375,0.01562500000000001,0.1282051282051282,0.3285714285714288
0.47852760736196315,0.3883826879271072,0.1278825995807128,0.1,0.2375,0.01562500000000001,0.14102564102564102,0.3142857142857145
0.47852760736196315,0.39293849658314356,0.11530398322851153,0.14285714285714285,0.22499999999999998,0.01562500000000001,0.14102564102564102,0.3000000000000002
0.47852760736196315,0.3952164009111621,0.10272536687631027,0.1,0.22499999999999998,0.01562500000000001,0.14102564102564102,0.3000000000000002
0.472392638036811,0.396355353075171,0.10272536687631027,0.18571428571428572,0.2375,0.01562500000000001,0.14102564102564102,0.2857142857142859
0.47852760736196315,0.3986332574031888,0.0880503144654088,0.1,0.22499999999999998,0.01562500000000001,0.1282051282051282,0.2714285714285716
