temp,humd,co2,voc1,voc2,no2,eth,co
0.49693251533742394,0.4077448747152623,0.05450733752620545,0.24285714285714285,0.22499999999999998,0.01562500000000001,0.1282051282051282,0.20000000000000012
0.5030674846625761,0.4066059225512526,0.07756813417190776,0.3,0.22499999999999998,0.01562500000000001,0.14102564102564102,0.18571428571428583
0.5030674846625761,0.40888382687927116,0.05450733752620545,0.2,0.2375,0.01562500000000001,0.1282051282051282,0.18571428571428583
0.5092024539877303,0.4077448747152623,0.0440251572327044,0.2857142857142857,0.2375,0.01562500000000001,0.1282051282051282,0.18571428571428583
0.5030674846625761,0.4054669703872437,0.04612159329140461,0.18571428571428572,0.22499999999999998,0.01562500000000001,0.14102564102564102,0.17142857142857154
0.5030674846625761,0.4077448747152623,0.025157232704402517,0.22857142857142856,0.22499999999999998,0.01562500000000001,0.1282051282051282,0.17142857142857154
0.5030674846625761,0.4066059225512526,0.018867924528301886,0.17142857142857143,0.22499999999999998,0.01562500000000001,0.1282051282051282,0.17142857142857154
0.5030674846625761,0.40432801822323483,0.018867924528301886,0.2857142857142857,0.22499999999999998,0.01562500000000001,0.1282051282051282,0.17142857142857154
