temp,humd,co2,voc1,voc2,no2,eth,co
0.5092024539877303,0.38952164009111606,0.0,0.18571428571428572,0.22499999999999998,0.01562500000000001,0.1282051282051282,0.12857142857142864
0.5153374233128826,0.3861047835990886,0.0,0.18571428571428572,0.22499999999999998,0.01562500000000001,0.1282051282051282,0.14285714285714296
0.5153374233128826,0.38496583143507973,0.0,0.12857142857142856,0.22499999999999998,0.01562500000000001,0.1282051282051282,0.12857142857142864
0.5153374233128826,0.38382687927107084,0.0,0.17142857142857143,0.22499999999999998,0.01562500000000001,0.1282051282051282,0.12857142857142864
0.5153374233128826,0.38154897494305223,0.0,0.15714285714285714,0.22499999999999998,0.01562500000000001,0.1282051282051282,0.12857142857142864
0.5214723926380369,0.3781321184510248,0.0,0.18571428571428572,0.22499999999999998,0.01562500000000001,0.1282051282051282,0.12857142857142864
0.5214723926380369,0.3769931662870159,0.0,0.12857142857142856,0.22499999999999998,0.01562500000000001,0.1282051282051282,0.12857142857142864
0.5214723926380369,0.3747152619589981,0.0,0.17142857142857143,0.22499999999999998,0.01562500000000001,0.1282051282051282,0.12857142857142864
