temp,humd,co2,voc1,voc2,no2,eth,co
0.699386503067484,0.4259681093394077,0.46331236897274636,0.45714285714285713,0.0749999999999998,0.21874999999999997,0.0384615384615385,0.3428571428571431
0.7055214723926382,0.42938496583143515,0.44863731656184486,0.4857142857142857,0.0749999999999998,0.21874999999999997,0.0384615384615385,0.35714285714285704
0.7055214723926382,0.4316628701594537,0.43186582809224316,0.4857142857142857,0.0749999999999998,0.21874999999999997,0.0384615384615385,0.35714285714285704
0.7055214723926382,0.4362186788154901,0.39832285115303984,0.5,0.0749999999999998,0.234375,0.0384615384615385,0.35714285714285704
0.7055214723926382,0.43849658314350787,0.35429769392033544,0.44285714285714284,0.0749999999999998,0.21874999999999997,0.0384615384615385,0.3428571428571431
0.7116564417177904,0.4430523917995442,0.3438155136268344,0.5,0.0749999999999998,0.234375,0.0384615384615385,0.3428571428571431
0.7116564417177904,0.4453302961275628,0.33962264150943394,0.6,0.0749999999999998,0.21874999999999997,0.0384615384615385,0.3285714285714288
0.7116564417177904,0.4441913439635539,0.29350104821802936,0.5142857142857142,0.0749999999999998,0.21874999999999997,0.0384615384615385,0.3142857142857145
