temp,humd,co2,voc1,voc2,no2,eth,co
0.7975460122699378,0.3416856492027332,0.0,0.07142857142857142,0.06249999999999979,0.046875000000000035,0.025641025641025668,0.15714285714285725
0.7975460122699378,0.34282460136674286,0.0,0.0,0.06249999999999979,0.046875000000000035,0.025641025641025668,0.15714285714285725
0.7975460122699378,0.3416856492027332,0.0,0.014285714285714285,0.06249999999999979,0.046875000000000035,0.025641025641025668,0.17142857142857154
0.7975460122699378,0.34282460136674286,0.0,0.014285714285714285,0.06249999999999979,0.046875000000000035,0.025641025641025668,0.15714285714285725
0.8036809815950922,0.3405466970387243,0.0,0.014285714285714285,0.06249999999999979,0.046875000000000035,0.025641025641025668,0.15714285714285725
0.8036809815950922,0.3405466970387243,0.0,0.04285714285714286,0.06249999999999979,0.046875000000000035,0.025641025641025668,0.15714285714285725
0.8036809815950922,0.33826879271070653,0.0,0.04285714285714286,0.06249999999999979,0.046875000000000035,0.025641025641025668,0.15714285714285725
0.8098159509202443,0.33826879271070653,0.0,0.0,0.06249999999999979,0.046875000000000035,0.025641025641025668,0.15714285714285725
