temp,humd,co2,voc1,voc2,no2,eth,co
0.8650306748466245,0.29498861047835995,0.0,0.05714285714285714,0.04999999999999978,0.03125000000000002,0.025641025641025668,0.15714285714285725
0.8650306748466245,0.29726651480637856,0.0,0.02857142857142857,0.04999999999999978,0.03125000000000002,0.025641025641025668,0.17142857142857154
0.8711656441717788,0.2938496583143511,0.0,0.014285714285714285,0.04999999999999978,0.03125000000000002,0.025641025641025668,0.15714285714285725
0.8711656441717788,0.29498861047835995,0.0,0.0,0.04999999999999978,0.03125000000000002,0.025641025641025668,0.15714285714285725
0.8711656441717788,0.2927107061503414,0.0,0.014285714285714285,0.04999999999999978,0.03125000000000002,0.025641025641025668,0.15714285714285725
0.8773006134969331,0.2938496583143511,0.0,0.0,0.04999999999999978,0.03125000000000002,0.025641025641025668,0.15714285714285725
0.8773006134969331,0.2938496583143511,0.0,0.0,0.04999999999999978,0.03125000000000002,0.025641025641025668,0.15714285714285725
0.8773006134969331,0.29612756264236884,0.0,0.0,0.04999999999999978,0.03125000000000002,0.025641025641025668,0.15714285714285725
