temp,humd,co2,voc1,voc2,no2,eth,co
0.7177914110429447,0.45558086560364436,0.08385744234800839,0.5,0.0749999999999998,0.18750000000000014,0.0384615384615385,0.2714285714285716
0.723926380368099,0.45444191343963547,0.05660377358490566,0.4714285714285714,0.0749999999999998,0.18750000000000014,0.025641025641025668,0.2571428571428573
0.7177914110429447,0.4567198177676541,0.039832285115303984,0.5,0.0749999999999998,0.1718750000000001,0.0384615384615385,0.2571428571428573
0.7177914110429447,0.45444191343963547,0.020964360587002098,0.42857142857142855,0.0749999999999998,0.1718750000000001,0.0384615384615385,0.24285714285714302
0.7177914110429447,0.4521640091116177,0.0,0.38571428571428573,0.0749999999999998,0.1718750000000001,0.0384615384615385,0.24285714285714302
0.7177914110429447,0.4521640091116177,0.0,0.4142857142857143,0.0749999999999998,0.1718750000000001,0.0384615384615385,0.24285714285714302
0.723926380368099,0.451025056947608,0.0,0.42857142857142855,0.0749999999999998,0.1562500000000001,0.025641025641025668,0.24285714285714302
0.723926380368099,0.44874715261959025,0.0,0.3142857142857143,0.0749999999999998,0.1562500000000001,0.0384615384615385,0.2285714285714287
