temp,humd,co2,voc1,voc2,no2,eth,co
0.6748466257668709,0.4077448747152623,0.039832285115303984,0.21428571428571427,0.06249999999999979,0.09375000000000007,0.025641025641025668,0.2285714285714287
0.6809815950920253,0.4077448747152623,0.027253668763102725,0.2857142857142857,0.06249999999999979,0.09375000000000007,0.0384615384615385,0.2285714285714287
0.6809815950920253,0.40888382687927116,0.04612159329140461,0.2714285714285714,0.06249999999999979,0.10937500000000007,0.0384615384615385,0.2285714285714287
0.6809815950920253,0.4077448747152623,0.023060796645702306,0.24285714285714285,0.06249999999999979,0.10937500000000007,0.0384615384615385,0.2285714285714287
0.6809815950920253,0.41002277904328005,0.025157232704402517,0.22857142857142856,0.06249999999999979,0.12500000000000008,0.0384615384615385,0.2285714285714287
0.6809815950920253,0.40888382687927116,0.029350104821802937,0.3,0.06249999999999979,0.12500000000000008,0.0384615384615385,0.2285714285714287
0.6809815950920253,0.41002277904328005,0.027253668763102725,0.24285714285714285,0.06249999999999979,0.1406250000000001,0.0384615384615385,0.2285714285714287
0.6871165644171775,0.41230068337129866,0.020964360587002098,0.2571428571428571,0.06249999999999979,0.1562500000000001,0.025641025641025668,0.2285714285714287
