temp,humd,co2,voc1,voc2,no2,eth,co
0.8282208588957051,0.3302961275626427,0.0,0.05714285714285714,0.06249999999999979,0.046875000000000035,0.025641025641025668,0.18571428571428583
0.8282208588957051,0.3302961275626427,0.0,0.07142857142857142,0.06249999999999979,0.046875000000000035,0.025641025641025668,0.20000000000000012
0.8220858895705507,0.3302961275626427,0.0,0.0,0.06249999999999979,0.046875000000000035,0.025641025641025668,0.20000000000000012
0.8282208588957051,0.329157175398633,0.0,0.04285714285714286,0.06249999999999979,0.046875000000000035,0.025641025641025668,0.20000000000000012
0.8220858895705507,0.3280182232346241,0.0,0.0,0.06249999999999979,0.046875000000000035,0.025641025641025668,0.20000000000000012
0.8282208588957051,0.3280182232346241,0.0,0.0,0.06249999999999979,0.046875000000000035,0.025641025641025668,0.20000000000000012
0.8282208588957051,0.3280182232346241,0.0,0.04285714285714286,0.06249999999999979,0.046875000000000035,0.025641025641025668,0.20000000000000012
0.8282208588957051,0.329157175398633,0.0,0.05714285714285714,0.06249999999999979,0.046875000000000035,0.025641025641025668,0.20000000000000012
