temp,humd,co2,voc1,voc2,no2,eth,co
0.6073619631901843,0.36104783599088824,0.0,0.17142857142857143,0.06249999999999979,0.01562500000000001,0.025641025641025668,0.2285714285714287
0.6134969325153364,0.36332574031890685,0.0,0.17142857142857143,0.06249999999999979,0.01562500000000001,0.025641025641025668,0.2285714285714287
0.6134969325153364,0.36560364464692463,0.0,0.12857142857142856,0.06249999999999979,0.01562500000000001,0.025641025641025668,0.2142857142857144
0.6196319018404908,0.3678815489749432,0.0,0.17142857142857143,0.06249999999999979,0.01562500000000001,0.025641025641025668,0.2142857142857144
0.6196319018404908,0.3690205011389521,0.0,0.1,0.06249999999999979,0.01562500000000001,0.0384615384615385,0.2142857142857144
0.6196319018404908,0.3712984054669707,0.0,0.15714285714285714,0.06249999999999979,0.01562500000000001,0.025641025641025668,0.2142857142857144
0.6196319018404908,0.375854214123007,0.0,0.24285714285714285,0.06249999999999979,0.01562500000000001,0.025641025641025668,0.2142857142857144
0.6196319018404908,0.3769931662870159,0.0,0.24285714285714285,0.06249999999999979,0.01562500000000001,0.025641025641025668,0.2142857142857144
