temp,humd,co2,voc1,voc2,no2,eth,co
0.6687116564417167,0.41002277904328005,0.06708595387840671,0.2,0.06249999999999979,0.046875000000000035,0.025641025641025668,0.2285714285714287
0.6625766871165645,0.4077448747152623,0.05870020964360587,0.24285714285714285,0.06249999999999979,0.046875000000000035,0.025641025641025668,0.2285714285714287
0.6687116564417167,0.4077448747152623,0.06079664570230608,0.2714285714285714,0.06249999999999979,0.046875000000000035,0.025641025641025668,0.2285714285714287
0.6687116564417167,0.4077448747152623,0.05241090146750524,0.3,0.06249999999999979,0.06250000000000004,0.025641025641025668,0.24285714285714302
0.6748466257668709,0.4077448747152623,0.041928721174004195,0.3142857142857143,0.06249999999999979,0.06250000000000004,0.0384615384615385,0.2285714285714287
0.6748466257668709,0.4066059225512526,0.027253668763102725,0.2714285714285714,0.06249999999999979,0.07812500000000006,0.025641025641025668,0.2285714285714287
0.6748466257668709,0.4066059225512526,0.020964360587002098,0.2571428571428571,0.06249999999999979,0.07812500000000006,0.0384615384615385,0.2285714285714287
0.6809815950920253,0.4077448747152623,0.025157232704402517,0.21428571428571427,0.06249999999999979,0.09375000000000007,0.0384615384615385,0.2285714285714287
