temp,humd,co2,voc1,voc2,no2,eth,co
0.6441717791411037,0.4077448747152623,0.0,0.08571428571428572,0.06249999999999979,0.03125000000000002,0.025641025641025668,0.17142857142857154
0.6441717791411037,0.4077448747152623,0.0,0.2,0.06249999999999979,0.03125000000000002,0.025641025641025668,0.17142857142857154
0.650306748466258,0.4077448747152623,0.0,0.11428571428571428,0.06249999999999979,0.03125000000000002,0.025641025641025668,0.17142857142857154
0.6441717791411037,0.4077448747152623,0.0,0.2714285714285714,0.06249999999999979,0.03125000000000002,0.025641025641025668,0.17142857142857154
0.6441717791411037,0.4077448747152623,0.0,0.22857142857142856,0.06249999999999979,0.03125000000000002,0.025641025641025668,0.17142857142857154
0.6441717791411037,0.4077448747152623,0.0,0.18571428571428572,0.06249999999999979,0.03125000000000002,0.025641025641025668,0.18571428571428583
0.650306748466258,0.40888382687927116,0.0,0.18571428571428572,0.06249999999999979,0.03125000000000002,0.025641025641025668,0.17142857142857154
0.650306748466258,0.40888382687927116,0.0,0.17142857142857143,0.06249999999999979,0.03125000000000002,0.025641025641025668,0.17142857142857154
