temp,humd,co2,voc1,voc2,no2,eth,co
0.8895705521472396,0.2835990888382687,0.0,0.014285714285714285,0.04999999999999978,0.03125000000000002,0.025641025641025668,0.15714285714285725
0.8895705521472396,0.2824601366742598,0.0,0.014285714285714285,0.04999999999999978,0.03125000000000002,0.025641025641025668,0.15714285714285725
0.8895705521472396,0.28018223234624123,0.0,0.014285714285714285,0.04999999999999978,0.03125000000000002,0.025641025641025668,0.15714285714285725
0.8895705521472396,0.2813211845102509,0.0,0.014285714285714285,0.04999999999999978,0.03125000000000002,0.025641025641025668,0.17142857142857154
0.8834355828220853,0.27904328018223234,0.0,0.02857142857142857,0.04999999999999978,0.03125000000000002,0.025641025641025668,0.17142857142857154
0.8834355828220853,0.27790432801822346,0.0,0.05714285714285714,0.04999999999999978,0.03125000000000002,0.025641025641025668,0.17142857142857154
0.8895705521472396,0.27676537585421374,0.0,0.0,0.04999999999999978,0.01562500000000001,0.025641025641025668,0.17142857142857154
0.8895705521472396,0.27790432801822346,0.0,0.0,0.04999999999999978,0.01562500000000001,0.025641025641025668,0.17142857142857154
