temp,humd,co2,voc1,voc2,no2,eth,co
0.8834355828220853,0.2904328018223236,0.0,0.014285714285714285,0.04999999999999978,0.03125000000000002,0.025641025641025668,0.15714285714285725
0.8834355828220853,0.28929384965831473,0.0,0.02857142857142857,0.04999999999999978,0.03125000000000002,0.025641025641025668,0.15714285714285725
0.8895705521472396,0.28815489749430506,0.0,0.04285714285714286,0.04999999999999978,0.03125000000000002,0.025641025641025668,0.15714285714285725
0.8895705521472396,0.2870159453302962,0.0,0.02857142857142857,0.04999999999999978,0.03125000000000002,0.025641025641025668,0.15714285714285725
0.8895705521472396,0.2870159453302962,0.0,0.04285714285714286,0.04999999999999978,0.03125000000000002,0.025641025641025668,0.17142857142857154
0.8895705521472396,0.28473804100227756,0.0,0.02857142857142857,0.04999999999999978,0.03125000000000002,0.025641025641025668,0.15714285714285725
0.8895705521472396,0.28473804100227756,0.0,0.014285714285714285,0.04999999999999978,0.01562500000000001,0.025641025641025668,0.15714285714285725
0.8834355828220853,0.28473804100227756,0.0,0.0,0.04999999999999978,0.03125000000000002,0.025641025641025668,0.15714285714285725
