temp,humd,co2,voc1,voc2,no2,eth,co
0.6319018404907972,0.3974943052391799,0.0,0.18571428571428572,0.06249999999999979,0.01562500000000001,0.025641025641025668,0.20000000000000012
0.6319018404907972,0.39977220956719844,0.0,0.11428571428571428,0.06249999999999979,0.01562500000000001,0.025641025641025668,0.20000000000000012
0.6319018404907972,0.40318906605922594,0.0,0.21428571428571427,0.06249999999999979,0.03125000000000002,0.025641025641025668,0.20000000000000012
0.6319018404907972,0.40318906605922594,0.0,0.18571428571428572,0.06249999999999979,0.03125000000000002,0.025641025641025668,0.20000000000000012
0.6319018404907972,0.40318906605922594,0.0,0.2,0.06249999999999979,0.03125000000000002,0.025641025641025668,0.18571428571428583
0.6380368098159516,0.4054669703872437,0.0,0.22857142857142856,0.06249999999999979,0.03125000000000002,0.025641025641025668,0.18571428571428583
0.6380368098159516,0.4054669703872437,0.0,0.14285714285714285,0.06249999999999979,0.03125000000000002,0.025641025641025668,0.18571428571428583
0.6380368098159516,0.4054669703872437,0.0,0.2,0.06249999999999979,0.03125000000000002,0.025641025641025668,0.18571428571428583
