temp,humd,co2,voc1,voc2,no2,eth,co
0.650306748466258,0.40888382687927116,0.0,0.2,0.06249999999999979,0.03125000000000002,0.025641025641025668,0.18571428571428583
0.6564417177914101,0.40888382687927116,0.014675052410901468,0.2,0.06249999999999979,0.03125000000000002,0.0384615384615385,0.20000000000000012
0.6564417177914101,0.41002277904328005,0.04821802935010482,0.21428571428571427,0.06249999999999979,0.03125000000000002,0.025641025641025668,0.20000000000000012
0.650306748466258,0.41116173120728977,0.09224318658280922,0.24285714285714285,0.06249999999999979,0.03125000000000002,0.0384615384615385,0.2142857142857144
0.6564417177914101,0.41002277904328005,0.11740041928721175,0.14285714285714285,0.06249999999999979,0.03125000000000002,0.0384615384615385,0.2285714285714287
0.6564417177914101,0.41116173120728977,0.13626834381551362,0.3,0.06249999999999979,0.03125000000000002,0.025641025641025668,0.2285714285714287
0.6564417177914101,0.41230068337129866,0.16771488469601678,0.2857142857142857,0.06249999999999979,0.03125000000000002,0.0384615384615385,0.2285714285714287
0.6625766871165645,0.41230068337129866,0.14675052410901468,0.22857142857142856,0.06249999999999979,0.03125000000000002,0.0384615384615385,0.2285714285714287
