temp,humd,co2,voc1,voc2,no2,eth,co
0.60122699386503,0.3371298405466968,0.05241090146750524,0.18571428571428572,0.06249999999999979,0.01562500000000001,0.025641025641025668,0.2714285714285716
0.6073619631901843,0.3394077448747154,0.039832285115303984,0.11428571428571428,0.04999999999999978,0.01562500000000001,0.025641025641025668,0.2571428571428573
0.60122699386503,0.34282460136674286,0.031446540880503145,0.14285714285714285,0.06249999999999979,0.01562500000000001,0.025641025641025668,0.2571428571428573
0.60122699386503,0.3462414578587703,0.025157232704402517,0.2,0.06249999999999979,0.01562500000000001,0.025641025641025668,0.2571428571428573
0.6073619631901843,0.349658314350797,0.014675052410901468,0.17142857142857143,0.06249999999999979,0.01562500000000001,0.025641025641025668,0.24285714285714302
0.6073619631901843,0.3507972665148067,0.0,0.21428571428571427,0.06249999999999979,0.01562500000000001,0.025641025641025668,0.24285714285714302
0.6073619631901843,0.3564920273348519,0.0,0.22857142857142856,0.06249999999999979,0.01562500000000001,0.025641025641025668,0.24285714285714302
0.6073619631901843,0.3599088838268794,0.0,0.21428571428571427,0.06249999999999979,0.01562500000000001,0.025641025641025668,0.24285714285714302
