temp,humd,co2,voc1,voc2,no2,eth,co
0.7546012269938641,0.36446469248291574,0.0,0.12857142857142856,0.06249999999999979,0.07812500000000006,0.025641025641025668,0.17142857142857154
0.748466257668712,0.36218678815489713,0.0,0.014285714285714285,0.06249999999999979,0.07812500000000006,0.025641025641025668,0.17142857142857154
0.748466257668712,0.36218678815489713,0.0,0.05714285714285714,0.06249999999999979,0.07812500000000006,0.025641025641025668,0.17142857142857154
0.7546012269938641,0.3576309794988608,0.0,0.04285714285714286,0.06249999999999979,0.07812500000000006,0.025641025641025668,0.17142857142857154
0.7546012269938641,0.3576309794988608,0.0,0.02857142857142857,0.06249999999999979,0.07812500000000006,0.025641025641025668,0.17142857142857154
0.7546012269938641,0.355353075170843,0.0,0.07142857142857142,0.06249999999999979,0.07812500000000006,0.025641025641025668,0.17142857142857154
0.7546012269938641,0.3519362186788156,0.0,0.04285714285714286,0.06249999999999979,0.06250000000000004,0.025641025641025668,0.17142857142857154
0.7546012269938641,0.35307517084282447,0.0,0.02857142857142857,0.06249999999999979,0.06250000000000004,0.025641025641025668,0.17142857142857154
