temp,humd,co2,voc1,voc2,no2,eth,co
0.5766871165644171,0.3006833712984052,0.0,0.15714285714285714,0.06249999999999979,0.0,0.025641025641025668,0.18571428571428583
0.570552147239265,0.3006833712984052,0.0,0.07142857142857142,0.06249999999999979,0.01562500000000001,0.025641025641025668,0.18571428571428583
0.5766871165644171,0.3018223234624149,0.0,0.12857142857142856,0.04999999999999978,0.01562500000000001,0.025641025641025668,0.18571428571428583
0.570552147239265,0.3029612756264238,0.0,0.07142857142857142,0.04999999999999978,0.01562500000000001,0.025641025641025668,0.18571428571428583
0.5766871165644171,0.30410022779043266,0.0,0.02857142857142857,0.06249999999999979,0.01562500000000001,0.025641025641025668,0.20000000000000012
0.5766871165644171,0.30410022779043266,0.0,0.11428571428571428,0.04999999999999978,0.01562500000000001,0.025641025641025668,0.18571428571428583
0.5766871165644171,0.30523917995444155,0.0,0.05714285714285714,0.06249999999999979,0.01562500000000001,0.025641025641025668,0.20000000000000012
0.5766871165644171,0.30751708428246016,0.0,0.1,0.06249999999999979,0.01562500000000001,0.025641025641025668,0.18571428571428583
