temp,humd,co2,voc1,voc2,no2,eth,co
0.7300613496932512,0.3986332574031888,0.0,0.17142857142857143,0.06249999999999979,0.09375000000000007,0.025641025641025668,0.18571428571428583
0.723926380368099,0.3952164009111621,0.0,0.1,0.06249999999999979,0.09375000000000007,0.025641025641025668,0.18571428571428583
0.7300613496932512,0.39179954441913467,0.0,0.21428571428571427,0.06249999999999979,0.09375000000000007,0.025641025641025668,0.18571428571428583
0.7300613496932512,0.3872437357630983,0.0,0.14285714285714285,0.06249999999999979,0.09375000000000007,0.025641025641025668,0.18571428571428583
0.723926380368099,0.3872437357630983,0.0,0.11428571428571428,0.06249999999999979,0.09375000000000007,0.025641025641025668,0.18571428571428583
0.7361963190184055,0.38382687927107084,0.0,0.15714285714285714,0.06249999999999979,0.09375000000000007,0.025641025641025668,0.18571428571428583
0.7361963190184055,0.38041002277904334,0.0,0.12857142857142856,0.06249999999999979,0.09375000000000007,0.025641025641025668,0.18571428571428583
0.7361963190184055,0.3781321184510248,0.0,0.1,0.06249999999999979,0.09375000000000007,0.025641025641025668,0.18571428571428583
