temp,humd,co2,voc1,voc2,no2,eth,co
0.8466257668711659,0.03530751708428232,0.020964360587002098,0.02857142857142857,0.3874999999999999,0.07812500000000006,0.23076923076923073,0.014285714285714294
0.8588957055214723,0.03644646924829161,0.023060796645702306,0.12857142857142856,0.3874999999999999,0.07812500000000006,0.23076923076923073,0.014285714285714294
0.852760736196318,0.03530751708428232,0.008385744234800839,0.014285714285714285,0.3874999999999999,0.07812500000000006,0.23076923076923073,0.014285714285714294
0.852760736196318,0.03416856492027344,0.012578616352201259,0.0,0.3874999999999999,0.07812500000000006,0.21794871794871803,0.014285714285714294
0.852760736196318,0.03530751708428232,0.027253668763102725,0.08571428571428572,0.3874999999999999,0.07812500000000006,0.23076923076923073,0.014285714285714294
0.852760736196318,0.03530751708428232,0.031446540880503145,0.08571428571428572,0.3874999999999999,0.07812500000000006,0.21794871794871803,0.014285714285714294
0.8588957055214723,0.03416856492027344,0.020964360587002098,0.02857142857142857,0.3874999999999999,0.07812500000000006,0.21794871794871803,0.014285714285714294
0.852760736196318,0.03416856492027344,0.008385744234800839,0.05714285714285714,0.3874999999999999,0.07812500000000006,0.23076923076923073,0.014285714285714294
