temp,humd,co2,voc1,voc2,no2,eth,co
0.9079754601226983,0.01936218678815469,0.014675052410901468,0.11428571428571428,0.3499999999999998,0.046875000000000035,0.19230769230769235,0.014285714285714294
0.901840490797546,0.018223234624145806,0.016771488469601678,0.1,0.3624999999999998,0.06250000000000004,0.19230769230769235,0.014285714285714294
0.9079754601226983,0.018223234624145806,0.014675052410901468,0.17142857142857143,0.3624999999999998,0.06250000000000004,0.19230769230769235,0.014285714285714294
0.9079754601226983,0.01708428246013652,0.012578616352201259,0.02857142857142857,0.3624999999999998,0.046875000000000035,0.19230769230769235,0.014285714285714294
0.901840490797546,0.018223234624145806,0.012578616352201259,0.1,0.3499999999999998,0.06250000000000004,0.19230769230769235,0.014285714285714294
0.9079754601226983,0.018223234624145806,0.018867924528301886,0.17142857142857143,0.3499999999999998,0.06250000000000004,0.19230769230769235,0.014285714285714294
0.901840490797546,0.01708428246013652,0.0020964360587002098,0.0,0.3624999999999998,0.06250000000000004,0.19230769230769235,0.014285714285714294
0.9079754601226983,0.01708428246013652,0.008385744234800839,0.05714285714285714,0.3499999999999998,0.06250000000000004,0.19230769230769235,0.014285714285714294
