temp,humd,co2,voc1,voc2,no2,eth,co
0.9386503067484655,0.04100227790432796,0.012578616352201259,0.04285714285714286,0.3375000000000001,0.046875000000000035,0.17948717948717952,0.014285714285714294
0.9386503067484655,0.03986332574031867,0.008385744234800839,0.08571428571428572,0.3375000000000001,0.046875000000000035,0.17948717948717952,0.014285714285714294
0.9386503067484655,0.0375854214123005,0.0,0.0,0.3375000000000001,0.046875000000000035,0.17948717948717952,0.014285714285714294
0.9386503067484655,0.0375854214123005,0.0020964360587002098,0.08571428571428572,0.3375000000000001,0.046875000000000035,0.17948717948717952,0.014285714285714294
0.9386503067484655,0.03986332574031867,0.008385744234800839,0.07142857142857142,0.3375000000000001,0.046875000000000035,0.17948717948717952,0.014285714285714294
0.9386503067484655,0.03644646924829161,0.016771488469601678,0.05714285714285714,0.3375000000000001,0.046875000000000035,0.17948717948717952,0.014285714285714294
0.9386503067484655,0.03530751708428232,0.016771488469601678,0.07142857142857142,0.3375000000000001,0.046875000000000035,0.17948717948717952,0.014285714285714294
0.9386503067484655,0.03416856492027344,0.0,0.12857142857142856,0.3375000000000001,0.046875000000000035,0.17948717948717952,0.014285714285714294
