temp,humd,co2,voc1,voc2,no2,eth,co
0.901840490797546,0.01936218678815469,0.0,0.0,0.3624999999999998,0.06250000000000004,0.20512820512820518,0.014285714285714294
0.9079754601226983,0.018223234624145806,0.018867924528301886,0.11428571428571428,0.3624999999999998,0.06250000000000004,0.20512820512820518,0.014285714285714294
0.901840490797546,0.01936218678815469,0.0041928721174004195,0.1,0.3624999999999998,0.06250000000000004,0.20512820512820518,0.014285714285714294
0.901840490797546,0.018223234624145806,0.014675052410901468,0.1,0.3624999999999998,0.06250000000000004,0.20512820512820518,0.014285714285714294
0.901840490797546,0.018223234624145806,0.014675052410901468,0.07142857142857142,0.3624999999999998,0.06250000000000004,0.20512820512820518,0.014285714285714294
0.901840490797546,0.01936218678815469,0.008385744234800839,0.08571428571428572,0.37499999999999983,0.06250000000000004,0.20512820512820518,0.014285714285714294
0.901840490797546,0.01936218678815469,0.006289308176100629,0.04285714285714286,0.3624999999999998,0.06250000000000004,0.20512820512820518,0.014285714285714294
0.901840490797546,0.01936218678815469,0.0,0.1,0.3624999999999998,0.06250000000000004,0.20512820512820518,0.014285714285714294
