temp,humd,co2,voc1,voc2,no2,eth,co
0.926380368098159,0.0375854214123005,0.027253668763102725,0.1,0.3499999999999998,0.046875000000000035,0.19230769230769235,0.014285714285714294
0.926380368098159,0.03872437357630979,0.03773584905660377,0.15714285714285714,0.3499999999999998,0.046875000000000035,0.19230769230769235,0.014285714285714294
0.926380368098159,0.0375854214123005,0.0440251572327044,0.12857142857142856,0.3499999999999998,0.046875000000000035,0.19230769230769235,0.028571428571428588
0.9202453987730047,0.03986332574031867,0.03563941299790356,0.14285714285714285,0.3499999999999998,0.06250000000000004,0.19230769230769235,0.014285714285714294
0.9202453987730047,0.03986332574031867,0.0440251572327044,0.17142857142857143,0.3499999999999998,0.046875000000000035,0.19230769230769235,0.014285714285714294
0.926380368098159,0.03986332574031867,0.03773584905660377,0.18571428571428572,0.3499999999999998,0.06250000000000004,0.19230769230769235,0.014285714285714294
0.926380368098159,0.04100227790432796,0.029350104821802937,0.14285714285714285,0.3499999999999998,0.046875000000000035,0.17948717948717952,0.014285714285714294
0.926380368098159,0.04328018223234614,0.031446540880503145,0.15714285714285714,0.3499999999999998,0.046875000000000035,0.19230769230769235,0.028571428571428588
