temp,humd,co2,voc1,voc2,no2,eth,co
0.9202453987730047,0.02733485193621851,0.014675052410901468,0.04285714285714286,0.3499999999999998,0.046875000000000035,0.19230769230769235,0.014285714285714294
0.926380368098159,0.029612756264236685,0.039832285115303984,0.17142857142857143,0.3499999999999998,0.046875000000000035,0.19230769230769235,0.014285714285714294
0.926380368098159,0.02733485193621851,0.041928721174004195,0.17142857142857143,0.3499999999999998,0.06250000000000004,0.19230769230769235,0.014285714285714294
0.926380368098159,0.030751708428245973,0.04612159329140461,0.15714285714285714,0.3499999999999998,0.046875000000000035,0.19230769230769235,0.014285714285714294
0.9202453987730047,0.028473804100227797,0.041928721174004195,0.1,0.3499999999999998,0.046875000000000035,0.19230769230769235,0.014285714285714294
0.9202453987730047,0.029612756264236685,0.031446540880503145,0.11428571428571428,0.3499999999999998,0.06250000000000004,0.19230769230769235,0.014285714285714294
0.926380368098159,0.030751708428245973,0.025157232704402517,0.12857142857142856,0.3499999999999998,0.06250000000000004,0.19230769230769235,0.014285714285714294
0.926380368098159,0.029612756264236685,0.03773584905660377,0.14285714285714285,0.3499999999999998,0.06250000000000004,0.17948717948717952,0.014285714285714294
