temp,humd,co2,voc1,voc2,no2,eth,co
0.852760736196318,0.03189066059225527,0.008385744234800839,0.04285714285714286,0.37499999999999983,0.07812500000000006,0.21794871794871803,0.014285714285714294
0.8588957055214723,0.03302961275626415,0.012578616352201259,0.0,0.3874999999999999,0.07812500000000006,0.21794871794871803,0.014285714285714294
0.852760736196318,0.03189066059225527,0.0041928721174004195,0.12857142857142856,0.37499999999999983,0.07812500000000006,0.21794871794871803,0.014285714285714294
0.8588957055214723,0.03189066059225527,0.014675052410901468,0.02857142857142857,0.3874999999999999,0.07812500000000006,0.21794871794871803,0.014285714285714294
0.852760736196318,0.03189066059225527,0.012578616352201259,0.07142857142857142,0.3874999999999999,0.07812500000000006,0.21794871794871803,0.014285714285714294
0.8588957055214723,0.03302961275626415,0.0020964360587002098,0.02857142857142857,0.37499999999999983,0.07812500000000006,0.21794871794871803,0.014285714285714294
0.8588957055214723,0.03189066059225527,0.0020964360587002098,0.014285714285714285,0.3874999999999999,0.07812500000000006,0.21794871794871803,0.014285714285714294
0.852760736196318,0.03189066059225527,0.006289308176100629,0.04285714285714286,0.3874999999999999,0.07812500000000006,0.21794871794871803,0.014285714285714294
