temp,humd,co2,voc1,voc2,no2,eth,co
0.9202453987730047,0.03189066059225527,0.025157232704402517,0.08571428571428572,0.3499999999999998,0.046875000000000035,0.19230769230769235,0.014285714285714294
0.926380368098159,0.03302961275626415,0.033542976939203356,0.17142857142857143,0.3499999999999998,0.046875000000000035,0.19230769230769235,0.014285714285714294
0.9202453987730047,0.03302961275626415,0.033542976939203356,0.1,0.3499999999999998,0.046875000000000035,0.19230769230769235,0.014285714285714294
0.9202453987730047,0.03302961275626415,0.0440251572327044,0.1,0.3499999999999998,0.06250000000000004,0.19230769230769235,0.028571428571428588
0.926380368098159,0.03416856492027344,0.0440251572327044,0.07142857142857142,0.3499999999999998,0.046875000000000035,0.19230769230769235,0.014285714285714294
0.9202453987730047,0.03530751708428232,0.0440251572327044,0.15714285714285714,0.3499999999999998,0.06250000000000004,0.19230769230769235,0.014285714285714294
0.9202453987730047,0.03416856492027344,0.027253668763102725,0.04285714285714286,0.3499999999999998,0.046875000000000035,0.19230769230769235,0.014285714285714294
0.926380368098159,0.0375854214123005,0.029350104821802937,0.1,0.3499999999999998,0.06250000000000004,0.19230769230769235,0.014285714285714294
