temp,humd,co2,voc1,voc2,no2,eth,co
0.8466257668711659,0.04100227790432796,0.010482180293501049,0.0,0.3999999999999999,0.07812500000000006,0.23076923076923073,0.014285714285714294
0.8466257668711659,0.03986332574031867,0.016771488469601678,0.07142857142857142,0.3999999999999999,0.07812500000000006,0.23076923076923073,0.014285714285714294
0.8466257668711659,0.03872437357630979,0.008385744234800839,0.11428571428571428,0.3999999999999999,0.07812500000000006,0.23076923076923073,0.014285714285714294
0.8466257668711659,0.03986332574031867,0.014675052410901468,0.1,0.3999999999999999,0.07812500000000006,0.23076923076923073,0.014285714285714294
0.8466257668711659,0.03986332574031867,0.016771488469601678,0.05714285714285714,0.3874999999999999,0.07812500000000006,0.23076923076923073,0.014285714285714294
0.8466257668711659,0.03986332574031867,0.020964360587002098,0.1,0.3874999999999999,0.07812500000000006,0.23076923076923073,0.014285714285714294
0.8466257668711659,0.04100227790432796,0.010482180293501049,0.07142857142857142,0.3874999999999999,0.07812500000000006,0.23076923076923073,0.014285714285714294
0.8466257668711659,0.03872437357630979,0.006289308176100629,0.14285714285714285,0.3874999999999999,0.07812500000000006,0.23076923076923073,0.014285714285714294
