temp,humd,co2,voc1,voc2,no2,eth,co
0.9325153374233134,0.04441913439635543,0.018867924528301886,0.12857142857142856,0.3499999999999998,0.046875000000000035,0.19230769230769235,0.014285714285714294
0.9325153374233134,0.04441913439635543,0.010482180293501049,0.1,0.3375000000000001,0.046875000000000035,0.17948717948717952,0.014285714285714294
0.926380368098159,0.04441913439635543,0.014675052410901468,0.07142857142857142,0.3499999999999998,0.046875000000000035,0.17948717948717952,0.014285714285714294
0.9325153374233134,0.042141230068337254,0.0020964360587002098,0.07142857142857142,0.3375000000000001,0.046875000000000035,0.17948717948717952,0.014285714285714294
0.9325153374233134,0.04328018223234614,0.010482180293501049,0.12857142857142856,0.3375000000000001,0.046875000000000035,0.17948717948717952,0.014285714285714294
0.9325153374233134,0.04328018223234614,0.0,0.08571428571428572,0.3375000000000001,0.046875000000000035,0.17948717948717952,0.014285714285714294
0.9325153374233134,0.04328018223234614,0.014675052410901468,0.05714285714285714,0.3375000000000001,0.046875000000000035,0.17948717948717952,0.014285714285714294
0.9386503067484655,0.042141230068337254,0.027253668763102725,0.1,0.3375000000000001,0.046875000000000035,0.17948717948717952,0.014285714285714294
