temp,humd,co2,voc1,voc2,no2,eth,co
0.901840490797546,0.015945330296127633,0.012578616352201259,0.11428571428571428,0.3624999999999998,0.06250000000000004,0.19230769230769235,0.014285714285714294
0.9079754601226983,0.01936218678815469,0.010482180293501049,0.1,0.3624999999999998,0.06250000000000004,0.20512820512820518,0.014285714285714294
0.901840490797546,0.018223234624145806,0.010482180293501049,0.05714285714285714,0.3624999999999998,0.06250000000000004,0.19230769230769235,0.014285714285714294
0.901840490797546,0.018223234624145806,0.018867924528301886,0.15714285714285714,0.3624999999999998,0.06250000000000004,0.20512820512820518,0.028571428571428588
0.901840490797546,0.018223234624145806,0.006289308176100629,0.04285714285714286,0.3624999999999998,0.06250000000000004,0.19230769230769235,0.014285714285714294
0.901840490797546,0.01936218678815469,0.020964360587002098,0.07142857142857142,0.3624999999999998,0.06250000000000004,0.20512820512820518,0.028571428571428588
0.901840490797546,0.018223234624145806,0.012578616352201259,0.1,0.3624999999999998,0.06250000000000004,0.20512820512820518,0.014285714285714294
0.901840490797546,0.018223234624145806,0.006289308176100629,0.17142857142857143,0.3624999999999998,0.06250000000000004,0.20512820512820518,0.014285714285714294
