temp,humd,co2,voc1,voc2,no2,eth,co
0.8466257668711659,0.03872437357630979,0.029350104821802937,0.11428571428571428,0.3874999999999999,0.07812500000000006,0.23076923076923073,0.014285714285714294
0.8466257668711659,0.03872437357630979,0.0020964360587002098,0.12857142857142856,0.3874999999999999,0.07812500000000006,0.23076923076923073,0.014285714285714294
0.8466257668711659,0.03530751708428232,0.0020964360587002098,0.014285714285714285,0.3874999999999999,0.07812500000000006,0.23076923076923073,0.014285714285714294
0.8466257668711659,0.03872437357630979,0.0,0.15714285714285714,0.3874999999999999,0.07812500000000006,0.23076923076923073,0.014285714285714294
0.8466257668711659,0.03872437357630979,0.025157232704402517,0.04285714285714286,0.3874999999999999,0.07812500000000006,0.23076923076923073,0.014285714285714294
0.8466257668711659,0.03644646924829161,0.010482180293501049,0.07142857142857142,0.3874999999999999,0.07812500000000006,0.23076923076923073,0.014285714285714294
0.8466257668711659,0.0375854214123005,0.027253668763102725,0.1,0.3874999999999999,0.07812500000000006,0.23076923076923073,0.014285714285714294
0.852760736196318,0.03872437357630979,0.0,0.05714285714285714,0.3874999999999999,0.07812500000000006,0.23076923076923073,0.014285714285714294
