temp,humd,co2,voc1,voc2,no2,eth,co
0.8343558282208594,0.03416856492027344,0.012578616352201259,0.07142857142857142,0.3999999999999999,0.07812500000000006,0.23076923076923073,0.014285714285714294
0.8343558282208594,0.03416856492027344,0.018867924528301886,0.02857142857142857,0.3999999999999999,0.07812500000000006,0.23076923076923073,0.014285714285714294
0.8343558282208594,0.03530751708428232,0.008385744234800839,0.12857142857142856,0.3999999999999999,0.07812500000000006,0.23076923076923073,0.014285714285714294
0.8343558282208594,0.03644646924829161,0.020964360587002098,0.17142857142857143,0.3999999999999999,0.07812500000000006,0.23076923076923073,0.014285714285714294
0.8343558282208594,0.03302961275626415,0.016771488469601678,0.07142857142857142,0.3999999999999999,0.07812500000000006,0.23076923076923073,0.028571428571428588
0.8282208588957051,0.03644646924829161,0.008385744234800839,0.04285714285714286,0.3999999999999999,0.07812500000000006,0.23076923076923073,0.028571428571428588
0.8343558282208594,0.03416856492027344,0.016771488469601678,0.07142857142857142,0.3999999999999999,0.07812500000000006,0.23076923076923073,0.028571428571428588
0.8343558282208594,0.03530751708428232,0.0,0.07142857142857142,0.3999999999999999,0.07812500000000006,0.23076923076923073,0.028571428571428588
