temp,humd,co2,voc1,voc2,no2,eth,co
0.8343558282208594,0.0375854214123005,0.012578616352201259,0.05714285714285714,0.3999999999999999,0.07812500000000006,0.23076923076923073,0.014285714285714294
0.8343558282208594,0.03644646924829161,0.0041928721174004195,0.04285714285714286,0.3999999999999999,0.09375000000000007,0.24358974358974356,0.014285714285714294
0.8343558282208594,0.03644646924829161,0.006289308176100629,0.08571428571428572,0.3999999999999999,0.07812500000000006,0.23076923076923073,0.014285714285714294
0.8404907975460115,0.03530751708428232,0.023060796645702306,0.04285714285714286,0.3999999999999999,0.07812500000000006,0.23076923076923073,0.014285714285714294
0.8343558282208594,0.03644646924829161,0.010482180293501049,0.12857142857142856,0.3999999999999999,0.07812500000000006,0.23076923076923073,0.014285714285714294
0.8343558282208594,0.03416856492027344,0.010482180293501049,0.07142857142857142,0.3999999999999999,0.07812500000000006,0.23076923076923073,0.014285714285714294
0.8343558282208594,0.03416856492027344,0.006289308176100629,0.014285714285714285,0.3999999999999999,0.07812500000000006,0.23076923076923073,0.014285714285714294
0.8404907975460115,0.03530751708428232,0.016771488469601678,0.07142857142857142,0.3999999999999999,0.07812500000000006,0.23076923076923073,0.014285714285714294
