temp,humd,co2,voc1,voc2,no2,eth,co
0.901840490797546,0.01708428246013652,0.012578616352201259,0.07142857142857142,0.3624999999999998,0.046875000000000035,0.19230769230769235,0.014285714285714294
0.901840490797546,0.015945330296127633,0.008385744234800839,0.1,0.3499999999999998,0.046875000000000035,0.19230769230769235,0.014285714285714294
0.9079754601226983,0.015945330296127633,0.006289308176100629,0.11428571428571428,0.3499999999999998,0.06250000000000004,0.19230769230769235,0.014285714285714294
0.9079754601226983,0.01708428246013652,0.008385744234800839,0.08571428571428572,0.3499999999999998,0.06250000000000004,0.19230769230769235,0.014285714285714294
0.901840490797546,0.01708428246013652,0.006289308176100629,0.014285714285714285,0.3499999999999998,0.06250000000000004,0.19230769230769235,0.014285714285714294
0.901840490797546,0.01708428246013652,0.0041928721174004195,0.08571428571428572,0.3499999999999998,0.06250000000000004,0.19230769230769235,0.014285714285714294
0.9079754601226983,0.015945330296127633,0.006289308176100629,0.04285714285714286,0.3499999999999998,0.06250000000000004,0.19230769230769235,0.014285714285714294
0.9079754601226983,0.01936218678815469,0.014675052410901468,0.08571428571428572,0.3499999999999998,0.06250000000000004,0.19230769230769235,0.014285714285714294
