temp,humd,co2,voc1,voc2,no2,eth,co
0.901840490797546,0.018223234624145806,0.014675052410901468,0.1,0.3499999999999998,0.06250000000000004,0.20512820512820518,0.014285714285714294
0.901840490797546,0.01936218678815469,0.018867924528301886,0.08571428571428572,0.3624999999999998,0.06250000000000004,0.19230769230769235,0.014285714285714294
0.901840490797546,0.018223234624145806,0.012578616352201259,0.05714285714285714,0.3499999999999998,0.06250000000000004,0.19230769230769235,0.014285714285714294
0.901840490797546,0.018223234624145806,0.008385744234800839,0.1,0.3624999999999998,0.06250000000000004,0.20512820512820518,0.014285714285714294
0.901840490797546,0.018223234624145806,0.014675052410901468,0.14285714285714285,0.3624999999999998,0.06250000000000004,0.19230769230769235,0.014285714285714294
0.901840490797546,0.018223234624145806,0.016771488469601678,0.05714285714285714,0.3499999999999998,0.06250000000000004,0.19230769230769235,0.014285714285714294
0.901840490797546,0.01708428246013652,0.0,0.0,0.3624999999999998,0.06250000000000004,0.20512820512820518,0.014285714285714294
0.9079754601226983,0.015945330296127633,0.010482180293501049,0.014285714285714285,0.3624999999999998,0.06250000000000004,0.19230769230769235,0.014285714285714294
