temp,humd,co2,voc1,voc2,no2,eth,co
0.9202453987730047,0.011389521640090876,0.012578616352201259,0.014285714285714285,0.3499999999999998,0.046875000000000035,0.19230769230769235,0.014285714285714294
0.9202453987730047,0.011389521640090876,0.006289308176100629,0.07142857142857142,0.3499999999999998,0.046875000000000035,0.19230769230769235,0.014285714285714294
0.9202453987730047,0.012528473804100167,0.0,0.0,0.3499999999999998,0.046875000000000035,0.19230769230769235,0.014285714285714294
0.9202453987730047,0.011389521640090876,0.010482180293501049,0.014285714285714285,0.3499999999999998,0.046875000000000035,0.19230769230769235,0.014285714285714294
0.9202453987730047,0.011389521640090876,0.0,0.04285714285714286,0.3499999999999998,0.046875000000000035,0.19230769230769235,0.014285714285714294
0.9202453987730047,0.01025056947608199,0.010482180293501049,0.0,0.3499999999999998,0.046875000000000035,0.19230769230769235,0.014285714285714294
0.9141104294478526,0.012528473804100167,0.014675052410901468,0.15714285714285714,0.3499999999999998,0.046875000000000035,0.19230769230769235,0.014285714285714294
0.9202453987730047,0.011389521640090876,0.014675052410901468,0.1,0.3499999999999998,0.046875000000000035,0.19230769230769235,0.014285714285714294
