temp,humd,co2,voc1,voc2,no2,eth,co
0.9141104294478526,0.014806378132118343,0.0020964360587002098,0.05714285714285714,0.3499999999999998,0.046875000000000035,0.19230769230769235,0.014285714285714294
0.9202453987730047,0.013667425968109456,0.018867924528301886,0.04285714285714286,0.3499999999999998,0.046875000000000035,0.19230769230769235,0.014285714285714294
0.9141104294478526,0.015945330296127633,0.0020964360587002098,0.07142857142857142,0.3499999999999998,0.046875000000000035,0.19230769230769235,0.014285714285714294
0.9202453987730047,0.013667425968109456,0.008385744234800839,0.07142857142857142,0.3499999999999998,0.046875000000000035,0.19230769230769235,0.014285714285714294
0.9141104294478526,0.013667425968109456,0.010482180293501049,0.014285714285714285,0.3499999999999998,0.046875000000000035,0.19230769230769235,0.014285714285714294
0.9202453987730047,0.013667425968109456,0.0,0.014285714285714285,0.3499999999999998,0.046875000000000035,0.19230769230769235,0.014285714285714294
0.9202453987730047,0.012528473804100167,0.006289308176100629,0.02857142857142857,0.3499999999999998,0.046875000000000035,0.19230769230769235,0.014285714285714294
0.9202453987730047,0.012528473804100167,0.0,0.02857142857142857,0.3499999999999998,0.046875000000000035,0.19230769230769235,0.014285714285714294
