temp,humd,co2,voc1,voc2,no2,eth,co
0.8957055214723918,0.022779043280182158,0.0,0.07142857142857142,0.37499999999999983,0.06250000000000004,0.20512820512820518,0.014285714285714294
0.901840490797546,0.02391799544419145,0.008385744234800839,0.05714285714285714,0.37499999999999983,0.06250000000000004,0.20512820512820518,0.014285714285714294
0.8957055214723918,0.022779043280182158,0.008385744234800839,0.1,0.37499999999999983,0.06250000000000004,0.21794871794871803,0.014285714285714294
0.8957055214723918,0.021640091116173273,0.0041928721174004195,0.11428571428571428,0.37499999999999983,0.06250000000000004,0.20512820512820518,0.014285714285714294
0.8957055214723918,0.021640091116173273,0.018867924528301886,0.05714285714285714,0.37499999999999983,0.06250000000000004,0.20512820512820518,0.014285714285714294
0.8957055214723918,0.02391799544419145,0.014675052410901468,0.05714285714285714,0.37499999999999983,0.06250000000000004,0.21794871794871803,0.014285714285714294
0.901840490797546,0.021640091116173273,0.008385744234800839,0.05714285714285714,0.37499999999999983,0.06250000000000004,0.20512820512820518,0.014285714285714294
0.8957055214723918,0.022779043280182158,0.0020964360587002098,0.08571428571428572,0.37499999999999983,0.06250000000000004,0.20512820512820518,0.014285714285714294
