temp,humd,co2,voc1,voc2,no2,eth,co
0.8957055214723918,0.022779043280182158,0.016771488469601678,0.1,0.37499999999999983,0.06250000000000004,0.20512820512820518,0.014285714285714294
0.8957055214723918,0.021640091116173273,0.018867924528301886,0.08571428571428572,0.37499999999999983,0.06250000000000004,0.20512820512820518,0.014285714285714294
0.8957055214723918,0.022779043280182158,0.016771488469601678,0.11428571428571428,0.37499999999999983,0.06250000000000004,0.20512820512820518,0.014285714285714294
0.901840490797546,0.02050113895216398,0.010482180293501049,0.1,0.37499999999999983,0.06250000000000004,0.20512820512820518,0.014285714285714294
0.8957055214723918,0.022779043280182158,0.006289308176100629,0.1,0.37499999999999983,0.06250000000000004,0.20512820512820518,0.014285714285714294
0.901840490797546,0.01936218678815469,0.0020964360587002098,0.1,0.37499999999999983,0.06250000000000004,0.20512820512820518,0.014285714285714294
0.8957055214723918,0.021640091116173273,0.0020964360587002098,0.02857142857142857,0.37499999999999983,0.06250000000000004,0.20512820512820518,0.014285714285714294
0.8957055214723918,0.021640091116173273,0.006289308176100629,0.07142857142857142,0.37499999999999983,0.06250000000000004,0.20512820512820518,0.014285714285714294
