temp,humd,co2,voc1,voc2,no2,eth,co
0.901840490797546,0.018223234624145806,0.0,0.08571428571428572,0.3624999999999998,0.06250000000000004,0.20512820512820518,0.014285714285714294
0.901840490797546,0.01936218678815469,0.0,0.11428571428571428,0.3624999999999998,0.06250000000000004,0.20512820512820518,0.028571428571428588
0.9079754601226983,0.018223234624145806,0.0,0.04285714285714286,0.3624999999999998,0.06250000000000004,0.20512820512820518,0.028571428571428588
0.901840490797546,0.018223234624145806,0.012578616352201259,0.12857142857142856,0.3624999999999998,0.06250000000000004,0.20512820512820518,0.014285714285714294
0.9079754601226983,0.02050113895216398,0.023060796645702306,0.1,0.3624999999999998,0.06250000000000004,0.20512820512820518,0.014285714285714294
0.9079754601226983,0.018223234624145806,0.0,0.14285714285714285,0.3624999999999998,0.06250000000000004,0.20512820512820518,0.014285714285714294
0.901840490797546,0.018223234624145806,0.023060796645702306,0.12857142857142856,0.3624999999999998,0.06250000000000004,0.20512820512820518,0.014285714285714294
0.9079754601226983,0.01708428246013652,0.010482180293501049,0.08571428571428572,0.3624999999999998,0.06250000000000004,0.19230769230769235,0.014285714285714294
