temp,humd,co2,voc1,voc2,no2,eth,co
0.950920245398772,0.015945330296127633,0.014675052410901468,0.05714285714285714,0.3375000000000001,0.046875000000000035,0.17948717948717952,0.014285714285714294
0.9447852760736198,0.014806378132118343,0.006289308176100629,0.02857142857142857,0.3375000000000001,0.046875000000000035,0.17948717948717952,0.0
0.950920245398772,0.013667425968109456,0.0,0.02857142857142857,0.3375000000000001,0.046875000000000035,0.17948717948717952,0.014285714285714294
0.9447852760736198,0.013667425968109456,0.0,0.0,0.3375000000000001,0.046875000000000035,0.17948717948717952,0.014285714285714294
0.950920245398772,0.014806378132118343,0.006289308176100629,0.014285714285714285,0.3375000000000001,0.046875000000000035,0.17948717948717952,0.014285714285714294
0.9447852760736198,0.013667425968109456,0.0,0.02857142857142857,0.32500000000000007,0.046875000000000035,0.17948717948717952,0.0
0.9447852760736198,0.013667425968109456,0.014675052410901468,0.0,0.3375000000000001,0.03125000000000002,0.17948717948717952,0.014285714285714294
0.9447852760736198,0.011389521640090876,0.010482180293501049,0.05714285714285714,0.3375000000000001,0.03125000000000002,0.17948717948717952,0.014285714285714294
