temp,humd,co2,voc1,voc2,no2,eth,co
0.950920245398772,0.01025056947608199,0.016771488469601678,0.02857142857142857,0.32500000000000007,0.046875000000000035,0.17948717948717952,0.014285714285714294
0.950920245398772,0.01025056947608199,0.0,0.0,0.3375000000000001,0.03125000000000002,0.17948717948717952,0.014285714285714294
0.950920245398772,0.01025056947608199,0.018867924528301886,0.02857142857142857,0.3375000000000001,0.03125000000000002,0.17948717948717952,0.0
0.9570552147239263,0.009111617312072702,0.0,0.02857142857142857,0.3375000000000001,0.046875000000000035,0.17948717948717952,0.014285714285714294
0.950920245398772,0.01025056947608199,0.014675052410901468,0.014285714285714285,0.32500000000000007,0.046875000000000035,0.17948717948717952,0.014285714285714294
0.950920245398772,0.01025056947608199,0.006289308176100629,0.02857142857142857,0.3375000000000001,0.03125000000000002,0.17948717948717952,0.0
0.950920245398772,0.009111617312072702,0.008385744234800839,0.02857142857142857,0.32500000000000007,0.03125000000000002,0.17948717948717952,0.014285714285714294
0.950920245398772,0.006833712984054526,0.0,0.07142857142857142,0.3375000000000001,0.03125000000000002,0.17948717948717952,0.0
