temp,humd,co2,voc1,voc2,no2,eth,co
0.9386503067484655,0.02733485193621851,0.010482180293501049,0.05714285714285714,0.3375000000000001,0.046875000000000035,0.17948717948717952,0.014285714285714294
0.9386503067484655,0.026195899772209624,0.008385744234800839,0.05714285714285714,0.3375000000000001,0.046875000000000035,0.17948717948717952,0.014285714285714294
0.9447852760736198,0.02733485193621851,0.0041928721174004195,0.04285714285714286,0.3375000000000001,0.046875000000000035,0.17948717948717952,0.014285714285714294
0.9386503067484655,0.02391799544419145,0.0,0.0,0.3375000000000001,0.046875000000000035,0.17948717948717952,0.0
0.9447852760736198,0.025056947608200333,0.0,0.04285714285714286,0.3375000000000001,0.046875000000000035,0.17948717948717952,0.0
0.9447852760736198,0.022779043280182158,0.010482180293501049,0.04285714285714286,0.3375000000000001,0.046875000000000035,0.17948717948717952,0.0
0.9447852760736198,0.02391799544419145,0.010482180293501049,0.04285714285714286,0.3375000000000001,0.046875000000000035,0.17948717948717952,0.014285714285714294
0.9447852760736198,0.021640091116173273,0.016771488469601678,0.02857142857142857,0.3375000000000001,0.046875000000000035,0.17948717948717952,0.014285714285714294
