temp,humd,co2,voc1,voc2,no2,eth,co
0.9570552147239263,0.0022779043280181754,0.008385744234800839,0.0,0.3375000000000001,0.03125000000000002,0.16666666666666669,0.014285714285714294
0.9570552147239263,0.004555808656036351,0.0,0.0,0.32500000000000007,0.03125000000000002,0.17948717948717952,0.014285714285714294
0.9570552147239263,0.0022779043280181754,0.014675052410901468,0.05714285714285714,0.32500000000000007,0.03125000000000002,0.17948717948717952,0.014285714285714294
0.9570552147239263,0.0022779043280181754,0.012578616352201259,0.1,0.32500000000000007,0.03125000000000002,0.17948717948717952,0.014285714285714294
0.950920245398772,0.0011389521640088854,0.008385744234800839,0.014285714285714285,0.32500000000000007,0.03125000000000002,0.17948717948717952,0.014285714285714294
0.950920245398772,0.0022779043280181754,0.018867924528301886,0.08571428571428572,0.32500000000000007,0.046875000000000035,0.16666666666666669,0.0
0.950920245398772,0.0011389521640088854,0.010482180293501049,0.05714285714285714,0.32500000000000007,0.03125000000000002,0.16666666666666669,0.014285714285714294
0.9570552147239263,0.0,0.014675052410901468,0.1,0.32500000000000007,0.03125000000000002,0.17948717948717952,0.014285714285714294
