temp,humd,co2,voc1,voc2,no2,eth,co
0.9202453987730047,0.021640091116173273,0.016771488469601678,0.0,0.3499999999999998,0.046875000000000035,0.19230769230769235,0.014285714285714294
0.9202453987730047,0.022779043280182158,0.03773584905660377,0.12857142857142856,0.3499999999999998,0.046875000000000035,0.19230769230769235,0.014285714285714294
0.9141104294478526,0.02391799544419145,0.029350104821802937,0.04285714285714286,0.3499999999999998,0.046875000000000035,0.19230769230769235,0.014285714285714294
0.9202453987730047,0.025056947608200333,0.039832285115303984,0.02857142857142857,0.3499999999999998,0.046875000000000035,0.19230769230769235,0.014285714285714294
0.9202453987730047,0.02391799544419145,0.016771488469601678,0.04285714285714286,0.3499999999999998,0.046875000000000035,0.19230769230769235,0.014285714285714294
0.9202453987730047,0.02391799544419145,0.027253668763102725,0.08571428571428572,0.3499999999999998,0.046875000000000035,0.19230769230769235,0.028571428571428588
0.9202453987730047,0.026195899772209624,0.027253668763102725,0.08571428571428572,0.3499999999999998,0.06250000000000004,0.19230769230769235,0.014285714285714294
0.926380368098159,0.02733485193621851,0.039832285115303984,0.014285714285714285,0.3499999999999998,0.06250000000000004,0.19230769230769235,0.014285714285714294
