temp,humd,co2,voc1,voc2,no2,eth,co
0.8588957055214723,0.030751708428245973,0.006289308176100629,0.04285714285714286,0.37499999999999983,0.06250000000000004,0.21794871794871803,0.014285714285714294
0.8588957055214723,0.03189066059225527,0.0041928721174004195,0.04285714285714286,0.3874999999999999,0.07812500000000006,0.21794871794871803,0.014285714285714294
0.8588957055214723,0.03189066059225527,0.0,0.1,0.3874999999999999,0.07812500000000006,0.21794871794871803,0.014285714285714294
0.8650306748466245,0.030751708428245973,0.008385744234800839,0.05714285714285714,0.37499999999999983,0.06250000000000004,0.21794871794871803,0.014285714285714294
0.8588957055214723,0.030751708428245973,0.0,0.05714285714285714,0.37499999999999983,0.07812500000000006,0.21794871794871803,0.014285714285714294
0.8588957055214723,0.030751708428245973,0.008385744234800839,0.014285714285714285,0.3874999999999999,0.07812500000000006,0.21794871794871803,0.014285714285714294
0.8588957055214723,0.03189066059225527,0.0,0.0,0.37499999999999983,0.06250000000000004,0.21794871794871803,0.014285714285714294
0.8650306748466245,0.03189066059225527,0.023060796645702306,0.05714285714285714,0.37499999999999983,0.07812500000000006,0.21794871794871803,0.014285714285714294
