temp,humd,co2,voc1,voc2,no2,eth,co
0.9202453987730047,0.011389521640090876,0.023060796645702306,0.1,0.3499999999999998,0.046875000000000035,0.19230769230769235,0.014285714285714294
0.9202453987730047,0.01025056947608199,0.016771488469601678,0.1,0.3499999999999998,0.046875000000000035,0.19230769230769235,0.014285714285714294
0.9202453987730047,0.01025056947608199,0.010482180293501049,0.02857142857142857,0.3499999999999998,0.046875000000000035,0.19230769230769235,0.014285714285714294
0.926380368098159,0.011389521640090876,0.018867924528301886,0.014285714285714285,0.3499999999999998,0.046875000000000035,0.17948717948717952,0.014285714285714294
0.9202453987730047,0.011389521640090876,0.016771488469601678,0.04285714285714286,0.3499999999999998,0.046875000000000035,0.19230769230769235,0.014285714285714294
0.9202453987730047,0.011389521640090876,0.025157232704402517,0.014285714285714285,0.3499999999999998,0.046875000000000035,0.19230769230769235,0.014285714285714294
0.9202453987730047,0.009111617312072702,0.016771488469601678,0.04285714285714286,0.3499999999999998,0.046875000000000035,0.19230769230769235,0.014285714285714294
0.9141104294478526,0.011389521640090876,0.014675052410901468,0.0,0.3499999999999998,0.046875000000000035,0.19230769230769235,0.014285714285714294
