temp,humd,co2,voc1,voc2,no2,eth,co
0.8466257668711659,0.03530751708428232,0.0020964360587002098,0.0,0.3874999999999999,0.07812500000000006,0.23076923076923073,0.014285714285714294
0.8466257668711659,0.03644646924829161,0.006289308176100629,0.014285714285714285,0.3874999999999999,0.07812500000000006,0.23076923076923073,0.014285714285714294
0.8466257668711659,0.03644646924829161,0.0,0.05714285714285714,0.3874999999999999,0.07812500000000006,0.23076923076923073,0.014285714285714294
0.852760736196318,0.03644646924829161,0.018867924528301886,0.02857142857142857,0.3874999999999999,0.07812500000000006,0.23076923076923073,0.014285714285714294
0.852760736196318,0.0375854214123005,0.023060796645702306,0.07142857142857142,0.3874999999999999,0.07812500000000006,0.23076923076923073,0.014285714285714294
0.8466257668711659,0.03530751708428232,0.025157232704402517,0.05714285714285714,0.3874999999999999,0.07812500000000006,0.23076923076923073,0.014285714285714294
0.852760736196318,0.03644646924829161,0.014675052410901468,0.08571428571428572,0.3874999999999999,0.07812500000000006,0.23076923076923073,0.014285714285714294
0.852760736196318,0.03530751708428232,0.016771488469601678,0.014285714285714285,0.3874999999999999,0.07812500000000006,0.23076923076923073,0.014285714285714294
