temp,humd,co2,voc1,voc2,no2,eth,co
0.9447852760736198,0.006833712984054526,0.018867924528301886,0.02857142857142857,0.3375000000000001,0.03125000000000002,0.17948717948717952,0.0
0.950920245398772,0.005694760820045641,0.0041928721174004195,0.0,0.3375000000000001,0.03125000000000002,0.17948717948717952,0.0
0.950920245398772,0.007972665148063817,0.020964360587002098,0.04285714285714286,0.32500000000000007,0.03125000000000002,0.17948717948717952,0.014285714285714294
0.950920245398772,0.006833712984054526,0.025157232704402517,0.05714285714285714,0.32500000000000007,0.046875000000000035,0.17948717948717952,0.0
0.950920245398772,0.005694760820045641,0.0,0.014285714285714285,0.3375000000000001,0.03125000000000002,0.17948717948717952,0.0
0.950920245398772,0.005694760820045641,0.018867924528301886,0.014285714285714285,0.32500000000000007,0.03125000000000002,0.17948717948717952,0.014285714285714294
0.950920245398772,0.004555808656036351,0.023060796645702306,0.08571428571428572,0.32500000000000007,0.03125000000000002,0.16666666666666669,0.014285714285714294
0.9570552147239263,0.004555808656036351,0.023060796645702306,0.07142857142857142,0.32500000000000007,0.03125000000000002,0.16666666666666669,0.014285714285714294
