temp,humd,co2,voc1,voc2,no2,eth,co
0.9386503067484655,0.28018223234624123,0.0,0.22857142857142856,0.12499999999999986,0.09375000000000007,0.10256410256410252,0.2142857142857144
0.9325153374233134,0.27790432801822346,0.0,0.21428571428571427,0.12499999999999986,0.09375000000000007,0.10256410256410252,0.2142857142857144
0.9386503067484655,0.2733485193621871,0.0,0.15714285714285714,0.12499999999999986,0.09375000000000007,0.10256410256410252,0.20000000000000012
0.9325153374233134,0.274487471526196,0.0,0.15714285714285714,0.12499999999999986,0.09375000000000007,0.11538461538461536,0.20000000000000012
0.926380368098159,0.2722095671981774,0.0,0.12857142857142856,0.12499999999999986,0.09375000000000007,0.10256410256410252,0.20000000000000012
0.9325153374233134,0.26879271070615074,0.0,0.11428571428571428,0.12499999999999986,0.09375000000000007,0.10256410256410252,0.20000000000000012
0.926380368098159,0.2676537585421411,0.0,0.12857142857142856,0.11249999999999985,0.09375000000000007,0.10256410256410252,0.20000000000000012
0.926380368098159,0.2676537585421411,0.0,0.18571428571428572,0.12499999999999986,0.09375000000000007,0.10256410256410252,0.20000000000000012
