temp,humd,co2,voc1,voc2,no2,eth,co
0.9938650306748457,0.47722095671981807,0.4758909853249476,0.9285714285714286,0.1624999999999999,0.1406250000000001,0.14102564102564102,0.5571428571428572
1.0,0.47835990888382696,0.4716981132075472,0.9571428571428572,0.1624999999999999,0.1406250000000001,0.14102564102564102,0.5428571428571429
0.9938650306748457,0.4817767653758544,0.44863731656184486,0.9285714285714286,0.1624999999999999,0.1406250000000001,0.14102564102564102,0.5428571428571429
1.0,0.4817767653758544,0.4129979035639413,0.9428571428571428,0.14999999999999988,0.1406250000000001,0.14102564102564102,0.5285714285714286
0.9938650306748457,0.4840546697038722,0.3920335429769392,0.8857142857142857,0.1624999999999999,0.1406250000000001,0.14102564102564102,0.5142857142857143
1.0,0.4874715261958996,0.36477987421383645,0.8285714285714286,0.1624999999999999,0.1406250000000001,0.14102564102564102,0.5142857142857143
1.0,0.48633257403189073,0.36268343815513626,0.9428571428571428,0.14999999999999988,0.1406250000000001,0.14102564102564102,0.5
1.0,0.4874715261958996,0.3333333333333333,0.8571428571428571,0.14999999999999988,0.1406250000000001,0.14102564102564102,0.4857142857142857
