temp,humd,co2,voc1,voc2,no2,eth,co
1.0,0.4726651480637817,0.13626834381551362,0.7142857142857143,0.14999999999999988,0.12500000000000008,0.14102564102564102,0.3999999999999999
1.0,0.4703872437357631,0.12368972746331237,0.7,0.14999999999999988,0.12500000000000008,0.14102564102564102,0.3857142857142856
1.0,0.46810933940774535,0.11530398322851153,0.7,0.14999999999999988,0.12500000000000008,0.14102564102564102,0.37142857142857133
1.0,0.46469248291571785,0.10062893081761007,0.6428571428571429,0.14999999999999988,0.12500000000000008,0.14102564102564102,0.35714285714285704
0.9938650306748457,0.46469248291571785,0.08176100628930817,0.6,0.14999999999999988,0.12500000000000008,0.14102564102564102,0.35714285714285704
0.9938650306748457,0.45785876993166297,0.07756813417190776,0.6571428571428571,0.14999999999999988,0.12500000000000008,0.14102564102564102,0.3428571428571431
1.0,0.4533029612756266,0.07756813417190776,0.6857142857142857,0.14999999999999988,0.12500000000000008,0.1282051282051282,0.3428571428571431
0.9938650306748457,0.4521640091116177,0.07966457023060797,0.6714285714285714,0.14999999999999988,0.12500000000000008,0.1282051282051282,0.3285714285714288
