temp,humd,co2,voc1,voc2,no2,eth,co
0.8711656441717788,0.23462414578587693,0.27882599580712786,0.2,0.11249999999999985,0.09375000000000007,0.08974358974358969,0.3142857142857145
0.8834355828220853,0.23462414578587693,0.3081761006289308,0.21428571428571427,0.11249999999999985,0.07812500000000006,0.08974358974358969,0.3142857142857145
0.8773006134969331,0.23462414578587693,0.3081761006289308,0.18571428571428572,0.11249999999999985,0.09375000000000007,0.08974358974358969,0.3142857142857145
0.8773006134969331,0.23576309794988579,0.29979035639413,0.18571428571428572,0.11249999999999985,0.07812500000000006,0.08974358974358969,0.3285714285714288
0.8773006134969331,0.23576309794988579,0.2893081761006289,0.21428571428571427,0.11249999999999985,0.09375000000000007,0.08974358974358969,0.3142857142857145
0.8711656441717788,0.23576309794988579,0.2578616352201258,0.18571428571428572,0.11249999999999985,0.07812500000000006,0.08974358974358969,0.3142857142857145
0.8711656441717788,0.23690205011389548,0.24528301886792453,0.2571428571428571,0.11249999999999985,0.09375000000000007,0.08974358974358969,0.3142857142857145
0.8711656441717788,0.23462414578587693,0.23060796645702306,0.2857142857142857,0.11249999999999985,0.09375000000000007,0.08974358974358969,0.3142857142857145
