temp,humd,co2,voc1,voc2,no2,eth,co
0.901840490797546,0.24373576309794961,0.0,0.04285714285714286,0.11249999999999985,0.09375000000000007,0.10256410256410252,0.18571428571428583
0.901840490797546,0.24145785876993184,0.0,0.02857142857142857,0.11249999999999985,0.07812500000000006,0.10256410256410252,0.18571428571428583
0.8957055214723918,0.24145785876993184,0.0,0.07142857142857142,0.11249999999999985,0.09375000000000007,0.10256410256410252,0.18571428571428583
0.8957055214723918,0.23917995444191326,0.0,0.12857142857142856,0.11249999999999985,0.09375000000000007,0.08974358974358969,0.18571428571428583
0.8957055214723918,0.24145785876993184,0.0,0.11428571428571428,0.11249999999999985,0.07812500000000006,0.10256410256410252,0.18571428571428583
0.8895705521472396,0.23917995444191326,0.0,0.07142857142857142,0.11249999999999985,0.07812500000000006,0.08974358974358969,0.18571428571428583
0.8895705521472396,0.23576309794988579,0.0,0.07142857142857142,0.11249999999999985,0.09375000000000007,0.08974358974358969,0.18571428571428583
0.8895705521472396,0.23690205011389548,0.0,0.07142857142857142,0.11249999999999985,0.09375000000000007,0.08974358974358969,0.18571428571428583
