temp,humd,co2,voc1,voc2,no2,eth,co
0.926380368098159,0.34282460136674286,0.43186582809224316,0.5428571428571428,0.1749999999999999,0.1562500000000001,0.16666666666666669,0.44285714285714284
0.9325153374233134,0.34396355353075175,0.44863731656184486,0.5714285714285714,0.1624999999999999,0.1562500000000001,0.16666666666666669,0.45714285714285713
0.9325153374233134,0.3462414578587703,0.44863731656184486,0.5571428571428572,0.1749999999999999,0.1562500000000001,0.16666666666666669,0.4714285714285714
0.9325153374233134,0.3485193621867881,0.4339622641509434,0.6142857142857143,0.1749999999999999,0.1562500000000001,0.16666666666666669,0.4714285714285714
0.9325153374233134,0.35307517084282447,0.40041928721174,0.5714285714285714,0.1749999999999999,0.1562500000000001,0.16666666666666669,0.4857142857142857
0.9325153374233134,0.355353075170843,0.36477987421383645,0.6,0.1624999999999999,0.1562500000000001,0.16666666666666669,0.4714285714285714
0.9325153374233134,0.36104783599088824,0.32075471698113206,0.5428571428571428,0.1749999999999999,0.1562500000000001,0.16666666666666669,0.4714285714285714
0.9325153374233134,0.36446469248291574,0.2746331236897275,0.5857142857142857,0.1749999999999999,0.1562500000000001,0.16666666666666669,0.45714285714285713
