temp,humd,co2,voc1,voc2,no2,eth,co
0.9447852760736198,0.29612756264236884,0.0,0.22857142857142856,0.12499999999999986,0.09375000000000007,0.11538461538461536,0.2285714285714287
0.9447852760736198,0.2938496583143511,0.0,0.2571428571428571,0.12499999999999986,0.09375000000000007,0.11538461538461536,0.2142857142857144
0.9447852760736198,0.2915717539863325,0.0,0.24285714285714285,0.12499999999999986,0.09375000000000007,0.11538461538461536,0.2285714285714287
0.9386503067484655,0.2915717539863325,0.0,0.2857142857142857,0.12499999999999986,0.09375000000000007,0.11538461538461536,0.2142857142857144
0.9386503067484655,0.2904328018223236,0.0,0.2571428571428571,0.12499999999999986,0.09375000000000007,0.11538461538461536,0.2142857142857144
0.9386503067484655,0.2870159453302962,0.0,0.21428571428571427,0.12499999999999986,0.09375000000000007,0.11538461538461536,0.2142857142857144
0.9386503067484655,0.28473804100227756,0.0,0.2571428571428571,0.12499999999999986,0.09375000000000007,0.10256410256410252,0.2142857142857144
0.9386503067484655,0.2824601366742598,0.0,0.21428571428571427,0.12499999999999986,0.09375000000000007,0.11538461538461536,0.2142857142857144
