temp,humd,co2,voc1,voc2,no2,eth,co
0.6932515337423317,0.41002277904328005,0.0,0.4857142857142857,0.32500000000000007,0.6406250000000001,0.2564102564102564,0.3142857142857145
0.6871165644171775,0.40432801822323483,0.0,0.42857142857142855,0.32500000000000007,0.6406250000000001,0.2564102564102564,0.3142857142857145
0.6932515337423317,0.40432801822323483,0.0,0.34285714285714286,0.32500000000000007,0.6406250000000001,0.2564102564102564,0.3142857142857145
0.6932515337423317,0.40318906605922594,0.0,0.4142857142857143,0.32500000000000007,0.6406250000000001,0.2564102564102564,0.3142857142857145
0.6871165644171775,0.3974943052391799,0.0,0.34285714285714286,0.32500000000000007,0.6250000000000001,0.2564102564102564,0.3000000000000002
0.6871165644171775,0.396355353075171,0.0,0.4,0.32500000000000007,0.6250000000000001,0.2564102564102564,0.3000000000000002
0.6809815950920253,0.39293849658314356,0.0,0.5,0.32500000000000007,0.6250000000000001,0.2564102564102564,0.3000000000000002
0.6809815950920253,0.39066059225512495,0.0,0.4,0.32500000000000007,0.6093750000000001,0.2564102564102564,0.3000000000000002
