temp,humd,co2,voc1,voc2,no2,eth,co
0.7791411042944792,0.3416856492027332,0.033542976939203356,0.34285714285714286,0.28750000000000003,0.42187499999999994,0.2948717948717949,0.3428571428571431
0.7791411042944792,0.3416856492027332,0.031446540880503145,0.22857142857142856,0.28750000000000003,0.42187499999999994,0.2948717948717949,0.35714285714285704
0.7852760736196314,0.34510250569476064,0.04612159329140461,0.3,0.28750000000000003,0.42187499999999994,0.2948717948717949,0.35714285714285704
0.7730061349693249,0.34510250569476064,0.06708595387840671,0.35714285714285715,0.28750000000000003,0.40624999999999994,0.2948717948717949,0.35714285714285704
0.7791411042944792,0.3485193621867881,0.1090146750524109,0.3,0.28750000000000003,0.40624999999999994,0.2948717948717949,0.37142857142857133
0.7852760736196314,0.3519362186788156,0.1278825995807128,0.3142857142857143,0.28750000000000003,0.40624999999999994,0.2948717948717949,0.3999999999999999
0.7852760736196314,0.355353075170843,0.13417190775681342,0.3,0.28750000000000003,0.40624999999999994,0.2948717948717949,0.41428571428571426
0.7914110429447857,0.36104783599088824,0.14465408805031446,0.2571428571428571,0.28750000000000003,0.40624999999999994,0.2948717948717949,0.44285714285714284
