temp,humd,co2,voc1,voc2,no2,eth,co
0.7730061349693249,0.33826879271070653,0.0,0.2714285714285714,0.31250000000000006,0.546875,0.3076923076923077,0.2714285714285716
0.7668711656441706,0.33826879271070653,0.0,0.2571428571428571,0.31250000000000006,0.546875,0.3076923076923077,0.2714285714285716
0.7668711656441706,0.3359908883826879,0.0,0.2571428571428571,0.31250000000000006,0.546875,0.3076923076923077,0.2714285714285716
0.7668711656441706,0.33485193621867904,0.0,0.2714285714285714,0.31250000000000006,0.53125,0.3076923076923077,0.2714285714285716
0.7668711656441706,0.33485193621867904,0.0,0.32857142857142857,0.31250000000000006,0.53125,0.3076923076923077,0.2714285714285716
0.7668711656441706,0.3325740318906605,0.0,0.3142857142857143,0.31250000000000006,0.53125,0.3076923076923077,0.2714285714285716
0.7668711656441706,0.3302961275626427,0.0,0.3142857142857143,0.31250000000000006,0.515625,0.3076923076923077,0.2714285714285716
0.7668711656441706,0.3325740318906605,0.0,0.35714285714285715,0.31250000000000006,0.515625,0.3076923076923077,0.2571428571428573
