temp,humd,co2,voc1,voc2,no2,eth,co
0.7055214723926382,0.37927107061503446,0.0,0.45714285714285713,0.31250000000000006,0.6406250000000001,0.2564102564102564,0.2714285714285716
0.699386503067484,0.3781321184510248,0.0,0.45714285714285713,0.32500000000000007,0.6406250000000001,0.2564102564102564,0.2714285714285716
0.699386503067484,0.37927107061503446,0.0,0.4142857142857143,0.32500000000000007,0.6406250000000001,0.2564102564102564,0.2714285714285716
0.7055214723926382,0.38154897494305223,0.0,0.45714285714285713,0.32500000000000007,0.6406250000000001,0.2564102564102564,0.2714285714285716
0.7116564417177904,0.37927107061503446,0.0,0.4,0.31250000000000006,0.6250000000000001,0.2564102564102564,0.2714285714285716
0.7116564417177904,0.3781321184510248,0.0,0.35714285714285715,0.31250000000000006,0.6250000000000001,0.2564102564102564,0.2714285714285716
0.7116564417177904,0.38154897494305223,0.0,0.37142857142857144,0.31250000000000006,0.6093750000000001,0.2564102564102564,0.2714285714285716
0.7116564417177904,0.37927107061503446,0.0,0.44285714285714284,0.31250000000000006,0.6093750000000001,0.2564102564102564,0.2714285714285716
