temp,humd,co2,voc1,voc2,no2,eth,co
0.7361963190184055,0.2927107061503414,0.0,0.15714285714285714,0.3499999999999998,1.0,0.33333333333333337,0.2857142857142859
0.7423312883435577,0.28929384965831473,0.0041928721174004195,0.2,0.3499999999999998,1.0,0.33333333333333337,0.3000000000000002
0.7423312883435577,0.2915717539863325,0.018867924528301886,0.21428571428571427,0.3499999999999998,0.984375,0.33333333333333337,0.3000000000000002
0.7361963190184055,0.2915717539863325,0.029350104821802937,0.15714285714285714,0.3499999999999998,0.96875,0.33333333333333337,0.3000000000000002
0.7423312883435577,0.29498861047835995,0.039832285115303984,0.3142857142857143,0.3499999999999998,0.953125,0.33333333333333337,0.3142857142857145
0.7423312883435577,0.29498861047835995,0.05660377358490566,0.32857142857142857,0.3499999999999998,0.9375,0.3461538461538462,0.3142857142857145
0.7423312883435577,0.29726651480637856,0.06708595387840671,0.2571428571428571,0.3499999999999998,0.921875,0.3461538461538462,0.3142857142857145
0.7423312883435577,0.29954441913439633,0.07756813417190776,0.2714285714285714,0.3499999999999998,0.8906249999999999,0.3461538461538462,0.3142857142857145
