temp,humd,co2,voc1,voc2,no2,eth,co
0.723926380368099,0.3769931662870159,0.16352201257861634,0.4,0.31250000000000006,0.7031249999999998,0.2692307692307692,0.41428571428571426
0.723926380368099,0.38154897494305223,0.16142557651991615,0.4857142857142857,0.31250000000000006,0.7031249999999998,0.2692307692307692,0.3999999999999999
0.723926380368099,0.38041002277904334,0.12368972746331237,0.44285714285714284,0.31250000000000006,0.6874999999999998,0.2692307692307692,0.3999999999999999
0.723926380368099,0.38154897494305223,0.10062893081761007,0.45714285714285713,0.31250000000000006,0.6718750000000001,0.2692307692307692,0.3857142857142856
0.723926380368099,0.38154897494305223,0.07966457023060797,0.4142857142857143,0.31250000000000006,0.6718750000000001,0.2692307692307692,0.37142857142857133
0.723926380368099,0.38154897494305223,0.07127882599580712,0.5142857142857142,0.31250000000000006,0.6562500000000001,0.2692307692307692,0.37142857142857133
0.723926380368099,0.38041002277904334,0.04612159329140461,0.5285714285714286,0.31250000000000006,0.6406250000000001,0.2692307692307692,0.35714285714285704
0.723926380368099,0.3781321184510248,0.014675052410901468,0.5,0.31250000000000006,0.6406250000000001,0.2692307692307692,0.3428571428571431
