temp,humd,co2,voc1,voc2,no2,eth,co
0.7423312883435577,0.3223234624145789,0.0,0.17142857142857143,0.3375000000000001,0.8281249999999999,0.28205128205128205,0.3000000000000002
0.7361963190184055,0.3223234624145789,0.0,0.2571428571428571,0.3375000000000001,0.8124999999999999,0.28205128205128205,0.2857142857142859
0.7423312883435577,0.3223234624145789,0.0,0.21428571428571427,0.3375000000000001,0.8124999999999999,0.2948717948717949,0.2857142857142859
0.7361963190184055,0.3200455580865603,0.0,0.18571428571428572,0.3375000000000001,0.8124999999999999,0.28205128205128205,0.2857142857142859
0.7361963190184055,0.31890660592255143,0.0,0.18571428571428572,0.3375000000000001,0.8124999999999999,0.28205128205128205,0.2714285714285716
0.7361963190184055,0.3200455580865603,0.0,0.2,0.3375000000000001,0.8281249999999999,0.28205128205128205,0.2714285714285716
0.7423312883435577,0.31890660592255143,0.0,0.2571428571428571,0.3375000000000001,0.8281249999999999,0.28205128205128205,0.2714285714285716
0.7361963190184055,0.31776765375854255,0.0,0.22857142857142856,0.3375000000000001,0.8124999999999999,0.28205128205128205,0.2714285714285716
