temp,humd,co2,voc1,voc2,no2,eth,co
0.8343558282208594,0.45444191343963547,0.09014675052410902,0.4142857142857143,0.28750000000000003,0.43749999999999994,0.2948717948717949,0.3999999999999999
0.8343558282208594,0.45558086560364436,0.09433962264150944,0.4142857142857143,0.28750000000000003,0.43749999999999994,0.2948717948717949,0.3999999999999999
0.8343558282208594,0.4567198177676541,0.10482180293501048,0.5,0.28750000000000003,0.42187499999999994,0.2948717948717949,0.3999999999999999
0.8343558282208594,0.4567198177676541,0.06918238993710692,0.5,0.28750000000000003,0.42187499999999994,0.2948717948717949,0.3999999999999999
0.8343558282208594,0.45785876993166297,0.07547169811320754,0.42857142857142855,0.28750000000000003,0.42187499999999994,0.28205128205128205,0.3857142857142856
0.8343558282208594,0.45899772209567186,0.05870020964360587,0.38571428571428573,0.28750000000000003,0.42187499999999994,0.28205128205128205,0.3857142857142856
0.8343558282208594,0.45899772209567186,0.05450733752620545,0.4,0.28750000000000003,0.40624999999999994,0.28205128205128205,0.37142857142857133
0.8343558282208594,0.45899772209567186,0.033542976939203356,0.44285714285714284,0.28750000000000003,0.40624999999999994,0.28205128205128205,0.37142857142857133
