temp,humd,co2,voc1,voc2,no2,eth,co
0.7914110429447857,0.3667425968109343,0.16352201257861634,0.3,0.28750000000000003,0.40624999999999994,0.2948717948717949,0.4714285714285714
0.7914110429447857,0.3747152619589981,0.20545073375262055,0.3142857142857143,0.28750000000000003,0.40624999999999994,0.2948717948717949,0.5142857142857143
0.7914110429447857,0.37927107061503446,0.2578616352201258,0.37142857142857144,0.28750000000000003,0.40624999999999994,0.2948717948717949,0.5428571428571429
0.7975460122699378,0.3883826879271072,0.3060796645702306,0.35714285714285715,0.28750000000000003,0.40624999999999994,0.2948717948717949,0.5571428571428572
0.7975460122699378,0.396355353075171,0.33542976939203356,0.4142857142857143,0.28750000000000003,0.40624999999999994,0.2948717948717949,0.5714285714285715
0.7975460122699378,0.4020501138952162,0.32914046121593293,0.4142857142857143,0.28750000000000003,0.39062499999999994,0.2948717948717949,0.5857142857142857
0.7975460122699378,0.4077448747152623,0.3480083857442348,0.42857142857142855,0.28750000000000003,0.40624999999999994,0.2948717948717949,0.5714285714285715
0.7975460122699378,0.4134396355353075,0.3270440251572327,0.42857142857142855,0.28750000000000003,0.39062499999999994,0.2948717948717949,0.5714285714285715
