temp,humd,co2,voc1,voc2,no2,eth,co
0.7546012269938641,0.3359908883826879,0.13836477987421383,0.4142857142857143,0.3499999999999998,0.7499999999999998,0.3461538461538462,0.3428571428571431
0.7546012269938641,0.3394077448747154,0.14046121593291405,0.44285714285714284,0.3499999999999998,0.7343749999999998,0.33333333333333337,0.3428571428571431
0.7607361963190185,0.34396355353075175,0.12368972746331237,0.42857142857142855,0.3375000000000001,0.7343749999999998,0.33333333333333337,0.3428571428571431
0.7607361963190185,0.3485193621867881,0.14046121593291405,0.5142857142857142,0.3499999999999998,0.7187499999999998,0.33333333333333337,0.3428571428571431
0.7607361963190185,0.35307517084282447,0.12159329140461216,0.4714285714285714,0.3375000000000001,0.7187499999999998,0.33333333333333337,0.3428571428571431
0.7668711656441706,0.3587699316628705,0.11320754716981132,0.5142857142857142,0.3375000000000001,0.7031249999999998,0.33333333333333337,0.3428571428571431
0.7607361963190185,0.36218678815489713,0.10272536687631027,0.4142857142857143,0.3375000000000001,0.7031249999999998,0.33333333333333337,0.3428571428571431
0.7668711656441706,0.3667425968109343,0.08385744234800839,0.4142857142857143,0.3375000000000001,0.6874999999999998,0.33333333333333337,0.3285714285714288
