temp,humd,co2,voc1,voc2,no2,eth,co
0.7300613496932512,0.3325740318906605,0.0,0.14285714285714285,0.3499999999999998,0.7343749999999998,0.28205128205128205,0.2571428571428573
0.7361963190184055,0.3314350797266516,0.0,0.17142857142857143,0.3499999999999998,0.7499999999999998,0.28205128205128205,0.2571428571428573
0.7300613496932512,0.329157175398633,0.0,0.17142857142857143,0.3499999999999998,0.7499999999999998,0.28205128205128205,0.2571428571428573
0.7300613496932512,0.329157175398633,0.0,0.17142857142857143,0.3499999999999998,0.7656249999999999,0.28205128205128205,0.2571428571428573
0.7361963190184055,0.3280182232346241,0.0,0.11428571428571428,0.3499999999999998,0.7812499999999999,0.28205128205128205,0.24285714285714302
0.7300613496932512,0.32687927107061526,0.0,0.24285714285714285,0.3499999999999998,0.7812499999999999,0.28205128205128205,0.24285714285714302
0.7361963190184055,0.3257403189066064,0.0,0.2,0.3375000000000001,0.7968749999999999,0.28205128205128205,0.24285714285714302
0.7361963190184055,0.32460136674259665,0.0,0.2571428571428571,0.3375000000000001,0.7812499999999999,0.28205128205128205,0.24285714285714302
