temp,humd,co2,voc1,voc2,no2,eth,co
0.7730061349693249,0.3394077448747154,0.0,0.3,0.30000000000000004,0.46875,0.2948717948717949,0.2571428571428573
0.7730061349693249,0.33826879271070653,0.0,0.3,0.30000000000000004,0.45312499999999994,0.3076923076923077,0.2571428571428573
0.7730061349693249,0.3405466970387243,0.0,0.3,0.30000000000000004,0.45312499999999994,0.2948717948717949,0.2571428571428573
0.7730061349693249,0.33826879271070653,0.0,0.22857142857142856,0.30000000000000004,0.45312499999999994,0.2948717948717949,0.2571428571428573
0.7730061349693249,0.3371298405466968,0.0,0.2714285714285714,0.30000000000000004,0.43749999999999994,0.2948717948717949,0.2571428571428573
0.7791411042944792,0.3371298405466968,0.0,0.22857142857142856,0.30000000000000004,0.43749999999999994,0.2948717948717949,0.2714285714285716
0.7730061349693249,0.3371298405466968,0.0,0.24285714285714285,0.30000000000000004,0.42187499999999994,0.2948717948717949,0.3000000000000002
0.7791411042944792,0.33826879271070653,0.012578616352201259,0.2714285714285714,0.30000000000000004,0.42187499999999994,0.2948717948717949,0.3142857142857145
