temp,humd,co2,voc1,voc2,no2,eth,co
0.6687116564417167,0.4567198177676541,0.07547169811320754,0.7428571428571429,0.30000000000000004,0.7187499999999998,0.23076923076923073,0.3999999999999999
0.6748466257668709,0.45558086560364436,0.06289308176100629,0.7285714285714285,0.30000000000000004,0.7187499999999998,0.23076923076923073,0.3857142857142856
0.6748466257668709,0.45444191343963547,0.04821802935010482,0.6714285714285714,0.30000000000000004,0.7187499999999998,0.23076923076923073,0.3857142857142856
0.6748466257668709,0.4521640091116177,0.04821802935010482,0.7714285714285715,0.30000000000000004,0.7187499999999998,0.23076923076923073,0.3857142857142856
0.6748466257668709,0.44760820045558053,0.033542976939203356,0.7142857142857143,0.30000000000000004,0.7187499999999998,0.23076923076923073,0.37142857142857133
0.6809815950920253,0.44760820045558053,0.020964360587002098,0.6142857142857143,0.31250000000000006,0.7187499999999998,0.23076923076923073,0.37142857142857133
0.6748466257668709,0.44646924829157164,0.016771488469601678,0.6,0.30000000000000004,0.7187499999999998,0.23076923076923073,0.37142857142857133
0.6809815950920253,0.4430523917995442,0.0020964360587002098,0.6428571428571429,0.31250000000000006,0.7187499999999998,0.23076923076923073,0.37142857142857133
