temp,humd,co2,voc1,voc2,no2,eth,co
0.7668711656441706,0.3359908883826879,0.0,0.2857142857142857,0.31250000000000006,0.5,0.3076923076923077,0.2714285714285716
0.7668711656441706,0.33485193621867904,0.0,0.34285714285714286,0.31250000000000006,0.5,0.3076923076923077,0.2571428571428573
0.7668711656441706,0.33485193621867904,0.0,0.3,0.31250000000000006,0.5,0.3076923076923077,0.2571428571428573
0.7668711656441706,0.3371298405466968,0.0,0.2571428571428571,0.30000000000000004,0.484375,0.3076923076923077,0.2571428571428573
0.7730061349693249,0.3371298405466968,0.0,0.2857142857142857,0.30000000000000004,0.484375,0.3076923076923077,0.2571428571428573
0.7730061349693249,0.33826879271070653,0.0,0.2571428571428571,0.30000000000000004,0.484375,0.3076923076923077,0.2571428571428573
0.7668711656441706,0.3394077448747154,0.0,0.32857142857142857,0.30000000000000004,0.46875,0.3076923076923077,0.2571428571428573
0.7730061349693249,0.33826879271070653,0.0,0.24285714285714285,0.30000000000000004,0.46875,0.3076923076923077,0.2571428571428573
