temp,humd,co2,voc1,voc2,no2,eth,co
0.8159509202453986,0.451025056947608,0.24109014675052412,0.44285714285714284,0.28750000000000003,0.45312499999999994,0.2948717948717949,0.4857142857142857
0.8159509202453986,0.4521640091116177,0.22431865828092243,0.44285714285714284,0.28750000000000003,0.45312499999999994,0.2948717948717949,0.4714285714285714
0.8159509202453986,0.4521640091116177,0.1928721174004193,0.4857142857142857,0.28750000000000003,0.45312499999999994,0.2948717948717949,0.4714285714285714
0.8159509202453986,0.4521640091116177,0.16981132075471697,0.5142857142857142,0.28750000000000003,0.43749999999999994,0.2948717948717949,0.45714285714285713
0.8220858895705507,0.45444191343963547,0.13417190775681342,0.5142857142857142,0.28750000000000003,0.45312499999999994,0.2948717948717949,0.44285714285714284
0.8220858895705507,0.4533029612756266,0.11949685534591195,0.45714285714285713,0.28750000000000003,0.43749999999999994,0.2948717948717949,0.42857142857142855
0.8220858895705507,0.4533029612756266,0.11949685534591195,0.45714285714285713,0.28750000000000003,0.45312499999999994,0.2948717948717949,0.42857142857142855
0.8220858895705507,0.4533029612756266,0.1069182389937107,0.4857142857142857,0.28750000000000003,0.43749999999999994,0.2948717948717949,0.41428571428571426
