temp,humd,co2,voc1,voc2,no2,eth,co
0.7361963190184055,0.31548974943052394,0.0,0.15714285714285714,0.32500000000000007,0.7968749999999999,0.28205128205128205,0.2714285714285716
0.7423312883435577,0.3166287015945328,0.0,0.2571428571428571,0.3375000000000001,0.8124999999999999,0.28205128205128205,0.2571428571428573
0.7361963190184055,0.31435079726651505,0.0,0.18571428571428572,0.32500000000000007,0.8281249999999999,0.28205128205128205,0.2571428571428573
0.7361963190184055,0.3120728929384965,0.0,0.24285714285714285,0.32500000000000007,0.8437499999999999,0.2948717948717949,0.2571428571428573
0.7423312883435577,0.3132118451025054,0.0,0.21428571428571427,0.3375000000000001,0.8593749999999999,0.2948717948717949,0.2714285714285716
0.7361963190184055,0.3097949886104787,0.0,0.24285714285714285,0.32500000000000007,0.8749999999999999,0.28205128205128205,0.2714285714285716
0.7361963190184055,0.30751708428246016,0.0,0.18571428571428572,0.3375000000000001,0.8749999999999999,0.2948717948717949,0.2571428571428573
0.7423312883435577,0.30523917995444155,0.0,0.17142857142857143,0.3375000000000001,0.8749999999999999,0.2948717948717949,0.2571428571428573
