temp,humd,co2,voc1,voc2,no2,eth,co
0.6809815950920253,0.4430523917995442,0.0041928721174004195,0.6428571428571429,0.31250000000000006,0.7187499999999998,0.24358974358974356,0.35714285714285704
0.6809815950920253,0.43963553530751753,0.006289308176100629,0.6142857142857143,0.31250000000000006,0.7031249999999998,0.24358974358974356,0.35714285714285704
0.6809815950920253,0.43849658314350787,0.0,0.6,0.31250000000000006,0.7031249999999998,0.24358974358974356,0.35714285714285704
0.6809815950920253,0.43507972665148037,0.0,0.5857142857142857,0.31250000000000006,0.7031249999999998,0.24358974358974356,0.3428571428571431
0.6871165644171775,0.4339407744874715,0.0,0.6,0.31250000000000006,0.7031249999999998,0.24358974358974356,0.3428571428571431
0.6809815950920253,0.4316628701594537,0.0,0.5714285714285714,0.31250000000000006,0.7031249999999998,0.24358974358974356,0.3428571428571431
0.6809815950920253,0.42938496583143515,0.008385744234800839,0.5571428571428572,0.32500000000000007,0.7031249999999998,0.24358974358974356,0.3428571428571431
0.6871165644171775,0.4271070615034166,0.0,0.5285714285714286,0.32500000000000007,0.6874999999999998,0.24358974358974356,0.3428571428571431
