temp,humd,co2,voc1,voc2,no2,eth,co
0.25766871165644234,0.7448747152619595,0.027253668763102725,0.07142857142857142,0.6749999999999999,0.39062499999999994,0.6153846153846155,0.9428571428571428
0.25766871165644234,0.7460136674259684,0.0440251572327044,0.014285714285714285,0.6749999999999999,0.39062499999999994,0.6153846153846155,0.9428571428571428
0.25766871165644234,0.7460136674259684,0.016771488469601678,0.02857142857142857,0.6749999999999999,0.39062499999999994,0.6153846153846155,0.9428571428571428
0.25766871165644234,0.7482915717539862,0.012578616352201259,0.02857142857142857,0.6749999999999999,0.39062499999999994,0.6153846153846155,0.9428571428571428
0.25766871165644234,0.7471526195899773,0.027253668763102725,0.05714285714285714,0.6749999999999999,0.3750000000000001,0.6153846153846155,0.9428571428571428
0.25766871165644234,0.7460136674259684,0.014675052410901468,0.0,0.6749999999999999,0.39062499999999994,0.6153846153846155,0.9428571428571428
0.25766871165644234,0.7460136674259684,0.010482180293501049,0.0,0.6749999999999999,0.3750000000000001,0.6153846153846155,0.9428571428571428
0.25766871165644234,0.7460136674259684,0.016771488469601678,0.05714285714285714,0.6749999999999999,0.3750000000000001,0.6153846153846155,0.9428571428571428
