temp,humd,co2,voc1,voc2,no2,eth,co
0.12269938650306904,0.8769931662870161,0.0020964360587002098,0.0,0.9249999999999999,0.5,0.9102564102564105,0.9857142857142857
0.11656441717791471,0.8747152619589975,0.006289308176100629,0.04285714285714286,0.9249999999999999,0.5,0.9102564102564105,0.9857142857142857
0.12269938650306904,0.8735763097949887,0.018867924528301886,0.0,0.9249999999999999,0.5,0.9102564102564105,0.9857142857142857
0.12269938650306904,0.8712984054669709,0.018867924528301886,0.0,0.9249999999999999,0.5,0.9102564102564105,0.9857142857142857
0.12269938650306904,0.8712984054669709,0.020964360587002098,0.05714285714285714,0.9125000000000002,0.5,0.9102564102564105,0.9857142857142857
0.12269938650306904,0.8701594533029612,0.025157232704402517,0.07142857142857142,0.9125000000000002,0.5,0.8974358974358976,0.9857142857142857
0.12883435582822117,0.8667425968109346,0.029350104821802937,0.04285714285714286,0.9125000000000002,0.5,0.8974358974358976,0.9857142857142857
0.12883435582822117,0.8678815489749434,0.018867924528301886,0.04285714285714286,0.9125000000000002,0.484375,0.8974358974358976,0.9857142857142857
