temp,humd,co2,voc1,voc2,no2,eth,co
0.25766871165644234,0.7460136674259684,0.029350104821802937,0.04285714285714286,0.6874999999999999,0.39062499999999994,0.6282051282051281,0.9428571428571428
0.25766871165644234,0.7460136674259684,0.025157232704402517,0.05714285714285714,0.6749999999999999,0.39062499999999994,0.6153846153846155,0.9428571428571428
0.25766871165644234,0.7460136674259684,0.033542976939203356,0.05714285714285714,0.6749999999999999,0.39062499999999994,0.6282051282051281,0.9428571428571428
0.25766871165644234,0.7460136674259684,0.018867924528301886,0.05714285714285714,0.6749999999999999,0.39062499999999994,0.6153846153846155,0.9428571428571428
0.25153374233128806,0.7460136674259684,0.031446540880503145,0.0,0.6749999999999999,0.39062499999999994,0.6153846153846155,0.9428571428571428
0.25766871165644234,0.7471526195899773,0.029350104821802937,0.05714285714285714,0.6749999999999999,0.39062499999999994,0.6153846153846155,0.9428571428571428
0.25766871165644234,0.7460136674259684,0.03563941299790356,0.05714285714285714,0.6749999999999999,0.3750000000000001,0.6153846153846155,0.9428571428571428
0.25766871165644234,0.7448747152619595,0.041928721174004195,0.02857142857142857,0.6749999999999999,0.39062499999999994,0.6153846153846155,0.9428571428571428
