temp,humd,co2,voc1,voc2,no2,eth,co
0.2822085889570553,0.7414578587699321,0.033542976939203356,0.0,0.6375000000000002,0.35937500000000006,0.5769230769230771,0.9428571428571428
0.27607361963190313,0.7403189066059224,0.033542976939203356,0.11428571428571428,0.6375000000000002,0.3750000000000001,0.5769230769230771,0.9428571428571428
0.2822085889570553,0.7414578587699321,0.04821802935010482,0.12857142857142856,0.6375000000000002,0.3750000000000001,0.5769230769230771,0.9428571428571428
0.27607361963190313,0.7403189066059224,0.041928721174004195,0.04285714285714286,0.6375000000000002,0.35937500000000006,0.5769230769230771,0.9428571428571428
0.2822085889570553,0.7414578587699321,0.041928721174004195,0.014285714285714285,0.6375000000000002,0.3750000000000001,0.5769230769230771,0.9428571428571428
0.2822085889570553,0.7380410022779046,0.04821802935010482,0.0,0.6375000000000002,0.3750000000000001,0.5769230769230771,0.9428571428571428
0.28834355828220964,0.7391799544419134,0.0649895178197065,0.05714285714285714,0.6375000000000002,0.35937500000000006,0.5769230769230771,0.9428571428571428
0.2822085889570553,0.7403189066059224,0.03773584905660377,0.0,0.6375000000000002,0.3750000000000001,0.5769230769230771,0.9428571428571428
