temp,humd,co2,voc1,voc2,no2,eth,co
0.15950920245398845,0.8348519362186793,0.008385744234800839,0.04285714285714286,0.8749999999999999,0.46875,0.8461538461538463,0.9571428571428571
0.15950920245398845,0.8359908883826881,0.0,0.05714285714285714,0.8749999999999999,0.46875,0.8461538461538463,0.9571428571428571
0.15950920245398845,0.8348519362186793,0.014675052410901468,0.05714285714285714,0.8749999999999999,0.46875,0.8461538461538463,0.9571428571428571
0.15950920245398845,0.8325740318906607,0.010482180293501049,0.0,0.8749999999999999,0.46875,0.8461538461538463,0.9571428571428571
0.15950920245398845,0.8325740318906607,0.029350104821802937,0.08571428571428572,0.8749999999999999,0.46875,0.8461538461538463,0.9571428571428571
0.15950920245398845,0.8302961275626429,0.0,0.05714285714285714,0.8749999999999999,0.46875,0.8461538461538463,0.9571428571428571
0.15950920245398845,0.8337129840546695,0.010482180293501049,0.0,0.8749999999999999,0.46875,0.8461538461538463,0.9571428571428571
0.15950920245398845,0.8314350797266518,0.016771488469601678,0.04285714285714286,0.8749999999999999,0.46875,0.8461538461538463,0.9571428571428571
