temp,humd,co2,voc1,voc2,no2,eth,co
0.28834355828220964,0.7232346241457859,0.012578616352201259,0.02857142857142857,0.6125000000000002,0.35937500000000006,0.5512820512820514,0.9285714285714285
0.28834355828220964,0.7243735763097955,0.012578616352201259,0.0,0.6125000000000002,0.35937500000000006,0.5512820512820514,0.9285714285714285
0.28834355828220964,0.7243735763097955,0.0020964360587002098,0.0,0.6125000000000002,0.35937500000000006,0.5512820512820514,0.9285714285714285
0.28834355828220964,0.7243735763097955,0.027253668763102725,0.02857142857142857,0.6125000000000002,0.35937500000000006,0.5512820512820514,0.9285714285714285
0.28834355828220964,0.7243735763097955,0.012578616352201259,0.05714285714285714,0.6125000000000002,0.35937500000000006,0.5512820512820514,0.9285714285714285
0.2822085889570553,0.7243735763097955,0.010482180293501049,0.02857142857142857,0.6125000000000002,0.35937500000000006,0.5512820512820514,0.9285714285714285
0.28834355828220964,0.7220956719817769,0.018867924528301886,0.07142857142857142,0.6125000000000002,0.35937500000000006,0.5512820512820514,0.9285714285714285
0.28834355828220964,0.7220956719817769,0.014675052410901468,0.04285714285714286,0.6125000000000002,0.35937500000000006,0.5512820512820514,0.9285714285714285
