temp,humd,co2,voc1,voc2,no2,eth,co
0.29447852760736176,0.7027334851936219,0.0,0.12857142857142856,0.5750000000000001,0.34375000000000006,0.5128205128205129,0.9285714285714285
0.29447852760736176,0.7004555808656041,0.020964360587002098,0.08571428571428572,0.5750000000000001,0.34375000000000006,0.5000000000000001,0.9285714285714285
0.29447852760736176,0.7015945330296129,0.010482180293501049,0.14285714285714285,0.5750000000000001,0.34375000000000006,0.5128205128205129,0.9285714285714285
0.29447852760736176,0.7027334851936219,0.0,0.1,0.5750000000000001,0.34375000000000006,0.5128205128205129,0.9285714285714285
0.29447852760736176,0.7027334851936219,0.0,0.11428571428571428,0.5750000000000001,0.34375000000000006,0.5128205128205129,0.9285714285714285
0.29447852760736176,0.7015945330296129,0.0,0.12857142857142856,0.5750000000000001,0.34375000000000006,0.5128205128205129,0.9285714285714285
0.29447852760736176,0.7038724373576307,0.006289308176100629,0.07142857142857142,0.5750000000000001,0.34375000000000006,0.5128205128205129,0.9285714285714285
0.29447852760736176,0.7015945330296129,0.010482180293501049,0.05714285714285714,0.5625000000000001,0.34375000000000006,0.5128205128205129,0.9285714285714285
