temp,humd,co2,voc1,voc2,no2,eth,co
0.1349693251533755,0.8530751708428247,0.010482180293501049,0.05714285714285714,0.8999999999999999,0.484375,0.8717948717948719,0.9714285714285714
0.14110429447852765,0.8530751708428247,0.0,0.0,0.8999999999999999,0.484375,0.8717948717948719,0.9714285714285714
0.14110429447852765,0.8519362186788157,0.014675052410901468,0.04285714285714286,0.8999999999999999,0.484375,0.8717948717948719,0.9857142857142857
0.14110429447852765,0.8496583143507972,0.006289308176100629,0.07142857142857142,0.8999999999999999,0.484375,0.8717948717948719,0.9857142857142857
0.14110429447852765,0.8496583143507972,0.006289308176100629,0.05714285714285714,0.8999999999999999,0.484375,0.8717948717948719,0.9714285714285714
0.14110429447852765,0.8485193621867884,0.010482180293501049,0.014285714285714285,0.8999999999999999,0.484375,0.8717948717948719,0.9714285714285714
0.14110429447852765,0.8473804100227794,0.0020964360587002098,0.014285714285714285,0.8875000000000002,0.484375,0.8717948717948719,0.9714285714285714
0.14723926380368196,0.8473804100227794,0.0,0.0,0.8875000000000002,0.46875,0.8717948717948719,0.9714285714285714
