temp,humd,co2,voc1,voc2,no2,eth,co
0.25153374233128806,0.75626423690205,0.020964360587002098,0.0,0.7,0.39062499999999994,0.641025641025641,0.9428571428571428
0.24539877300613588,0.7574031890660596,0.012578616352201259,0.0,0.7,0.39062499999999994,0.641025641025641,0.9428571428571428
0.24539877300613588,0.75626423690205,0.031446540880503145,0.08571428571428572,0.7,0.39062499999999994,0.641025641025641,0.9428571428571428
0.25153374233128806,0.7551252847380411,0.033542976939203356,0.08571428571428572,0.7,0.39062499999999994,0.641025641025641,0.9428571428571428
0.24539877300613588,0.7539863325740322,0.023060796645702306,0.07142857142857142,0.7,0.39062499999999994,0.641025641025641,0.9428571428571428
0.24539877300613588,0.7551252847380411,0.010482180293501049,0.07142857142857142,0.7,0.39062499999999994,0.641025641025641,0.9428571428571428
0.24539877300613588,0.7551252847380411,0.016771488469601678,0.08571428571428572,0.7,0.39062499999999994,0.641025641025641,0.9428571428571428
0.24539877300613588,0.7539863325740322,0.018867924528301886,0.1,0.7,0.39062499999999994,0.641025641025641,0.9428571428571428
