temp,humd,co2,voc1,voc2,no2,eth,co
0.21472392638036863,0.7824601366742601,0.025157232704402517,0.0,0.7875000000000001,0.42187499999999994,0.7435897435897436,0.9571428571428571
0.21472392638036863,0.7824601366742601,0.025157232704402517,0.05714285714285714,0.775,0.42187499999999994,0.7435897435897436,0.9571428571428571
0.21472392638036863,0.7801822323462414,0.029350104821802937,0.0,0.7875000000000001,0.42187499999999994,0.7307692307692308,0.9571428571428571
0.21472392638036863,0.7824601366742601,0.03773584905660377,0.02857142857142857,0.775,0.42187499999999994,0.7307692307692308,0.9428571428571428
0.21472392638036863,0.7824601366742601,0.039832285115303984,0.1,0.775,0.42187499999999994,0.7307692307692308,0.9571428571428571
0.21472392638036863,0.7790432801822326,0.041928721174004195,0.04285714285714286,0.775,0.42187499999999994,0.7307692307692308,0.9571428571428571
0.21472392638036863,0.7801822323462414,0.050314465408805034,0.08571428571428572,0.775,0.42187499999999994,0.7307692307692308,0.9571428571428571
0.21472392638036863,0.7801822323462414,0.05870020964360587,0.0,0.775,0.42187499999999994,0.7307692307692308,0.9571428571428571
