temp,humd,co2,voc1,voc2,no2,eth,co
0.042944785276073726,0.9567198177676542,0.0,0.0,0.975,0.53125,0.9743589743589743,1.0
0.042944785276073726,0.9521640091116179,0.0,0.0,0.975,0.53125,0.9743589743589743,1.0
0.04907975460122805,0.9521640091116179,0.0020964360587002098,0.04285714285714286,0.975,0.53125,0.9743589743589743,1.0
0.04907975460122805,0.9498861047835994,0.008385744234800839,0.04285714285714286,0.975,0.53125,0.9743589743589743,1.0
0.04907975460122805,0.9464692482915719,0.0,0.0,0.975,0.515625,0.9743589743589743,1.0
0.055214723926380195,0.9441913439635541,0.0020964360587002098,0.05714285714285714,0.975,0.515625,0.9615384615384615,1.0
0.055214723926380195,0.9419134396355355,0.0,0.02857142857142857,0.975,0.53125,0.9743589743589743,1.0
0.055214723926380195,0.939635535307517,0.0,0.014285714285714285,0.9625000000000002,0.515625,0.9615384615384615,1.0
