temp,humd,co2,voc1,voc2,no2,eth,co
0.055214723926380195,0.9373576309794992,0.0,0.014285714285714285,0.9625000000000002,0.515625,0.9615384615384615,1.0
0.055214723926380195,0.9373576309794992,0.0041928721174004195,0.014285714285714285,0.9625000000000002,0.515625,0.9615384615384615,1.0
0.06134969325153452,0.9362186788154903,0.0041928721174004195,0.014285714285714285,0.9625000000000002,0.515625,0.9615384615384615,1.0
0.06134969325153452,0.9316628701594531,0.020964360587002098,0.04285714285714286,0.9625000000000002,0.515625,0.9615384615384615,1.0
0.06748466257668884,0.9293849658314354,0.010482180293501049,0.05714285714285714,0.9625000000000002,0.515625,0.9615384615384615,1.0
0.06748466257668884,0.9305239179954442,0.008385744234800839,0.0,0.9625000000000002,0.515625,0.9615384615384615,1.0
0.07361963190184098,0.9271070615034168,0.0,0.0,0.9625000000000002,0.515625,0.9487179487179487,1.0
0.07361963190184098,0.9236902050113901,0.006289308176100629,0.04285714285714286,0.9625000000000002,0.515625,0.9615384615384615,1.0
