temp,humd,co2,voc1,voc2,no2,eth,co
0.0,1.0,0.020964360587002098,0.0,1.0,0.546875,1.0,1.0
0.006134969325154323,0.9954441913439637,0.008385744234800839,0.0,1.0,0.546875,1.0,1.0
0.006134969325154323,0.9920273348519362,0.010482180293501049,0.0,1.0,0.546875,1.0,1.0
0.012269938650308647,0.9908883826879273,0.0,0.02857142857142857,0.9875000000000003,0.546875,1.0,1.0
0.01840490797546079,0.9874715261958998,0.016771488469601678,0.0,0.9875000000000003,0.53125,1.0,1.0
0.01840490797546079,0.9829157175398635,0.0,0.04285714285714286,0.9875000000000003,0.53125,1.0,1.0
0.024539877300615114,0.9817767653758546,0.0,0.04285714285714286,0.9875000000000003,0.53125,1.0,1.0
0.024539877300615114,0.979498861047836,0.0,0.08571428571428572,0.9875000000000003,0.53125,0.9871794871794871,1.0
