temp,humd,co2,voc1,voc2,no2,eth,co
0.20245398773006215,0.7915717539863327,0.029350104821802937,0.07142857142857142,0.8,0.43749999999999994,0.7692307692307693,0.9571428571428571
0.20245398773006215,0.7915717539863327,0.014675052410901468,0.1,0.8,0.42187499999999994,0.7564102564102565,0.9571428571428571
0.20245398773006215,0.7927107061503416,0.012578616352201259,0.1,0.8,0.43749999999999994,0.7564102564102565,0.9571428571428571
0.20245398773006215,0.7915717539863327,0.008385744234800839,0.014285714285714285,0.8,0.43749999999999994,0.7564102564102565,0.9571428571428571
0.20245398773006215,0.7915717539863327,0.0020964360587002098,0.07142857142857142,0.8,0.43749999999999994,0.7564102564102565,0.9571428571428571
0.2085889570552143,0.7904328018223238,0.006289308176100629,0.014285714285714285,0.8,0.43749999999999994,0.7564102564102565,0.9571428571428571
0.20245398773006215,0.7915717539863327,0.0020964360587002098,0.1,0.8,0.43749999999999994,0.7564102564102565,0.9571428571428571
0.20245398773006215,0.7904328018223238,0.0,0.014285714285714285,0.8,0.43749999999999994,0.7564102564102565,0.9571428571428571
