temp,humd,co2,voc1,voc2,no2,eth,co
0.29447852760736176,0.7084282460136679,0.008385744234800839,0.07142857142857142,0.5875000000000001,0.34375000000000006,0.5256410256410258,0.9285714285714285
0.29447852760736176,0.7061503416856493,0.0,0.014285714285714285,0.5875000000000001,0.34375000000000006,0.5256410256410258,0.9285714285714285
0.29447852760736176,0.7061503416856493,0.006289308176100629,0.014285714285714285,0.5875000000000001,0.34375000000000006,0.5256410256410258,0.9285714285714285
0.29447852760736176,0.7084282460136679,0.008385744234800839,0.0,0.5875000000000001,0.34375000000000006,0.5256410256410258,0.9285714285714285
0.29447852760736176,0.7072892938496582,0.025157232704402517,0.014285714285714285,0.5875000000000001,0.34375000000000006,0.5256410256410258,0.9285714285714285
0.29447852760736176,0.7072892938496582,0.008385744234800839,0.02857142857142857,0.5875000000000001,0.34375000000000006,0.5256410256410258,0.9285714285714285
0.29447852760736176,0.7072892938496582,0.016771488469601678,0.0,0.5875000000000001,0.34375000000000006,0.5256410256410258,0.9285714285714285
0.29447852760736176,0.7072892938496582,0.012578616352201259,0.04285714285714286,0.5875000000000001,0.34375000000000006,0.5256410256410258,0.9285714285714285
