temp,humd,co2,voc1,voc2,no2,eth,co
0.16564417177914276,0.8257403189066057,0.0,0.014285714285714285,0.8625000000000002,0.46875,0.8333333333333335,0.9571428571428571
0.16564417177914276,0.8234624145785879,0.0020964360587002098,0.0,0.8625000000000002,0.46875,0.8333333333333335,0.9571428571428571
0.16564417177914276,0.8234624145785879,0.0041928721174004195,0.02857142857142857,0.8625000000000002,0.45312499999999994,0.8333333333333335,0.9571428571428571
0.1717791411042949,0.8234624145785879,0.0,0.04285714285714286,0.8625000000000002,0.45312499999999994,0.8205128205128206,0.9571428571428571
0.16564417177914276,0.8211845102505694,0.0,0.0,0.8625000000000002,0.46875,0.8333333333333335,0.9428571428571428
0.16564417177914276,0.8223234624145791,0.0,0.0,0.8625000000000002,0.45312499999999994,0.8333333333333335,0.9571428571428571
0.1717791411042949,0.8211845102505694,0.006289308176100629,0.04285714285714286,0.8625000000000002,0.45312499999999994,0.8205128205128206,0.9571428571428571
0.1717791411042949,0.8211845102505694,0.010482180293501049,0.04285714285714286,0.8625000000000002,0.46875,0.8205128205128206,0.9571428571428571
