temp,humd,co2,voc1,voc2,no2,eth,co
0.26993865030674885,0.7482915717539862,0.012578616352201259,0.05714285714285714,0.6500000000000001,0.3750000000000001,0.5897435897435899,0.9428571428571428
0.26993865030674885,0.7471526195899773,0.010482180293501049,0.0,0.6500000000000001,0.3750000000000001,0.5897435897435899,0.9428571428571428
0.26993865030674885,0.7471526195899773,0.012578616352201259,0.05714285714285714,0.6500000000000001,0.3750000000000001,0.5897435897435899,0.9428571428571428
0.26993865030674885,0.7471526195899773,0.0,0.0,0.6500000000000001,0.3750000000000001,0.5897435897435899,0.9428571428571428
0.26993865030674885,0.7471526195899773,0.018867924528301886,0.02857142857142857,0.6500000000000001,0.3750000000000001,0.5769230769230771,0.9428571428571428
0.27607361963190313,0.7471526195899773,0.0,0.1,0.6375000000000002,0.3750000000000001,0.5897435897435899,0.9428571428571428
0.26993865030674885,0.7494305239179958,0.016771488469601678,0.05714285714285714,0.6500000000000001,0.3750000000000001,0.5897435897435899,0.9428571428571428
0.26993865030674885,0.7471526195899773,0.0020964360587002098,0.15714285714285714,0.6500000000000001,0.3750000000000001,0.5897435897435899,0.9428571428571428
