temp,humd,co2,voc1,voc2,no2,eth,co
0.1717791411042949,0.8211845102505694,0.006289308176100629,0.0,0.8625000000000002,0.45312499999999994,0.8205128205128206,0.9571428571428571
0.1717791411042949,0.8200455580865605,0.016771488469601678,0.12857142857142856,0.8499999999999999,0.45312499999999994,0.8205128205128206,0.9571428571428571
0.16564417177914276,0.8189066059225516,0.006289308176100629,0.07142857142857142,0.8625000000000002,0.45312499999999994,0.8205128205128206,0.9571428571428571
0.1717791411042949,0.8177676537585419,0.010482180293501049,0.05714285714285714,0.8499999999999999,0.45312499999999994,0.8205128205128206,0.9571428571428571
0.16564417177914276,0.8189066059225516,0.014675052410901468,0.1,0.8499999999999999,0.45312499999999994,0.8205128205128206,0.9571428571428571
0.17791411042944924,0.8177676537585419,0.0041928721174004195,0.1,0.8499999999999999,0.45312499999999994,0.8205128205128206,0.9571428571428571
0.17791411042944924,0.8177676537585419,0.0,0.07142857142857142,0.8499999999999999,0.45312499999999994,0.8205128205128206,0.9571428571428571
0.17791411042944924,0.8177676537585419,0.008385744234800839,0.07142857142857142,0.8499999999999999,0.45312499999999994,0.8205128205128206,0.9571428571428571
