temp,humd,co2,voc1,voc2,no2,eth,co
0.2269938650306751,0.7756264236902051,0.025157232704402517,0.05714285714285714,0.7625000000000001,0.40624999999999994,0.717948717948718,0.9428571428571428
0.22085889570552295,0.7744874715261962,0.027253668763102725,0.05714285714285714,0.7625000000000001,0.42187499999999994,0.7051282051282051,0.9571428571428571
0.22085889570552295,0.7722095671981776,0.0,0.07142857142857142,0.7625000000000001,0.42187499999999994,0.717948717948718,0.9571428571428571
0.22085889570552295,0.7744874715261962,0.006289308176100629,0.0,0.7625000000000001,0.42187499999999994,0.7051282051282051,0.9571428571428571
0.2269938650306751,0.7733485193621873,0.023060796645702306,0.014285714285714285,0.7625000000000001,0.40624999999999994,0.7051282051282051,0.9571428571428571
0.2269938650306751,0.7722095671981776,0.020964360587002098,0.0,0.7625000000000001,0.40624999999999994,0.7051282051282051,0.9571428571428571
0.22085889570552295,0.7744874715261962,0.006289308176100629,0.014285714285714285,0.7625000000000001,0.40624999999999994,0.7051282051282051,0.9428571428571428
0.22085889570552295,0.7744874715261962,0.006289308176100629,0.0,0.7625000000000001,0.40624999999999994,0.7051282051282051,0.9428571428571428
