temp,humd,co2,voc1,voc2,no2,eth,co
0.26993865030674885,0.7471526195899773,0.0,0.0,0.6624999999999999,0.3750000000000001,0.6025641025641028,0.9428571428571428
0.26993865030674885,0.7471526195899773,0.0,0.11428571428571428,0.6624999999999999,0.3750000000000001,0.6025641025641028,0.9428571428571428
0.26993865030674885,0.7460136674259684,0.0,0.12857142857142856,0.6624999999999999,0.3750000000000001,0.6025641025641028,0.9428571428571428
0.26993865030674885,0.7482915717539862,0.0,0.014285714285714285,0.6624999999999999,0.3750000000000001,0.6025641025641028,0.9428571428571428
0.26993865030674885,0.7482915717539862,0.012578616352201259,0.05714285714285714,0.6624999999999999,0.3750000000000001,0.6025641025641028,0.9428571428571428
0.26993865030674885,0.7471526195899773,0.010482180293501049,0.02857142857142857,0.6624999999999999,0.3750000000000001,0.6025641025641028,0.9428571428571428
0.2638036809815967,0.7460136674259684,0.014675052410901468,0.11428571428571428,0.6624999999999999,0.3750000000000001,0.6025641025641028,0.9428571428571428
0.26993865030674885,0.7471526195899773,0.023060796645702306,0.1,0.6624999999999999,0.3750000000000001,0.6025641025641028,0.9428571428571428
