temp,humd,co2,voc1,voc2,no2,eth,co
0.27607361963190313,0.7460136674259684,0.031446540880503145,0.07142857142857142,0.6375000000000002,0.3750000000000001,0.5769230769230771,0.9428571428571428
0.26993865030674885,0.7460136674259684,0.020964360587002098,0.02857142857142857,0.6375000000000002,0.3750000000000001,0.5769230769230771,0.9428571428571428
0.27607361963190313,0.7448747152619595,0.023060796645702306,0.14285714285714285,0.6375000000000002,0.3750000000000001,0.5769230769230771,0.9428571428571428
0.27607361963190313,0.7448747152619595,0.029350104821802937,0.02857142857142857,0.6375000000000002,0.3750000000000001,0.5769230769230771,0.9428571428571428
0.27607361963190313,0.7437357630979499,0.03563941299790356,0.05714285714285714,0.6375000000000002,0.3750000000000001,0.5769230769230771,0.9428571428571428
0.27607361963190313,0.7460136674259684,0.023060796645702306,0.014285714285714285,0.6375000000000002,0.3750000000000001,0.5769230769230771,0.9428571428571428
0.27607361963190313,0.7437357630979499,0.033542976939203356,0.04285714285714286,0.6375000000000002,0.3750000000000001,0.5769230769230771,0.9428571428571428
0.27607361963190313,0.7437357630979499,0.020964360587002098,0.08571428571428572,0.6375000000000002,0.3750000000000001,0.5769230769230771,0.9428571428571428
