temp,humd,co2,voc1,voc2,no2,eth,co
0.19631901840490784,0.7927107061503416,0.033542976939203356,0.08571428571428572,0.8125000000000001,0.43749999999999994,0.7692307692307693,0.9571428571428571
0.20245398773006215,0.7927107061503416,0.050314465408805034,0.04285714285714286,0.8125000000000001,0.43749999999999994,0.7692307692307693,0.9571428571428571
0.20245398773006215,0.7938496583143513,0.04821802935010482,0.11428571428571428,0.8125000000000001,0.43749999999999994,0.7692307692307693,0.9571428571428571
0.20245398773006215,0.7938496583143513,0.04612159329140461,0.11428571428571428,0.8,0.43749999999999994,0.7692307692307693,0.9571428571428571
0.19631901840490784,0.7927107061503416,0.025157232704402517,0.11428571428571428,0.8125000000000001,0.43749999999999994,0.7692307692307693,0.9571428571428571
0.19631901840490784,0.7927107061503416,0.039832285115303984,0.11428571428571428,0.8,0.43749999999999994,0.7564102564102565,0.9571428571428571
0.20245398773006215,0.7927107061503416,0.04612159329140461,0.07142857142857142,0.8,0.43749999999999994,0.7564102564102565,0.9571428571428571
0.20245398773006215,0.7927107061503416,0.027253668763102725,0.07142857142857142,0.8125000000000001,0.43749999999999994,0.7564102564102565,0.9571428571428571
