temp,humd,co2,voc1,voc2,no2,eth,co
0.29447852760736176,0.7027334851936219,0.008385744234800839,0.0,0.5875000000000001,0.34375000000000006,0.5256410256410258,0.9285714285714285
0.29447852760736176,0.7038724373576307,0.006289308176100629,0.02857142857142857,0.5875000000000001,0.34375000000000006,0.5256410256410258,0.9285714285714285
0.29447852760736176,0.7061503416856493,0.0041928721174004195,0.014285714285714285,0.5875000000000001,0.34375000000000006,0.5256410256410258,0.9285714285714285
0.29447852760736176,0.7038724373576307,0.0,0.0,0.5875000000000001,0.34375000000000006,0.5256410256410258,0.9285714285714285
0.29447852760736176,0.7050113895216404,0.0,0.0,0.5875000000000001,0.34375000000000006,0.5256410256410258,0.9285714285714285
0.29447852760736176,0.7061503416856493,0.0,0.0,0.5875000000000001,0.34375000000000006,0.5256410256410258,0.9285714285714285
0.3006134969325161,0.7038724373576307,0.0,0.04285714285714286,0.5875000000000001,0.34375000000000006,0.5256410256410258,0.9285714285714285
0.3006134969325161,0.7050113895216404,0.008385744234800839,0.02857142857142857,0.5875000000000001,0.34375000000000006,0.5256410256410258,0.9285714285714285
