temp,humd,co2,voc1,voc2,no2,eth,co
0.24539877300613588,0.7608200455580864,0.016771488469601678,0.014285714285714285,0.7124999999999999,0.39062499999999994,0.6538461538461537,0.9428571428571428
0.25153374233128806,0.7608200455580864,0.012578616352201259,0.07142857142857142,0.7124999999999999,0.39062499999999994,0.6538461538461537,0.9428571428571428
0.25153374233128806,0.7596810933940774,0.025157232704402517,0.05714285714285714,0.7124999999999999,0.39062499999999994,0.6538461538461537,0.9428571428571428
0.25153374233128806,0.7585421412300686,0.029350104821802937,0.05714285714285714,0.7124999999999999,0.39062499999999994,0.6538461538461537,0.9428571428571428
0.24539877300613588,0.7574031890660596,0.025157232704402517,0.11428571428571428,0.7,0.39062499999999994,0.641025641025641,0.9428571428571428
0.25153374233128806,0.7585421412300686,0.008385744234800839,0.0,0.7124999999999999,0.39062499999999994,0.6538461538461537,0.9428571428571428
0.25153374233128806,0.7574031890660596,0.0,0.0,0.7,0.39062499999999994,0.641025641025641,0.9428571428571428
0.25153374233128806,0.7585421412300686,0.0020964360587002098,0.0,0.7,0.39062499999999994,0.6538461538461537,0.9571428571428571
