temp,humd,co2,voc1,voc2,no2,eth,co
0.2822085889570553,0.7277904328018222,0.0,0.04285714285714286,0.6125000000000002,0.35937500000000006,0.5512820512820514,0.9285714285714285
0.28834355828220964,0.7289293849658319,0.0020964360587002098,0.0,0.6125000000000002,0.35937500000000006,0.5512820512820514,0.9285714285714285
0.28834355828220964,0.7277904328018222,0.0,0.0,0.6250000000000001,0.35937500000000006,0.5512820512820514,0.9285714285714285
0.28834355828220964,0.7277904328018222,0.0,0.02857142857142857,0.6250000000000001,0.35937500000000006,0.5512820512820514,0.9285714285714285
0.28834355828220964,0.7266514806378133,0.006289308176100629,0.04285714285714286,0.6125000000000002,0.35937500000000006,0.5512820512820514,0.9285714285714285
0.28834355828220964,0.7255125284738044,0.0,0.0,0.6125000000000002,0.35937500000000006,0.5512820512820514,0.9285714285714285
0.28834355828220964,0.7255125284738044,0.016771488469601678,0.014285714285714285,0.6250000000000001,0.35937500000000006,0.5512820512820514,0.9285714285714285
0.28834355828220964,0.7243735763097955,0.023060796645702306,0.05714285714285714,0.6125000000000002,0.35937500000000006,0.5512820512820514,0.9285714285714285
