temp,humd,co2,voc1,voc2,no2,eth,co
0.3006134969325161,0.7141230068337131,0.0,0.0,0.6000000000000001,0.35937500000000006,0.5384615384615385,0.9285714285714285
0.29447852760736176,0.7141230068337131,0.0041928721174004195,0.02857142857142857,0.6000000000000001,0.34375000000000006,0.5384615384615385,0.9285714285714285
0.29447852760736176,0.7141230068337131,0.0041928721174004195,0.07142857142857142,0.6000000000000001,0.34375000000000006,0.5384615384615385,0.9285714285714285
0.29447852760736176,0.7141230068337131,0.0,0.05714285714285714,0.6000000000000001,0.35937500000000006,0.5384615384615385,0.9285714285714285
0.29447852760736176,0.7129840546697043,0.010482180293501049,0.02857142857142857,0.6000000000000001,0.35937500000000006,0.5384615384615385,0.9285714285714285
0.29447852760736176,0.7129840546697043,0.014675052410901468,0.02857142857142857,0.6000000000000001,0.34375000000000006,0.5384615384615385,0.9285714285714285
0.29447852760736176,0.7118451025056945,0.0020964360587002098,0.05714285714285714,0.6000000000000001,0.34375000000000006,0.5384615384615385,0.9285714285714285
0.29447852760736176,0.7129840546697043,0.0041928721174004195,0.02857142857142857,0.6000000000000001,0.34375000000000006,0.5384615384615385,0.9285714285714285
