temp,humd,co2,voc1,voc2,no2,eth,co
0.25153374233128806,0.7517084282460136,0.020964360587002098,0.02857142857142857,0.6874999999999999,0.39062499999999994,0.6282051282051281,0.9428571428571428
0.25153374233128806,0.7517084282460136,0.016771488469601678,0.07142857142857142,0.6874999999999999,0.39062499999999994,0.641025641025641,0.9428571428571428
0.25153374233128806,0.7517084282460136,0.031446540880503145,0.05714285714285714,0.7,0.39062499999999994,0.6282051282051281,0.9428571428571428
0.25153374233128806,0.7517084282460136,0.010482180293501049,0.1,0.6874999999999999,0.39062499999999994,0.6282051282051281,0.9428571428571428
0.25766871165644234,0.7517084282460136,0.0041928721174004195,0.08571428571428572,0.6874999999999999,0.39062499999999994,0.6282051282051281,0.9428571428571428
0.25153374233128806,0.7494305239179958,0.006289308176100629,0.014285714285714285,0.6874999999999999,0.39062499999999994,0.6282051282051281,0.9428571428571428
0.25153374233128806,0.7505694760820047,0.0020964360587002098,0.0,0.6874999999999999,0.39062499999999994,0.6282051282051281,0.9428571428571428
0.25153374233128806,0.7517084282460136,0.0,0.0,0.6874999999999999,0.39062499999999994,0.6282051282051281,0.9428571428571428
