temp,humd,co2,voc1,voc2,no2,eth,co
0.2269938650306751,0.7733485193621873,0.006289308176100629,0.0,0.75,0.40624999999999994,0.7051282051282051,0.9571428571428571
0.2269938650306751,0.7733485193621873,0.020964360587002098,0.0,0.75,0.40624999999999994,0.7051282051282051,0.9571428571428571
0.2269938650306751,0.7699316628701598,0.027253668763102725,0.05714285714285714,0.75,0.40624999999999994,0.6923076923076923,0.9571428571428571
0.2269938650306751,0.7710706150341687,0.029350104821802937,0.014285714285714285,0.75,0.40624999999999994,0.7051282051282051,0.9571428571428571
0.2269938650306751,0.7722095671981776,0.039832285115303984,0.02857142857142857,0.75,0.40624999999999994,0.7051282051282051,0.9571428571428571
0.2269938650306751,0.7722095671981776,0.027253668763102725,0.05714285714285714,0.75,0.40624999999999994,0.7051282051282051,0.9571428571428571
0.23312883435582943,0.7710706150341687,0.025157232704402517,0.02857142857142857,0.75,0.40624999999999994,0.6923076923076923,0.9571428571428571
0.2269938650306751,0.7722095671981776,0.018867924528301886,0.0,0.75,0.40624999999999994,0.6923076923076923,0.9571428571428571
