temp,humd,co2,voc1,voc2,no2,eth,co
0.09815950920245392,0.8974943052391801,0.0041928721174004195,0.0,0.9375000000000002,0.5,0.9230769230769232,0.9857142857142857
0.09815950920245392,0.8974943052391801,0.0,0.0,0.9375000000000002,0.5,0.9230769230769232,0.9857142857142857
0.09815950920245392,0.8917995444191349,0.014675052410901468,0.02857142857142857,0.9375000000000002,0.5,0.9230769230769232,0.9857142857142857
0.10429447852760824,0.8929384965831437,0.0,0.0,0.9375000000000002,0.5,0.9230769230769232,0.9857142857142857
0.10429447852760824,0.8906605922551252,0.006289308176100629,0.02857142857142857,0.9375000000000002,0.5,0.9230769230769232,0.9857142857142857
0.10429447852760824,0.8895216400911162,0.0020964360587002098,0.0,0.9375000000000002,0.5,0.9230769230769232,0.9857142857142857
0.10429447852760824,0.8883826879271074,0.006289308176100629,0.08571428571428572,0.9375000000000002,0.5,0.9230769230769232,0.9857142857142857
0.10429447852760824,0.8872437357630985,0.0041928721174004195,0.014285714285714285,0.9375000000000002,0.5,0.9230769230769232,0.9857142857142857
