temp,humd,co2,voc1,voc2,no2,eth,co
0.24539877300613588,0.7539863325740322,0.0041928721174004195,0.08571428571428572,0.7,0.39062499999999994,0.641025641025641,0.9428571428571428
0.24539877300613588,0.7539863325740322,0.008385744234800839,0.02857142857142857,0.7,0.39062499999999994,0.641025641025641,0.9428571428571428
0.25153374233128806,0.7528473804100233,0.018867924528301886,0.02857142857142857,0.7,0.39062499999999994,0.641025641025641,0.9428571428571428
0.25153374233128806,0.7539863325740322,0.0,0.04285714285714286,0.6874999999999999,0.39062499999999994,0.641025641025641,0.9428571428571428
0.24539877300613588,0.7539863325740322,0.008385744234800839,0.05714285714285714,0.6874999999999999,0.39062499999999994,0.641025641025641,0.9428571428571428
0.25153374233128806,0.7539863325740322,0.0,0.02857142857142857,0.7,0.39062499999999994,0.641025641025641,0.9428571428571428
0.25153374233128806,0.7517084282460136,0.0,0.0,0.6874999999999999,0.39062499999999994,0.641025641025641,0.9428571428571428
0.25153374233128806,0.7517084282460136,0.0,0.0,0.7,0.39062499999999994,0.6282051282051281,0.9428571428571428
