temp,humd,co2,voc1,voc2,no2,eth,co
0.2085889570552143,0.7870159453302964,0.010482180293501049,0.05714285714285714,0.8,0.42187499999999994,0.7435897435897436,0.9571428571428571
0.2085889570552143,0.7892938496583142,0.023060796645702306,0.14285714285714285,0.7875000000000001,0.42187499999999994,0.7435897435897436,0.9571428571428571
0.2085889570552143,0.7881548974943052,0.0,0.07142857142857142,0.7875000000000001,0.42187499999999994,0.7435897435897436,0.9571428571428571
0.2085889570552143,0.7870159453302964,0.010482180293501049,0.05714285714285714,0.7875000000000001,0.42187499999999994,0.7435897435897436,0.9571428571428571
0.2085889570552143,0.7870159453302964,0.0,0.014285714285714285,0.7875000000000001,0.42187499999999994,0.7435897435897436,0.9571428571428571
0.2085889570552143,0.7870159453302964,0.008385744234800839,0.07142857142857142,0.7875000000000001,0.42187499999999994,0.7435897435897436,0.9428571428571428
0.2085889570552143,0.7870159453302964,0.0,0.02857142857142857,0.7875000000000001,0.42187499999999994,0.7435897435897436,0.9571428571428571
0.21472392638036863,0.7847380410022777,0.012578616352201259,0.04285714285714286,0.7875000000000001,0.42187499999999994,0.7435897435897436,0.9571428571428571
