temp,humd,co2,voc1,voc2,no2,eth,co
0.29447852760736176,0.7027334851936219,0.014675052410901468,0.1,0.5750000000000001,0.34375000000000006,0.5128205128205129,0.9285714285714285
0.3006134969325161,0.7038724373576307,0.018867924528301886,0.05714285714285714,0.5750000000000001,0.34375000000000006,0.5128205128205129,0.9285714285714285
0.29447852760736176,0.7027334851936219,0.020964360587002098,0.014285714285714285,0.5750000000000001,0.34375000000000006,0.5128205128205129,0.9285714285714285
0.29447852760736176,0.7038724373576307,0.031446540880503145,0.18571428571428572,0.5750000000000001,0.34375000000000006,0.5128205128205129,0.9285714285714285
0.29447852760736176,0.7027334851936219,0.012578616352201259,0.2,0.5750000000000001,0.34375000000000006,0.5128205128205129,0.9285714285714285
0.29447852760736176,0.7027334851936219,0.010482180293501049,0.15714285714285714,0.5750000000000001,0.34375000000000006,0.5128205128205129,0.9285714285714285
0.29447852760736176,0.7038724373576307,0.014675052410901468,0.12857142857142856,0.5750000000000001,0.34375000000000006,0.5128205128205129,0.9285714285714285
0.29447852760736176,0.7027334851936219,0.016771488469601678,0.11428571428571428,0.5750000000000001,0.34375000000000006,0.5128205128205129,0.9285714285714285
