temp,humd,co2,voc1,voc2,no2,eth,co
0.23312883435582943,0.7710706150341687,0.04612159329140461,0.07142857142857142,0.75,0.40624999999999994,0.6923076923076923,0.9571428571428571
0.23312883435582943,0.7722095671981776,0.018867924528301886,0.02857142857142857,0.75,0.40624999999999994,0.6923076923076923,0.9571428571428571
0.2269938650306751,0.7722095671981776,0.014675052410901468,0.014285714285714285,0.75,0.40624999999999994,0.6923076923076923,0.9571428571428571
0.23312883435582943,0.7710706150341687,0.006289308176100629,0.014285714285714285,0.75,0.40624999999999994,0.6923076923076923,0.9571428571428571
0.2269938650306751,0.7699316628701598,0.0,0.02857142857142857,0.75,0.40624999999999994,0.6923076923076923,0.9571428571428571
0.2269938650306751,0.7710706150341687,0.0,0.05714285714285714,0.75,0.40624999999999994,0.6923076923076923,0.9571428571428571
0.23312883435582943,0.7710706150341687,0.008385744234800839,0.014285714285714285,0.75,0.40624999999999994,0.6923076923076923,0.9571428571428571
0.23312883435582943,0.7733485193621873,0.0,0.02857142857142857,0.75,0.40624999999999994,0.6923076923076923,0.9571428571428571
