temp,humd,co2,voc1,voc2,no2,eth,co
0.22085889570552295,0.7813211845102511,0.04821802935010482,0.18571428571428572,0.775,0.42187499999999994,0.7307692307692308,0.9571428571428571
0.21472392638036863,0.7801822323462414,0.05241090146750524,0.14285714285714285,0.775,0.42187499999999994,0.7307692307692308,0.9571428571428571
0.21472392638036863,0.7790432801822326,0.04612159329140461,0.11428571428571428,0.775,0.42187499999999994,0.7307692307692308,0.9571428571428571
0.21472392638036863,0.7790432801822326,0.050314465408805034,0.08571428571428572,0.775,0.42187499999999994,0.7307692307692308,0.9571428571428571
0.22085889570552295,0.7813211845102511,0.041928721174004195,0.04285714285714286,0.775,0.42187499999999994,0.7307692307692308,0.9571428571428571
0.22085889570552295,0.7801822323462414,0.027253668763102725,0.12857142857142856,0.775,0.42187499999999994,0.7307692307692308,0.9571428571428571
0.22085889570552295,0.7801822323462414,0.033542976939203356,0.12857142857142856,0.775,0.42187499999999994,0.717948717948718,0.9571428571428571
0.22085889570552295,0.7790432801822326,0.010482180293501049,0.1,0.775,0.42187499999999994,0.7307692307692308,0.9571428571428571
