temp,humd,co2,voc1,voc2,no2,eth,co
0.29447852760736176,0.7118451025056945,0.012578616352201259,0.0,0.5875000000000001,0.35937500000000006,0.5256410256410258,0.9285714285714285
0.3006134969325161,0.7107061503416857,0.0,0.014285714285714285,0.6000000000000001,0.34375000000000006,0.5256410256410258,0.9285714285714285
0.28834355828220964,0.7118451025056945,0.0,0.04285714285714286,0.6000000000000001,0.35937500000000006,0.5256410256410258,0.9285714285714285
0.29447852760736176,0.7084282460136679,0.012578616352201259,0.05714285714285714,0.6000000000000001,0.34375000000000006,0.5256410256410258,0.9285714285714285
0.29447852760736176,0.7095671981776768,0.014675052410901468,0.07142857142857142,0.6000000000000001,0.34375000000000006,0.5256410256410258,0.9285714285714285
0.29447852760736176,0.7072892938496582,0.0041928721174004195,0.08571428571428572,0.6000000000000001,0.35937500000000006,0.5256410256410258,0.9285714285714285
0.29447852760736176,0.7072892938496582,0.008385744234800839,0.12857142857142856,0.6000000000000001,0.34375000000000006,0.5256410256410258,0.9285714285714285
0.28834355828220964,0.7095671981776768,0.016771488469601678,0.014285714285714285,0.5875000000000001,0.34375000000000006,0.5256410256410258,0.9285714285714285
