temp,humd,co2,voc1,voc2,no2,eth,co
0.12883435582822117,0.8667425968109346,0.033542976939203356,0.014285714285714285,0.9125000000000002,0.484375,0.8974358974358976,0.9857142857142857
0.12269938650306904,0.8656036446469249,0.016771488469601678,0.05714285714285714,0.9125000000000002,0.5,0.8974358974358976,0.9714285714285714
0.12883435582822117,0.8656036446469249,0.029350104821802937,0.014285714285714285,0.9125000000000002,0.484375,0.8974358974358976,0.9857142857142857
0.12883435582822117,0.8656036446469249,0.006289308176100629,0.0,0.9125000000000002,0.484375,0.8974358974358976,0.9857142857142857
0.12883435582822117,0.8644646924829159,0.014675052410901468,0.05714285714285714,0.9125000000000002,0.484375,0.8974358974358976,0.9857142857142857
0.12883435582822117,0.8610478359908885,0.014675052410901468,0.02857142857142857,0.9125000000000002,0.484375,0.8974358974358976,0.9857142857142857
0.1349693251533755,0.8599088838268796,0.014675052410901468,0.0,0.9125000000000002,0.484375,0.8974358974358976,0.9857142857142857
0.12883435582822117,0.8587699316628707,0.0041928721174004195,0.0,0.8999999999999999,0.484375,0.8846153846153848,0.9714285714285714
