temp,humd,co2,voc1,voc2,no2,eth,co
0.25153374233128806,0.7585421412300686,0.0,0.08571428571428572,0.7,0.39062499999999994,0.6538461538461537,0.9571428571428571
0.25153374233128806,0.7585421412300686,0.016771488469601678,0.11428571428571428,0.7,0.39062499999999994,0.641025641025641,0.9428571428571428
0.24539877300613588,0.7574031890660596,0.0,0.05714285714285714,0.7124999999999999,0.39062499999999994,0.641025641025641,0.9571428571428571
0.24539877300613588,0.7574031890660596,0.023060796645702306,0.1,0.7,0.39062499999999994,0.641025641025641,0.9428571428571428
0.25153374233128806,0.7574031890660596,0.012578616352201259,0.05714285714285714,0.7,0.39062499999999994,0.641025641025641,0.9428571428571428
0.25153374233128806,0.7585421412300686,0.0,0.0,0.7,0.39062499999999994,0.641025641025641,0.9428571428571428
0.24539877300613588,0.7574031890660596,0.027253668763102725,0.08571428571428572,0.7,0.39062499999999994,0.641025641025641,0.9428571428571428
0.25153374233128806,0.7574031890660596,0.014675052410901468,0.014285714285714285,0.7,0.39062499999999994,0.641025641025641,0.9428571428571428
