temp,humd,co2,voc1,voc2,no2,eth,co
0.19631901840490784,0.7961275626423691,0.014675052410901468,0.04285714285714286,0.8125000000000001,0.43749999999999994,0.7692307692307693,0.9571428571428571
0.20245398773006215,0.7949886104783602,0.010482180293501049,0.02857142857142857,0.8125000000000001,0.43749999999999994,0.7820512820512822,0.9571428571428571
0.19631901840490784,0.797266514806378,0.016771488469601678,0.014285714285714285,0.8125000000000001,0.43749999999999994,0.7692307692307693,0.9571428571428571
0.19631901840490784,0.7961275626423691,0.018867924528301886,0.05714285714285714,0.8125000000000001,0.43749999999999994,0.7692307692307693,0.9571428571428571
0.19631901840490784,0.7961275626423691,0.0041928721174004195,0.04285714285714286,0.8125000000000001,0.43749999999999994,0.7692307692307693,0.9571428571428571
0.19631901840490784,0.7938496583143513,0.025157232704402517,0.05714285714285714,0.8125000000000001,0.43749999999999994,0.7692307692307693,0.9571428571428571
0.19631901840490784,0.7949886104783602,0.03773584905660377,0.0,0.8125000000000001,0.43749999999999994,0.7692307692307693,0.9571428571428571
0.19631901840490784,0.7949886104783602,0.033542976939203356,0.07142857142857142,0.8125000000000001,0.43749999999999994,0.7692307692307693,0.9571428571428571
