temp,humd,co2,voc1,voc2,no2,eth,co
0.2269938650306751,0.17084282460136638,0.006289308176100629,0.02857142857142857,0.6250000000000001,0.12500000000000008,0.4743589743589744,0.11428571428571435
0.2269938650306751,0.17084282460136638,0.008385744234800839,0.04285714285714286,0.6250000000000001,0.12500000000000008,0.4743589743589744,0.12857142857142864
0.23312883435582943,0.17198177676537607,0.018867924528301886,0.08571428571428572,0.6250000000000001,0.12500000000000008,0.4743589743589744,0.12857142857142864
0.23312883435582943,0.17084282460136638,0.008385744234800839,0.02857142857142857,0.6250000000000001,0.12500000000000008,0.4743589743589744,0.11428571428571435
0.23312883435582943,0.1697038724373575,0.014675052410901468,0.11428571428571428,0.6250000000000001,0.12500000000000008,0.4743589743589744,0.11428571428571435
0.2269938650306751,0.1697038724373575,0.012578616352201259,0.07142857142857142,0.6250000000000001,0.12500000000000008,0.4743589743589744,0.11428571428571435
0.2269938650306751,0.1685649202733486,0.016771488469601678,0.07142857142857142,0.6250000000000001,0.12500000000000008,0.4743589743589744,0.11428571428571435
0.2269938650306751,0.1697038724373575,0.018867924528301886,0.07142857142857142,0.6250000000000001,0.12500000000000008,0.4743589743589744,0.11428571428571435
