temp,humd,co2,voc1,voc2,no2,eth,co
0.23926380368098157,0.1412300683371297,0.016771488469601678,0.02857142857142857,0.6874999999999999,0.1718750000000001,0.5384615384615385,0.11428571428571435
0.24539877300613588,0.1412300683371297,0.008385744234800839,0.08571428571428572,0.6749999999999999,0.1718750000000001,0.5384615384615385,0.11428571428571435
0.23926380368098157,0.1412300683371297,0.0020964360587002098,0.05714285714285714,0.6749999999999999,0.1718750000000001,0.5384615384615385,0.11428571428571435
0.23926380368098157,0.1400911161731208,0.0041928721174004195,0.05714285714285714,0.6749999999999999,0.1718750000000001,0.5384615384615385,0.11428571428571435
0.23926380368098157,0.13895216400911192,0.0,0.04285714285714286,0.6749999999999999,0.1718750000000001,0.5384615384615385,0.11428571428571435
0.23926380368098157,0.1400911161731208,0.023060796645702306,0.014285714285714285,0.6749999999999999,0.1562500000000001,0.5384615384615385,0.11428571428571435
0.23926380368098157,0.1400911161731208,0.0,0.0,0.6749999999999999,0.1562500000000001,0.5384615384615385,0.11428571428571435
0.23312883435582943,0.1400911161731208,0.014675052410901468,0.014285714285714285,0.6749999999999999,0.1562500000000001,0.5384615384615385,0.11428571428571435
