temp,humd,co2,voc1,voc2,no2,eth,co
0.2269938650306751,0.15375854214122986,0.006289308176100629,0.07142857142857142,0.55,0.09375000000000007,0.3974358974358974,0.08571428571428577
0.23312883435582943,0.15261958997722097,0.0041928721174004195,0.02857142857142857,0.55,0.09375000000000007,0.3974358974358974,0.08571428571428577
0.23312883435582943,0.15375854214122986,0.0020964360587002098,0.05714285714285714,0.55,0.09375000000000007,0.3974358974358974,0.08571428571428577
0.2269938650306751,0.15489749430523955,0.0020964360587002098,0.02857142857142857,0.55,0.09375000000000007,0.3974358974358974,0.08571428571428577
0.23312883435582943,0.15375854214122986,0.008385744234800839,0.05714285714285714,0.55,0.09375000000000007,0.3974358974358974,0.08571428571428577
0.23312883435582943,0.15261958997722097,0.0020964360587002098,0.02857142857142857,0.55,0.09375000000000007,0.3974358974358974,0.08571428571428577
0.2269938650306751,0.15261958997722097,0.0020964360587002098,0.014285714285714285,0.55,0.09375000000000007,0.3974358974358974,0.08571428571428577
0.23312883435582943,0.15489749430523955,0.0,0.04285714285714286,0.55,0.09375000000000007,0.3974358974358974,0.08571428571428577
