temp,humd,co2,voc1,voc2,no2,eth,co
0.23926380368098157,0.1412300683371297,0.0041928721174004195,0.05714285714285714,0.6749999999999999,0.1562500000000001,0.5384615384615385,0.11428571428571435
0.23312883435582943,0.1412300683371297,0.006289308176100629,0.02857142857142857,0.6749999999999999,0.1562500000000001,0.5384615384615385,0.11428571428571435
0.23926380368098157,0.1412300683371297,0.014675052410901468,0.04285714285714286,0.6749999999999999,0.1562500000000001,0.5384615384615385,0.11428571428571435
0.23926380368098157,0.1412300683371297,0.020964360587002098,0.08571428571428572,0.6749999999999999,0.1562500000000001,0.5384615384615385,0.11428571428571435
0.23312883435582943,0.1412300683371297,0.0,0.0,0.6749999999999999,0.1562500000000001,0.5384615384615385,0.11428571428571435
0.23926380368098157,0.1412300683371297,0.014675052410901468,0.02857142857142857,0.6749999999999999,0.1562500000000001,0.5384615384615385,0.11428571428571435
0.23926380368098157,0.1423690205011386,0.006289308176100629,0.02857142857142857,0.6749999999999999,0.1562500000000001,0.5384615384615385,0.11428571428571435
0.23926380368098157,0.1412300683371297,0.012578616352201259,0.12857142857142856,0.6749999999999999,0.1562500000000001,0.5256410256410258,0.11428571428571435
