temp,humd,co2,voc1,voc2,no2,eth,co
0.5950920245398779,0.33826879271070653,0.0,0.1,0.012500000000000015,0.03125000000000002,0.012820512820512834,0.3142857142857145
0.60122699386503,0.3405466970387243,0.0,0.08571428571428572,0.0,0.03125000000000002,0.012820512820512834,0.3000000000000002
0.60122699386503,0.3416856492027332,0.0,0.11428571428571428,0.0,0.03125000000000002,0.012820512820512834,0.3000000000000002
0.60122699386503,0.34396355353075175,0.0,0.05714285714285714,0.012500000000000015,0.03125000000000002,0.012820512820512834,0.3000000000000002
0.60122699386503,0.34396355353075175,0.0,0.08571428571428572,0.0,0.03125000000000002,0.012820512820512834,0.2857142857142859
0.60122699386503,0.34282460136674286,0.0,0.11428571428571428,0.0,0.03125000000000002,0.012820512820512834,0.2857142857142859
0.60122699386503,0.34510250569476064,0.0,0.08571428571428572,0.012500000000000015,0.03125000000000002,0.012820512820512834,0.2857142857142859
0.60122699386503,0.34510250569476064,0.0,0.05714285714285714,0.0,0.03125000000000002,0.012820512820512834,0.2857142857142859
