temp,humd,co2,voc1,voc2,no2,eth,co
0.2085889570552143,0.15261958997722097,0.0041928721174004195,0.0,0.46249999999999997,0.046875000000000035,0.32051282051282054,0.07142857142857148
0.2085889570552143,0.1514806378132121,0.0,0.0,0.46249999999999997,0.046875000000000035,0.32051282051282054,0.07142857142857148
0.21472392638036863,0.15261958997722097,0.0,0.0,0.46249999999999997,0.046875000000000035,0.32051282051282054,0.07142857142857148
0.2085889570552143,0.15261958997722097,0.012578616352201259,0.04285714285714286,0.46249999999999997,0.046875000000000035,0.32051282051282054,0.07142857142857148
0.2085889570552143,0.15375854214122986,0.0041928721174004195,0.08571428571428572,0.46249999999999997,0.046875000000000035,0.32051282051282054,0.07142857142857148
0.2085889570552143,0.1503416856492024,0.0,0.11428571428571428,0.46249999999999997,0.046875000000000035,0.32051282051282054,0.07142857142857148
0.2085889570552143,0.15375854214122986,0.0,0.07142857142857142,0.46249999999999997,0.046875000000000035,0.32051282051282054,0.07142857142857148
0.2085889570552143,0.15375854214122986,0.010482180293501049,0.04285714285714286,0.46249999999999997,0.046875000000000035,0.32051282051282054,0.07142857142857148
