temp,humd,co2,voc1,voc2,no2,eth,co
0.2269938650306751,0.16400911161731227,0.0,0.02857142857142857,0.6125000000000002,0.12500000000000008,0.46153846153846156,0.11428571428571435
0.2269938650306751,0.16400911161731227,0.031446540880503145,0.0,0.6125000000000002,0.12500000000000008,0.46153846153846156,0.11428571428571435
0.2269938650306751,0.16514806378132116,0.029350104821802937,0.04285714285714286,0.6125000000000002,0.12500000000000008,0.46153846153846156,0.11428571428571435
0.2269938650306751,0.16400911161731227,0.031446540880503145,0.02857142857142857,0.6125000000000002,0.12500000000000008,0.46153846153846156,0.10000000000000006
0.22085889570552295,0.16287015945330258,0.027253668763102725,0.11428571428571428,0.6125000000000002,0.12500000000000008,0.46153846153846156,0.10000000000000006
0.22085889570552295,0.16287015945330258,0.014675052410901468,0.0,0.6125000000000002,0.12500000000000008,0.46153846153846156,0.10000000000000006
0.2269938650306751,0.1617312072892937,0.016771488469601678,0.1,0.6125000000000002,0.12500000000000008,0.46153846153846156,0.10000000000000006
0.2269938650306751,0.1617312072892937,0.023060796645702306,0.05714285714285714,0.6125000000000002,0.12500000000000008,0.46153846153846156,0.10000000000000006
