temp,humd,co2,voc1,voc2,no2,eth,co
0.20245398773006215,0.15603644646924844,0.0,0.07142857142857142,0.44999999999999996,0.046875000000000035,0.2948717948717949,0.07142857142857148
0.20245398773006215,0.15603644646924844,0.0,0.02857142857142857,0.43749999999999994,0.046875000000000035,0.2948717948717949,0.07142857142857148
0.20245398773006215,0.15603644646924844,0.0,0.07142857142857142,0.43749999999999994,0.046875000000000035,0.2948717948717949,0.07142857142857148
0.20245398773006215,0.15717539863325733,0.0,0.12857142857142856,0.44999999999999996,0.046875000000000035,0.2948717948717949,0.057142857142857176
0.20245398773006215,0.15603644646924844,0.0041928721174004195,0.05714285714285714,0.44999999999999996,0.046875000000000035,0.2948717948717949,0.07142857142857148
0.19631901840490784,0.15717539863325733,0.0,0.04285714285714286,0.44999999999999996,0.046875000000000035,0.2948717948717949,0.07142857142857148
0.19631901840490784,0.15717539863325733,0.0,0.0,0.44999999999999996,0.046875000000000035,0.2948717948717949,0.07142857142857148
0.19631901840490784,0.15603644646924844,0.0,0.0,0.43749999999999994,0.046875000000000035,0.2948717948717949,0.07142857142857148
