temp,humd,co2,voc1,voc2,no2,eth,co
0.20245398773006215,0.15603644646924844,0.025157232704402517,0.15714285714285714,0.5,0.07812500000000006,0.35897435897435903,0.07142857142857148
0.2085889570552143,0.15603644646924844,0.023060796645702306,0.05714285714285714,0.5,0.06250000000000004,0.35897435897435903,0.07142857142857148
0.2085889570552143,0.15603644646924844,0.023060796645702306,0.1,0.5,0.07812500000000006,0.35897435897435903,0.07142857142857148
0.2085889570552143,0.15489749430523955,0.020964360587002098,0.08571428571428572,0.5,0.07812500000000006,0.35897435897435903,0.07142857142857148
0.2085889570552143,0.15603644646924844,0.020964360587002098,0.08571428571428572,0.5,0.07812500000000006,0.35897435897435903,0.07142857142857148
0.2085889570552143,0.15603644646924844,0.016771488469601678,0.08571428571428572,0.5,0.07812500000000006,0.35897435897435903,0.07142857142857148
0.2085889570552143,0.15489749430523955,0.020964360587002098,0.11428571428571428,0.5,0.06250000000000004,0.35897435897435903,0.07142857142857148
0.2085889570552143,0.15603644646924844,0.010482180293501049,0.07142857142857142,0.5,0.07812500000000006,0.35897435897435903,0.07142857142857148
