temp,humd,co2,voc1,voc2,no2,eth,co
0.2269938650306751,0.1514806378132121,0.0041928721174004195,0.04285714285714286,0.5625000000000001,0.09375000000000007,0.41025641025641024,0.08571428571428577
0.2269938650306751,0.15261958997722097,0.0,0.08571428571428572,0.5625000000000001,0.09375000000000007,0.41025641025641024,0.08571428571428577
0.2269938650306751,0.15375854214122986,0.006289308176100629,0.014285714285714285,0.5625000000000001,0.09375000000000007,0.41025641025641024,0.08571428571428577
0.2269938650306751,0.15261958997722097,0.006289308176100629,0.07142857142857142,0.5625000000000001,0.09375000000000007,0.41025641025641024,0.08571428571428577
0.22085889570552295,0.15375854214122986,0.018867924528301886,0.11428571428571428,0.5625000000000001,0.09375000000000007,0.41025641025641024,0.08571428571428577
0.2269938650306751,0.15375854214122986,0.0020964360587002098,0.04285714285714286,0.5625000000000001,0.09375000000000007,0.41025641025641024,0.08571428571428577
0.23312883435582943,0.15375854214122986,0.012578616352201259,0.11428571428571428,0.5625000000000001,0.09375000000000007,0.41025641025641024,0.08571428571428577
0.2269938650306751,0.15375854214122986,0.012578616352201259,0.02857142857142857,0.55,0.09375000000000007,0.41025641025641024,0.08571428571428577
