temp,humd,co2,voc1,voc2,no2,eth,co
0.5889570552147235,0.3257403189066064,0.0,0.04285714285714286,0.0,0.03125000000000002,0.012820512820512834,0.2142857142857144
0.5889570552147235,0.32346241457858776,0.0,0.07142857142857142,0.0,0.03125000000000002,0.012820512820512834,0.2142857142857144
0.5950920245398779,0.3223234624145789,0.0,0.014285714285714285,0.0,0.03125000000000002,0.012820512820512834,0.2142857142857144
0.5950920245398779,0.3211845102505692,0.0,0.0,0.0,0.03125000000000002,0.012820512820512834,0.2142857142857144
0.5950920245398779,0.3223234624145789,0.0,0.07142857142857142,0.0,0.03125000000000002,0.012820512820512834,0.2142857142857144
0.5950920245398779,0.3211845102505692,0.0,0.05714285714285714,0.0,0.03125000000000002,0.0,0.2285714285714287
0.5950920245398779,0.3211845102505692,0.0,0.05714285714285714,0.0,0.03125000000000002,0.0,0.2142857142857144
0.5950920245398779,0.31890660592255143,0.0,0.05714285714285714,0.0,0.03125000000000002,0.0,0.2142857142857144
