temp,humd,co2,voc1,voc2,no2,eth,co
0.5950920245398779,0.2676537585421411,0.0,0.0,0.012500000000000015,0.03125000000000002,0.012820512820512834,0.20000000000000012
0.60122699386503,0.2699316628701596,0.0,0.08571428571428572,0.012500000000000015,0.03125000000000002,0.012820512820512834,0.20000000000000012
0.60122699386503,0.2676537585421411,0.0,0.0,0.012500000000000015,0.03125000000000002,0.012820512820512834,0.20000000000000012
0.60122699386503,0.26879271070615074,0.0,0.0,0.012500000000000015,0.03125000000000002,0.012820512820512834,0.20000000000000012
0.60122699386503,0.26879271070615074,0.0,0.05714285714285714,0.012500000000000015,0.03125000000000002,0.012820512820512834,0.20000000000000012
0.5950920245398779,0.2676537585421411,0.0,0.04285714285714286,0.012500000000000015,0.03125000000000002,0.012820512820512834,0.20000000000000012
0.5950920245398779,0.2699316628701596,0.0,0.02857142857142857,0.012500000000000015,0.03125000000000002,0.012820512820512834,0.20000000000000012
0.60122699386503,0.2676537585421411,0.0,0.05714285714285714,0.012500000000000015,0.03125000000000002,0.012820512820512834,0.20000000000000012
