temp,humd,co2,voc1,voc2,no2,eth,co
0.25153374233128806,0.13895216400911192,0.020964360587002098,0.08571428571428572,0.725,0.18750000000000014,0.6025641025641028,0.12857142857142864
0.25153374233128806,0.1412300683371297,0.010482180293501049,0.07142857142857142,0.725,0.18750000000000014,0.6025641025641028,0.12857142857142864
0.25153374233128806,0.1400911161731208,0.016771488469601678,0.0,0.725,0.20312499999999997,0.5897435897435899,0.12857142857142864
0.25153374233128806,0.13895216400911192,0.025157232704402517,0.08571428571428572,0.725,0.20312499999999997,0.5897435897435899,0.12857142857142864
0.25153374233128806,0.13895216400911192,0.012578616352201259,0.0,0.725,0.18750000000000014,0.5897435897435899,0.12857142857142864
0.25153374233128806,0.13895216400911192,0.018867924528301886,0.05714285714285714,0.725,0.18750000000000014,0.5897435897435899,0.12857142857142864
0.25153374233128806,0.13895216400911192,0.016771488469601678,0.0,0.725,0.18750000000000014,0.5897435897435899,0.12857142857142864
0.25153374233128806,0.13781321184510223,0.010482180293501049,0.0,0.725,0.18750000000000014,0.5897435897435899,0.12857142857142864
