temp,humd,co2,voc1,voc2,no2,eth,co
0.23312883435582943,0.15831435079726622,0.0020964360587002098,0.014285714285714285,0.5875000000000001,0.09375000000000007,0.4358974358974359,0.10000000000000006
0.2269938650306751,0.15831435079726622,0.0020964360587002098,0.0,0.5875000000000001,0.10937500000000007,0.4358974358974359,0.10000000000000006
0.23312883435582943,0.15831435079726622,0.0041928721174004195,0.02857142857142857,0.5750000000000001,0.10937500000000007,0.4358974358974359,0.10000000000000006
0.2269938650306751,0.15717539863325733,0.0,0.0,0.5875000000000001,0.10937500000000007,0.4230769230769231,0.08571428571428577
0.23312883435582943,0.15603644646924844,0.016771488469601678,0.1,0.5875000000000001,0.10937500000000007,0.4358974358974359,0.08571428571428577
0.23312883435582943,0.15717539863325733,0.020964360587002098,0.07142857142857142,0.5750000000000001,0.10937500000000007,0.4358974358974359,0.10000000000000006
0.23312883435582943,0.15831435079726622,0.029350104821802937,0.05714285714285714,0.5750000000000001,0.10937500000000007,0.4358974358974359,0.10000000000000006
0.23312883435582943,0.1594533029612759,0.014675052410901468,0.1,0.5875000000000001,0.10937500000000007,0.4230769230769231,0.10000000000000006
