temp,humd,co2,voc1,voc2,no2,eth,co
0.23926380368098157,0.14350797266514828,0.012578616352201259,0.02857142857142857,0.6749999999999999,0.1562500000000001,0.5256410256410258,0.11428571428571435
0.23926380368098157,0.1412300683371297,0.014675052410901468,0.0,0.6624999999999999,0.1562500000000001,0.5256410256410258,0.11428571428571435
0.23312883435582943,0.14350797266514828,0.010482180293501049,0.07142857142857142,0.6624999999999999,0.1562500000000001,0.5256410256410258,0.11428571428571435
0.23312883435582943,0.1412300683371297,0.006289308176100629,0.0,0.6624999999999999,0.1562500000000001,0.5256410256410258,0.11428571428571435
0.23312883435582943,0.1412300683371297,0.010482180293501049,0.04285714285714286,0.6624999999999999,0.1562500000000001,0.5256410256410258,0.11428571428571435
0.23926380368098157,0.14350797266514828,0.0,0.1,0.6624999999999999,0.1562500000000001,0.5256410256410258,0.10000000000000006
0.23926380368098157,0.1412300683371297,0.012578616352201259,0.08571428571428572,0.6624999999999999,0.1562500000000001,0.5256410256410258,0.11428571428571435
0.23312883435582943,0.14350797266514828,0.010482180293501049,0.14285714285714285,0.6624999999999999,0.1562500000000001,0.5256410256410258,0.10000000000000006
