temp,humd,co2,voc1,voc2,no2,eth,co
0.21472392638036863,0.15261958997722097,0.008385744234800839,0.0,0.475,0.046875000000000035,0.33333333333333337,0.07142857142857148
0.21472392638036863,0.15375854214122986,0.008385744234800839,0.08571428571428572,0.475,0.06250000000000004,0.32051282051282054,0.07142857142857148
0.2085889570552143,0.1514806378132121,0.014675052410901468,0.02857142857142857,0.475,0.046875000000000035,0.33333333333333337,0.07142857142857148
0.21472392638036863,0.1514806378132121,0.010482180293501049,0.05714285714285714,0.475,0.046875000000000035,0.32051282051282054,0.07142857142857148
0.2085889570552143,0.15375854214122986,0.025157232704402517,0.0,0.475,0.046875000000000035,0.32051282051282054,0.07142857142857148
0.21472392638036863,0.1514806378132121,0.010482180293501049,0.02857142857142857,0.475,0.046875000000000035,0.32051282051282054,0.07142857142857148
0.21472392638036863,0.1503416856492024,0.012578616352201259,0.04285714285714286,0.475,0.046875000000000035,0.32051282051282054,0.07142857142857148
0.21472392638036863,0.1514806378132121,0.008385744234800839,0.014285714285714285,0.475,0.06250000000000004,0.32051282051282054,0.07142857142857148
