temp,humd,co2,voc1,voc2,no2,eth,co
0.6134969325153364,0.2665148063781322,0.0,0.04285714285714286,0.02500000000000003,0.03125000000000002,0.012820512820512834,0.20000000000000012
0.6134969325153364,0.2665148063781322,0.0,0.02857142857142857,0.012500000000000015,0.03125000000000002,0.012820512820512834,0.20000000000000012
0.6134969325153364,0.2676537585421411,0.0,0.04285714285714286,0.012500000000000015,0.03125000000000002,0.012820512820512834,0.20000000000000012
0.6134969325153364,0.2653758542141233,0.0,0.05714285714285714,0.012500000000000015,0.03125000000000002,0.012820512820512834,0.20000000000000012
0.6073619631901843,0.2676537585421411,0.0,0.07142857142857142,0.012500000000000015,0.03125000000000002,0.012820512820512834,0.20000000000000012
0.6134969325153364,0.2676537585421411,0.0,0.02857142857142857,0.012500000000000015,0.03125000000000002,0.012820512820512834,0.20000000000000012
0.6134969325153364,0.2665148063781322,0.0,0.08571428571428572,0.012500000000000015,0.03125000000000002,0.012820512820512834,0.20000000000000012
0.6134969325153364,0.2676537585421411,0.0,0.07142857142857142,0.02500000000000003,0.03125000000000002,0.012820512820512834,0.20000000000000012
