temp,humd,co2,voc1,voc2,no2,eth,co
0.2085889570552143,0.15489749430523955,0.012578616352201259,0.12857142857142856,0.5,0.07812500000000006,0.35897435897435903,0.07142857142857148
0.2085889570552143,0.15489749430523955,0.020964360587002098,0.21428571428571427,0.5,0.06250000000000004,0.35897435897435903,0.07142857142857148
0.2085889570552143,0.15831435079726622,0.0,0.07142857142857142,0.5,0.06250000000000004,0.35897435897435903,0.07142857142857148
0.2085889570552143,0.15603644646924844,0.008385744234800839,0.07142857142857142,0.5,0.06250000000000004,0.3461538461538462,0.07142857142857148
0.2085889570552143,0.15831435079726622,0.008385744234800839,0.14285714285714285,0.5,0.06250000000000004,0.3461538461538462,0.07142857142857148
0.20245398773006215,0.15603644646924844,0.008385744234800839,0.1,0.5,0.06250000000000004,0.35897435897435903,0.07142857142857148
0.2085889570552143,0.15489749430523955,0.0,0.11428571428571428,0.5,0.06250000000000004,0.35897435897435903,0.07142857142857148
0.20245398773006215,0.15717539863325733,0.012578616352201259,0.12857142857142856,0.5,0.06250000000000004,0.3461538461538462,0.07142857142857148
