temp,humd,co2,voc1,voc2,no2,eth,co
0.22085889570552295,0.1514806378132121,0.025157232704402517,0.0,0.475,0.046875000000000035,0.32051282051282054,0.07142857142857148
0.21472392638036863,0.1503416856492024,0.014675052410901468,0.04285714285714286,0.475,0.046875000000000035,0.32051282051282054,0.07142857142857148
0.21472392638036863,0.15261958997722097,0.016771488469601678,0.05714285714285714,0.475,0.046875000000000035,0.32051282051282054,0.07142857142857148
0.21472392638036863,0.1503416856492024,0.010482180293501049,0.04285714285714286,0.475,0.046875000000000035,0.32051282051282054,0.07142857142857148
0.21472392638036863,0.15261958997722097,0.016771488469601678,0.05714285714285714,0.475,0.06250000000000004,0.32051282051282054,0.07142857142857148
0.2085889570552143,0.1514806378132121,0.025157232704402517,0.014285714285714285,0.475,0.046875000000000035,0.32051282051282054,0.07142857142857148
0.2085889570552143,0.1503416856492024,0.016771488469601678,0.04285714285714286,0.46249999999999997,0.046875000000000035,0.32051282051282054,0.07142857142857148
0.2085889570552143,0.1514806378132121,0.023060796645702306,0.07142857142857142,0.46249999999999997,0.046875000000000035,0.32051282051282054,0.07142857142857148
