temp,humd,co2,voc1,voc2,no2,eth,co
0.2269938650306751,0.15261958997722097,0.0,0.08571428571428572,0.55,0.09375000000000007,0.3974358974358974,0.08571428571428577
0.2269938650306751,0.15375854214122986,0.0,0.08571428571428572,0.55,0.09375000000000007,0.3974358974358974,0.08571428571428577
0.2269938650306751,0.15375854214122986,0.027253668763102725,0.11428571428571428,0.55,0.09375000000000007,0.3974358974358974,0.08571428571428577
0.2269938650306751,0.15261958997722097,0.0,0.014285714285714285,0.55,0.09375000000000007,0.3974358974358974,0.08571428571428577
0.2269938650306751,0.1514806378132121,0.0,0.0,0.5375000000000001,0.09375000000000007,0.3974358974358974,0.08571428571428577
0.2269938650306751,0.15261958997722097,0.0020964360587002098,0.0,0.5375000000000001,0.09375000000000007,0.3974358974358974,0.07142857142857148
0.2269938650306751,0.15261958997722097,0.010482180293501049,0.05714285714285714,0.5375000000000001,0.09375000000000007,0.3974358974358974,0.08571428571428577
0.2269938650306751,0.15375854214122986,0.0,0.07142857142857142,0.5375000000000001,0.09375000000000007,0.3974358974358974,0.07142857142857148
