temp,humd,co2,voc1,voc2,no2,eth,co
0.22085889570552295,0.14350797266514828,0.018867924528301886,0.07142857142857142,0.6624999999999999,0.1562500000000001,0.5256410256410258,0.10000000000000006
0.2269938650306751,0.1423690205011386,0.0041928721174004195,0.02857142857142857,0.6624999999999999,0.1406250000000001,0.5128205128205129,0.11428571428571435
0.22085889570552295,0.1412300683371297,0.025157232704402517,0.14285714285714285,0.6624999999999999,0.1562500000000001,0.5256410256410258,0.10000000000000006
0.2269938650306751,0.1423690205011386,0.018867924528301886,0.07142857142857142,0.6500000000000001,0.1562500000000001,0.5256410256410258,0.10000000000000006
0.2269938650306751,0.1423690205011386,0.023060796645702306,0.04285714285714286,0.6624999999999999,0.1406250000000001,0.5128205128205129,0.11428571428571435
0.22085889570552295,0.1423690205011386,0.020964360587002098,0.02857142857142857,0.6500000000000001,0.1406250000000001,0.5128205128205129,0.11428571428571435
0.22085889570552295,0.1423690205011386,0.029350104821802937,0.04285714285714286,0.6500000000000001,0.1562500000000001,0.5128205128205129,0.11428571428571435
0.22085889570552295,0.1423690205011386,0.04612159329140461,0.014285714285714285,0.6500000000000001,0.1562500000000001,0.5128205128205129,0.11428571428571435
