temp,humd,co2,voc1,voc2,no2,eth,co
0.23312883435582943,0.15375854214122986,0.0041928721174004195,0.02857142857142857,0.5625000000000001,0.09375000000000007,0.3974358974358974,0.08571428571428577
0.2269938650306751,0.15375854214122986,0.010482180293501049,0.08571428571428572,0.55,0.09375000000000007,0.41025641025641024,0.08571428571428577
0.2269938650306751,0.15375854214122986,0.020964360587002098,0.07142857142857142,0.55,0.09375000000000007,0.41025641025641024,0.08571428571428577
0.23312883435582943,0.15375854214122986,0.0,0.05714285714285714,0.55,0.09375000000000007,0.41025641025641024,0.08571428571428577
0.23312883435582943,0.15375854214122986,0.0,0.04285714285714286,0.55,0.09375000000000007,0.3974358974358974,0.08571428571428577
0.23312883435582943,0.15375854214122986,0.006289308176100629,0.07142857142857142,0.55,0.09375000000000007,0.41025641025641024,0.08571428571428577
0.23312883435582943,0.15489749430523955,0.023060796645702306,0.04285714285714286,0.55,0.09375000000000007,0.3974358974358974,0.08571428571428577
0.2269938650306751,0.15603644646924844,0.012578616352201259,0.02857142857142857,0.55,0.09375000000000007,0.3974358974358974,0.08571428571428577
