temp,humd,co2,voc1,voc2,no2,eth,co
0.23312883435582943,0.1412300683371297,0.0,0.04285714285714286,0.6624999999999999,0.1562500000000001,0.5256410256410258,0.11428571428571435
0.23312883435582943,0.1423690205011386,0.012578616352201259,0.0,0.6624999999999999,0.1562500000000001,0.5256410256410258,0.11428571428571435
0.23312883435582943,0.1423690205011386,0.016771488469601678,0.1,0.6624999999999999,0.1562500000000001,0.5256410256410258,0.11428571428571435
0.2269938650306751,0.1423690205011386,0.016771488469601678,0.07142857142857142,0.6624999999999999,0.1562500000000001,0.5256410256410258,0.10000000000000006
0.23312883435582943,0.1400911161731208,0.008385744234800839,0.08571428571428572,0.6624999999999999,0.1562500000000001,0.5256410256410258,0.11428571428571435
0.2269938650306751,0.1423690205011386,0.016771488469601678,0.04285714285714286,0.6624999999999999,0.1562500000000001,0.5256410256410258,0.10000000000000006
0.2269938650306751,0.1400911161731208,0.027253668763102725,0.05714285714285714,0.6624999999999999,0.1562500000000001,0.5256410256410258,0.10000000000000006
0.2269938650306751,0.1423690205011386,0.0,0.04285714285714286,0.6624999999999999,0.1562500000000001,0.5256410256410258,0.10000000000000006
