temp,humd,co2,voc1,voc2,no2,eth,co
0.5766871165644171,0.2824601366742598,0.0,0.0,0.012500000000000015,0.03125000000000002,0.012820512820512834,0.20000000000000012
0.5766871165644171,0.2835990888382687,0.0,0.0,0.012500000000000015,0.03125000000000002,0.012820512820512834,0.2142857142857144
0.570552147239265,0.2858769931662873,0.0,0.0,0.012500000000000015,0.03125000000000002,0.012820512820512834,0.2142857142857144
0.5766871165644171,0.2835990888382687,0.0,0.02857142857142857,0.012500000000000015,0.03125000000000002,0.012820512820512834,0.2142857142857144
0.5766871165644171,0.2824601366742598,0.0,0.04285714285714286,0.0,0.03125000000000002,0.012820512820512834,0.2142857142857144
0.5766871165644171,0.28473804100227756,0.0,0.0,0.012500000000000015,0.03125000000000002,0.012820512820512834,0.20000000000000012
0.5766871165644171,0.2835990888382687,0.0,0.05714285714285714,0.012500000000000015,0.03125000000000002,0.012820512820512834,0.2142857142857144
0.5766871165644171,0.2835990888382687,0.0,0.07142857142857142,0.0,0.03125000000000002,0.012820512820512834,0.2142857142857144
