temp,humd,co2,voc1,voc2,no2,eth,co
0.2085889570552143,0.15489749430523955,0.0020964360587002098,0.07142857142857142,0.5,0.06250000000000004,0.3461538461538462,0.07142857142857148
0.21472392638036863,0.15375854214122986,0.020964360587002098,0.07142857142857142,0.5,0.06250000000000004,0.3461538461538462,0.07142857142857148
0.21472392638036863,0.15489749430523955,0.018867924528301886,0.1,0.4875,0.06250000000000004,0.3461538461538462,0.07142857142857148
0.21472392638036863,0.15603644646924844,0.010482180293501049,0.0,0.5,0.06250000000000004,0.3461538461538462,0.07142857142857148
0.2085889570552143,0.15603644646924844,0.012578616352201259,0.05714285714285714,0.5,0.06250000000000004,0.3461538461538462,0.07142857142857148
0.2085889570552143,0.15603644646924844,0.03563941299790356,0.07142857142857142,0.5,0.06250000000000004,0.3461538461538462,0.07142857142857148
0.21472392638036863,0.15375854214122986,0.008385744234800839,0.0,0.5,0.06250000000000004,0.3461538461538462,0.07142857142857148
0.21472392638036863,0.15375854214122986,0.0041928721174004195,0.05714285714285714,0.5,0.06250000000000004,0.3461538461538462,0.07142857142857148
