temp,humd,co2,voc1,voc2,no2,eth,co
0.2269938650306751,0.1617312072892937,0.008385744234800839,0.0,0.6125000000000002,0.12500000000000008,0.46153846153846156,0.10000000000000006
0.2269938650306751,0.1617312072892937,0.023060796645702306,0.08571428571428572,0.6125000000000002,0.12500000000000008,0.46153846153846156,0.10000000000000006
0.2269938650306751,0.16287015945330258,0.008385744234800839,0.08571428571428572,0.6125000000000002,0.12500000000000008,0.46153846153846156,0.10000000000000006
0.2269938650306751,0.1605922551252848,0.025157232704402517,0.07142857142857142,0.6125000000000002,0.12500000000000008,0.46153846153846156,0.10000000000000006
0.2269938650306751,0.1617312072892937,0.010482180293501049,0.014285714285714285,0.6125000000000002,0.12500000000000008,0.46153846153846156,0.10000000000000006
0.2269938650306751,0.1617312072892937,0.0,0.07142857142857142,0.6000000000000001,0.12500000000000008,0.46153846153846156,0.10000000000000006
0.2269938650306751,0.15831435079726622,0.023060796645702306,0.014285714285714285,0.6125000000000002,0.12500000000000008,0.46153846153846156,0.10000000000000006
0.2269938650306751,0.1605922551252848,0.012578616352201259,0.07142857142857142,0.6125000000000002,0.12500000000000008,0.46153846153846156,0.10000000000000006
