temp,humd,co2,voc1,voc2,no2,eth,co
0.5828220858895714,0.2858769931662873,0.0,0.05714285714285714,0.012500000000000015,0.03125000000000002,0.012820512820512834,0.20000000000000012
0.5828220858895714,0.28815489749430506,0.0,0.04285714285714286,0.0,0.03125000000000002,0.012820512820512834,0.2142857142857144
0.5889570552147235,0.28815489749430506,0.0,0.04285714285714286,0.0,0.03125000000000002,0.012820512820512834,0.2142857142857144
0.5889570552147235,0.2870159453302962,0.0,0.0,0.0,0.03125000000000002,0.012820512820512834,0.2142857142857144
0.5889570552147235,0.28929384965831473,0.0,0.0,0.0,0.03125000000000002,0.012820512820512834,0.2285714285714287
0.5889570552147235,0.2927107061503414,0.0,0.0,0.0,0.03125000000000002,0.012820512820512834,0.2285714285714287
0.5889570552147235,0.2927107061503414,0.0,0.04285714285714286,0.0,0.03125000000000002,0.012820512820512834,0.24285714285714302
0.5889570552147235,0.29498861047835995,0.0,0.0,0.0,0.03125000000000002,0.012820512820512834,0.2571428571428573
