temp,humd,co2,voc1,voc2,no2,eth,co
0.25153374233128806,0.13895216400911192,0.020964360587002098,0.05714285714285714,0.725,0.18750000000000014,0.5897435897435899,0.12857142857142864
0.25153374233128806,0.13553530751708445,0.020964360587002098,0.05714285714285714,0.725,0.18750000000000014,0.5897435897435899,0.12857142857142864
0.25153374233128806,0.13781321184510223,0.020964360587002098,0.1,0.725,0.18750000000000014,0.5897435897435899,0.12857142857142864
0.24539877300613588,0.13781321184510223,0.014675052410901468,0.07142857142857142,0.725,0.18750000000000014,0.5897435897435899,0.12857142857142864
0.25153374233128806,0.13553530751708445,0.023060796645702306,0.12857142857142856,0.725,0.18750000000000014,0.5897435897435899,0.12857142857142864
0.24539877300613588,0.13781321184510223,0.033542976939203356,0.08571428571428572,0.725,0.18750000000000014,0.5897435897435899,0.12857142857142864
0.24539877300613588,0.13895216400911192,0.025157232704402517,0.18571428571428572,0.725,0.18750000000000014,0.5897435897435899,0.12857142857142864
0.24539877300613588,0.13781321184510223,0.018867924528301886,0.14285714285714285,0.7124999999999999,0.18750000000000014,0.5897435897435899,0.12857142857142864
