temp,humd,co2,voc1,voc2,no2,eth,co
0.5950920245398779,0.3325740318906605,0.0,0.14285714285714285,0.0,0.03125000000000002,0.012820512820512834,0.2285714285714287
0.5950920245398779,0.3302961275626427,0.0,0.12857142857142856,0.0,0.03125000000000002,0.012820512820512834,0.2285714285714287
0.5950920245398779,0.3314350797266516,0.0,0.14285714285714285,0.0,0.03125000000000002,0.012820512820512834,0.2285714285714287
0.5950920245398779,0.3314350797266516,0.0,0.04285714285714286,0.0,0.03125000000000002,0.0,0.2285714285714287
0.5950920245398779,0.329157175398633,0.0,0.08571428571428572,0.0,0.03125000000000002,0.012820512820512834,0.2285714285714287
0.5950920245398779,0.32687927107061526,0.0,0.08571428571428572,0.0,0.03125000000000002,0.012820512820512834,0.2285714285714287
0.5889570552147235,0.32687927107061526,0.0,0.12857142857142856,0.0,0.03125000000000002,0.012820512820512834,0.2142857142857144
0.5889570552147235,0.3257403189066064,0.0,0.07142857142857142,0.0,0.03125000000000002,0.012820512820512834,0.2285714285714287
