temp,humd,co2,voc1,voc2,no2,eth,co
0.2085889570552143,0.15375854214122986,0.014675052410901468,0.07142857142857142,0.4875,0.06250000000000004,0.3461538461538462,0.07142857142857148
0.2085889570552143,0.15489749430523955,0.023060796645702306,0.04285714285714286,0.4875,0.06250000000000004,0.33333333333333337,0.07142857142857148
0.2085889570552143,0.15489749430523955,0.010482180293501049,0.04285714285714286,0.4875,0.06250000000000004,0.33333333333333337,0.07142857142857148
0.2085889570552143,0.15489749430523955,0.008385744234800839,0.07142857142857142,0.4875,0.06250000000000004,0.33333333333333337,0.07142857142857148
0.21472392638036863,0.15375854214122986,0.0,0.04285714285714286,0.4875,0.06250000000000004,0.33333333333333337,0.07142857142857148
0.21472392638036863,0.15489749430523955,0.008385744234800839,0.07142857142857142,0.4875,0.06250000000000004,0.33333333333333337,0.07142857142857148
0.2085889570552143,0.15375854214122986,0.0,0.02857142857142857,0.4875,0.06250000000000004,0.33333333333333337,0.07142857142857148
0.2085889570552143,0.15489749430523955,0.018867924528301886,0.02857142857142857,0.4875,0.06250000000000004,0.33333333333333337,0.07142857142857148
