temp,humd,co2,voc1,voc2,no2,eth,co
0.24539877300613588,0.1400911161731208,0.0,0.02857142857142857,0.7124999999999999,0.18750000000000014,0.5897435897435899,0.12857142857142864
0.24539877300613588,0.1400911161731208,0.010482180293501049,0.04285714285714286,0.725,0.18750000000000014,0.5897435897435899,0.12857142857142864
0.25153374233128806,0.13895216400911192,0.008385744234800839,0.04285714285714286,0.7124999999999999,0.18750000000000014,0.5769230769230771,0.12857142857142864
0.24539877300613588,0.13781321184510223,0.012578616352201259,0.014285714285714285,0.7124999999999999,0.18750000000000014,0.5769230769230771,0.11428571428571435
0.24539877300613588,0.13895216400911192,0.018867924528301886,0.04285714285714286,0.7124999999999999,0.18750000000000014,0.5769230769230771,0.12857142857142864
0.24539877300613588,0.13781321184510223,0.010482180293501049,0.0,0.7124999999999999,0.18750000000000014,0.5769230769230771,0.12857142857142864
0.24539877300613588,0.13781321184510223,0.020964360587002098,0.02857142857142857,0.7124999999999999,0.18750000000000014,0.5769230769230771,0.12857142857142864
0.23926380368098157,0.13781321184510223,0.012578616352201259,0.05714285714285714,0.7124999999999999,0.18750000000000014,0.5769230769230771,0.12857142857142864
