temp,humd,co2,voc1,voc2,no2,eth,co
0.22085889570552295,0.1514806378132121,0.03563941299790356,0.04285714285714286,0.6500000000000001,0.1406250000000001,0.5128205128205129,0.12857142857142864
0.22085889570552295,0.1514806378132121,0.033542976939203356,0.014285714285714285,0.6500000000000001,0.1406250000000001,0.5128205128205129,0.12857142857142864
0.22085889570552295,0.1503416856492024,0.03773584905660377,0.0,0.6500000000000001,0.1406250000000001,0.5128205128205129,0.14285714285714296
0.2269938650306751,0.15261958997722097,0.03773584905660377,0.014285714285714285,0.6500000000000001,0.1406250000000001,0.5128205128205129,0.14285714285714296
0.22085889570552295,0.1514806378132121,0.05241090146750524,0.12857142857142856,0.6500000000000001,0.1406250000000001,0.5000000000000001,0.14285714285714296
0.22085889570552295,0.15261958997722097,0.05660377358490566,0.014285714285714285,0.6500000000000001,0.1406250000000001,0.5000000000000001,0.14285714285714296
0.2269938650306751,0.15261958997722097,0.06918238993710692,0.04285714285714286,0.6500000000000001,0.1406250000000001,0.5000000000000001,0.14285714285714296
0.2269938650306751,0.15375854214122986,0.050314465408805034,0.04285714285714286,0.6375000000000002,0.1406250000000001,0.5000000000000001,0.14285714285714296
