temp,humd,co2,voc1,voc2,no2,eth,co
0.2085889570552143,0.15603644646924844,0.0,0.1,0.5,0.06250000000000004,0.3461538461538462,0.07142857142857148
0.2085889570552143,0.15489749430523955,0.025157232704402517,0.11428571428571428,0.5,0.06250000000000004,0.3461538461538462,0.07142857142857148
0.21472392638036863,0.15603644646924844,0.020964360587002098,0.11428571428571428,0.5,0.06250000000000004,0.3461538461538462,0.07142857142857148
0.2085889570552143,0.15603644646924844,0.010482180293501049,0.04285714285714286,0.5,0.06250000000000004,0.3461538461538462,0.07142857142857148
0.21472392638036863,0.15717539863325733,0.0,0.05714285714285714,0.5,0.06250000000000004,0.3461538461538462,0.07142857142857148
0.21472392638036863,0.15489749430523955,0.0,0.1,0.5,0.06250000000000004,0.3461538461538462,0.07142857142857148
0.21472392638036863,0.15603644646924844,0.023060796645702306,0.12857142857142856,0.5,0.06250000000000004,0.3461538461538462,0.07142857142857148
0.21472392638036863,0.15603644646924844,0.016771488469601678,0.04285714285714286,0.5,0.06250000000000004,0.3461538461538462,0.07142857142857148
