temp,humd,co2,voc1,voc2,no2,eth,co
0.21472392638036863,0.15375854214122986,0.0,0.11428571428571428,0.5,0.06250000000000004,0.33333333333333337,0.07142857142857148
0.2085889570552143,0.15489749430523955,0.0020964360587002098,0.02857142857142857,0.4875,0.06250000000000004,0.33333333333333337,0.07142857142857148
0.2085889570552143,0.15603644646924844,0.012578616352201259,0.02857142857142857,0.4875,0.06250000000000004,0.3461538461538462,0.07142857142857148
0.2085889570552143,0.15489749430523955,0.010482180293501049,0.07142857142857142,0.4875,0.06250000000000004,0.3461538461538462,0.07142857142857148
0.2085889570552143,0.15489749430523955,0.0,0.1,0.4875,0.06250000000000004,0.3461538461538462,0.07142857142857148
0.2085889570552143,0.15489749430523955,0.016771488469601678,0.11428571428571428,0.4875,0.06250000000000004,0.33333333333333337,0.07142857142857148
0.2085889570552143,0.15375854214122986,0.023060796645702306,0.08571428571428572,0.4875,0.06250000000000004,0.33333333333333337,0.07142857142857148
0.20245398773006215,0.15489749430523955,0.014675052410901468,0.05714285714285714,0.4875,0.06250000000000004,0.33333333333333337,0.07142857142857148
