temp,humd,co2,voc1,voc2,no2,eth,co
0.2269938650306751,0.1594533029612759,0.0041928721174004195,0.05714285714285714,0.6125000000000002,0.12500000000000008,0.46153846153846156,0.10000000000000006
0.2269938650306751,0.15717539863325733,0.0,0.0,0.6125000000000002,0.12500000000000008,0.46153846153846156,0.10000000000000006
0.2269938650306751,0.15831435079726622,0.0,0.02857142857142857,0.6125000000000002,0.10937500000000007,0.46153846153846156,0.10000000000000006
0.2269938650306751,0.15831435079726622,0.027253668763102725,0.0,0.6000000000000001,0.12500000000000008,0.46153846153846156,0.10000000000000006
0.2269938650306751,0.15831435079726622,0.0020964360587002098,0.0,0.6125000000000002,0.12500000000000008,0.46153846153846156,0.10000000000000006
0.2269938650306751,0.15717539863325733,0.016771488469601678,0.014285714285714285,0.6000000000000001,0.12500000000000008,0.44871794871794873,0.10000000000000006
0.2269938650306751,0.1594533029612759,0.014675052410901468,0.02857142857142857,0.6000000000000001,0.12500000000000008,0.46153846153846156,0.10000000000000006
0.2269938650306751,0.15717539863325733,0.010482180293501049,0.0,0.6000000000000001,0.12500000000000008,0.46153846153846156,0.10000000000000006
