temp,humd,co2,voc1,voc2,no2,eth,co
0.23926380368098157,0.13553530751708445,0.0,0.02857142857142857,0.7124999999999999,0.18750000000000014,0.5769230769230771,0.12857142857142864
0.24539877300613588,0.13895216400911192,0.010482180293501049,0.0,0.7124999999999999,0.18750000000000014,0.5769230769230771,0.12857142857142864
0.24539877300613588,0.13553530751708445,0.010482180293501049,0.04285714285714286,0.7124999999999999,0.18750000000000014,0.5769230769230771,0.11428571428571435
0.23926380368098157,0.13781321184510223,0.008385744234800839,0.0,0.7124999999999999,0.18750000000000014,0.5769230769230771,0.12857142857142864
0.24539877300613588,0.13781321184510223,0.006289308176100629,0.07142857142857142,0.7124999999999999,0.18750000000000014,0.5769230769230771,0.12857142857142864
0.24539877300613588,0.13895216400911192,0.0,0.05714285714285714,0.7124999999999999,0.18750000000000014,0.5769230769230771,0.12857142857142864
0.24539877300613588,0.13895216400911192,0.010482180293501049,0.02857142857142857,0.7124999999999999,0.18750000000000014,0.5769230769230771,0.11428571428571435
0.23926380368098157,0.13895216400911192,0.012578616352201259,0.02857142857142857,0.7124999999999999,0.18750000000000014,0.5769230769230771,0.11428571428571435
