temp,humd,co2,voc1,voc2,no2,eth,co
0.60122699386503,0.2733485193621871,0.0,0.1,0.012500000000000015,0.03125000000000002,0.012820512820512834,0.20000000000000012
0.60122699386503,0.2733485193621871,0.0,0.1,0.012500000000000015,0.03125000000000002,0.012820512820512834,0.20000000000000012
0.6073619631901843,0.2722095671981774,0.0,0.07142857142857142,0.012500000000000015,0.03125000000000002,0.012820512820512834,0.20000000000000012
0.60122699386503,0.2733485193621871,0.0,0.04285714285714286,0.012500000000000015,0.03125000000000002,0.012820512820512834,0.20000000000000012
0.60122699386503,0.2733485193621871,0.0,0.05714285714285714,0.012500000000000015,0.03125000000000002,0.012820512820512834,0.2142857142857144
0.60122699386503,0.2733485193621871,0.0,0.05714285714285714,0.012500000000000015,0.03125000000000002,0.012820512820512834,0.20000000000000012
0.60122699386503,0.274487471526196,0.0,0.05714285714285714,0.012500000000000015,0.03125000000000002,0.012820512820512834,0.2142857142857144
0.60122699386503,0.274487471526196,0.0,0.014285714285714285,0.012500000000000015,0.03125000000000002,0.012820512820512834,0.20000000000000012
