temp,humd,co2,voc1,voc2,no2,eth,co
0.21472392638036863,0.15261958997722097,0.0,0.05714285714285714,0.475,0.046875000000000035,0.32051282051282054,0.07142857142857148
0.2085889570552143,0.15261958997722097,0.018867924528301886,0.08571428571428572,0.475,0.046875000000000035,0.32051282051282054,0.07142857142857148
0.2085889570552143,0.15375854214122986,0.027253668763102725,0.05714285714285714,0.475,0.046875000000000035,0.32051282051282054,0.07142857142857148
0.2085889570552143,0.15261958997722097,0.023060796645702306,0.08571428571428572,0.46249999999999997,0.046875000000000035,0.32051282051282054,0.07142857142857148
0.2085889570552143,0.1514806378132121,0.010482180293501049,0.08571428571428572,0.46249999999999997,0.046875000000000035,0.32051282051282054,0.07142857142857148
0.2085889570552143,0.15375854214122986,0.012578616352201259,0.07142857142857142,0.46249999999999997,0.046875000000000035,0.32051282051282054,0.07142857142857148
0.2085889570552143,0.1514806378132121,0.008385744234800839,0.04285714285714286,0.475,0.046875000000000035,0.32051282051282054,0.07142857142857148
0.21472392638036863,0.15261958997722097,0.006289308176100629,0.02857142857142857,0.46249999999999997,0.046875000000000035,0.32051282051282054,0.07142857142857148
