temp,humd,co2,voc1,voc2,no2,eth,co
0.5950920245398779,0.3211845102505692,0.0,0.07142857142857142,0.0,0.03125000000000002,0.012820512820512834,0.3285714285714288
0.5950920245398779,0.32460136674259665,0.0,0.15714285714285714,0.012500000000000015,0.03125000000000002,0.012820512820512834,0.3285714285714288
0.5950920245398779,0.3280182232346241,0.0,0.07142857142857142,0.012500000000000015,0.03125000000000002,0.012820512820512834,0.3285714285714288
0.5950920245398779,0.329157175398633,0.0,0.12857142857142856,0.0,0.03125000000000002,0.012820512820512834,0.3285714285714288
0.5950920245398779,0.3302961275626427,0.0,0.07142857142857142,0.012500000000000015,0.03125000000000002,0.012820512820512834,0.3285714285714288
0.5950920245398779,0.33485193621867904,0.0,0.08571428571428572,0.0,0.03125000000000002,0.012820512820512834,0.3285714285714288
0.5950920245398779,0.33826879271070653,0.0,0.07142857142857142,0.0,0.03125000000000002,0.012820512820512834,0.3142857142857145
0.5950920245398779,0.3394077448747154,0.0,0.1,0.012500000000000015,0.03125000000000002,0.012820512820512834,0.3142857142857145
