temp,humd,co2,voc1,voc2,no2,eth,co
0.2269938650306751,0.1594533029612759,0.0,0.0,0.5875000000000001,0.10937500000000007,0.4358974358974359,0.10000000000000006
0.2269938650306751,0.1594533029612759,0.006289308176100629,0.04285714285714286,0.5875000000000001,0.10937500000000007,0.4358974358974359,0.10000000000000006
0.2269938650306751,0.15831435079726622,0.0,0.0,0.5875000000000001,0.10937500000000007,0.4358974358974359,0.10000000000000006
0.23312883435582943,0.15831435079726622,0.0020964360587002098,0.08571428571428572,0.5875000000000001,0.10937500000000007,0.4358974358974359,0.10000000000000006
0.23312883435582943,0.1594533029612759,0.006289308176100629,0.08571428571428572,0.5875000000000001,0.10937500000000007,0.4358974358974359,0.08571428571428577
0.2269938650306751,0.15831435079726622,0.010482180293501049,0.04285714285714286,0.5875000000000001,0.10937500000000007,0.4358974358974359,0.10000000000000006
0.23312883435582943,0.1617312072892937,0.0,0.0,0.5875000000000001,0.10937500000000007,0.4358974358974359,0.08571428571428577
0.23312883435582943,0.15831435079726622,0.010482180293501049,0.0,0.5875000000000001,0.10937500000000007,0.4358974358974359,0.10000000000000006
