temp,humd,co2,voc1,voc2,no2,eth,co
0.5889570552147235,0.29612756264236884,0.0,0.04285714285714286,0.012500000000000015,0.03125000000000002,0.012820512820512834,0.2714285714285716
0.5889570552147235,0.29840546697038745,0.0,0.07142857142857142,0.012500000000000015,0.03125000000000002,0.012820512820512834,0.2714285714285716
0.5889570552147235,0.3029612756264238,0.0,0.12857142857142856,0.0,0.03125000000000002,0.012820512820512834,0.2857142857142859
0.5889570552147235,0.3063781321184513,0.0,0.07142857142857142,0.012500000000000015,0.03125000000000002,0.012820512820512834,0.2857142857142859
0.5950920245398779,0.3063781321184513,0.0,0.12857142857142856,0.0,0.03125000000000002,0.012820512820512834,0.2857142857142859
0.5889570552147235,0.3109339407744876,0.0,0.14285714285714285,0.0,0.03125000000000002,0.012820512820512834,0.3000000000000002
0.5950920245398779,0.31435079726651505,0.0,0.05714285714285714,0.0,0.03125000000000002,0.012820512820512834,0.3142857142857145
0.5950920245398779,0.31776765375854255,0.0,0.07142857142857142,0.0,0.03125000000000002,0.012820512820512834,0.3142857142857145
