temp,humd,co2,voc1,voc2,no2,eth,co
0.8588957055214723,0.24943052391799567,0.0,0.17142857142857143,0.13749999999999987,0.01562500000000001,0.07692307692307686,0.2142857142857144
0.8588957055214723,0.24829157175398597,0.0,0.24285714285714285,0.13749999999999987,0.01562500000000001,0.07692307692307686,0.2142857142857144
0.8588957055214723,0.24715261958997709,0.0,0.17142857142857143,0.13749999999999987,0.01562500000000001,0.07692307692307686,0.2142857142857144
0.8588957055214723,0.2460136674259682,0.0,0.15714285714285714,0.13749999999999987,0.01562500000000001,0.07692307692307686,0.2142857142857144
0.8588957055214723,0.24715261958997709,0.0,0.14285714285714285,0.13749999999999987,0.01562500000000001,0.07692307692307686,0.2142857142857144
0.8588957055214723,0.24373576309794961,0.0,0.12857142857142856,0.13749999999999987,0.01562500000000001,0.07692307692307686,0.2142857142857144
0.8588957055214723,0.2448747152619593,0.0,0.12857142857142856,0.13749999999999987,0.01562500000000001,0.07692307692307686,0.20000000000000012
0.8588957055214723,0.24373576309794961,0.0,0.11428571428571428,0.13749999999999987,0.01562500000000001,0.07692307692307686,0.20000000000000012
