temp,humd,co2,voc1,voc2,no2,eth,co
0.8220858895705507,0.22892938496583168,0.3522012578616352,0.22857142857142856,0.12499999999999986,0.01562500000000001,0.06410256410256403,0.3857142857142856
0.8220858895705507,0.23348519362186804,0.35429769392033544,0.21428571428571427,0.12499999999999986,0.01562500000000001,0.06410256410256403,0.3999999999999999
0.8220858895705507,0.23690205011389548,0.36058700209643607,0.2,0.12499999999999986,0.01562500000000001,0.06410256410256403,0.3999999999999999
0.8220858895705507,0.24031890660592295,0.3522012578616352,0.32857142857142857,0.12499999999999986,0.01562500000000001,0.06410256410256403,0.3999999999999999
0.8282208588957051,0.24373576309794961,0.32075471698113206,0.24285714285714285,0.12499999999999986,0.01562500000000001,0.06410256410256403,0.3999999999999999
0.8220858895705507,0.24715261958997709,0.31027253668763105,0.3,0.12499999999999986,0.01562500000000001,0.06410256410256403,0.3999999999999999
0.8220858895705507,0.2505694760820045,0.3081761006289308,0.38571428571428573,0.12499999999999986,0.01562500000000001,0.06410256410256403,0.3999999999999999
0.8220858895705507,0.2517084282460134,0.27672955974842767,0.34285714285714286,0.12499999999999986,0.01562500000000001,0.06410256410256403,0.3857142857142856
