temp,humd,co2,voc1,voc2,no2,eth,co
0.8220858895705507,0.20956719817767658,0.0,0.02857142857142857,0.11249999999999985,0.0,0.06410256410256403,0.15714285714285725
0.8220858895705507,0.20956719817767658,0.0,0.0,0.11249999999999985,0.01562500000000001,0.06410256410256403,0.15714285714285725
0.8220858895705507,0.20956719817767658,0.0,0.0,0.11249999999999985,0.01562500000000001,0.06410256410256403,0.14285714285714296
0.8220858895705507,0.20956719817767658,0.0,0.014285714285714285,0.11249999999999985,0.0,0.06410256410256403,0.15714285714285725
0.8220858895705507,0.207289293849658,0.0,0.0,0.12499999999999986,0.01562500000000001,0.06410256410256403,0.15714285714285725
0.8220858895705507,0.2061503416856491,0.0,0.02857142857142857,0.11249999999999985,0.01562500000000001,0.06410256410256403,0.15714285714285725
0.8220858895705507,0.2084282460136677,0.0,0.05714285714285714,0.11249999999999985,0.0,0.06410256410256403,0.15714285714285725
0.8220858895705507,0.207289293849658,0.0,0.0,0.12499999999999986,0.01562500000000001,0.06410256410256403,0.15714285714285725
