temp,humd,co2,voc1,voc2,no2,eth,co
0.7914110429447857,0.3302961275626427,0.033542976939203356,0.5714285714285714,0.14999999999999988,0.01562500000000001,0.08974358974358969,0.24285714285714302
0.7914110429447857,0.3280182232346241,0.020964360587002098,0.5714285714285714,0.14999999999999988,0.01562500000000001,0.07692307692307686,0.24285714285714302
0.7914110429447857,0.32687927107061526,0.0041928721174004195,0.5285714285714286,0.14999999999999988,0.01562500000000001,0.07692307692307686,0.2285714285714287
0.7852760736196314,0.3257403189066064,0.0020964360587002098,0.5571428571428572,0.14999999999999988,0.01562500000000001,0.07692307692307686,0.2285714285714287
0.7914110429447857,0.32460136674259665,0.0,0.4857142857142857,0.14999999999999988,0.01562500000000001,0.08974358974358969,0.2285714285714287
0.7914110429447857,0.32460136674259665,0.0,0.44285714285714284,0.14999999999999988,0.01562500000000001,0.08974358974358969,0.2285714285714287
0.7914110429447857,0.32346241457858776,0.0,0.5,0.14999999999999988,0.01562500000000001,0.08974358974358969,0.2142857142857144
0.7914110429447857,0.3223234624145789,0.0,0.4,0.14999999999999988,0.01562500000000001,0.08974358974358969,0.2142857142857144
