temp,humd,co2,voc1,voc2,no2,eth,co
0.8282208588957051,0.25740318906605947,0.0,0.45714285714285713,0.12499999999999986,0.01562500000000001,0.06410256410256403,0.2571428571428573
0.8343558282208594,0.2551252847380409,0.0,0.4142857142857143,0.12499999999999986,0.01562500000000001,0.07692307692307686,0.2571428571428573
0.8343558282208594,0.25284738041002314,0.0,0.38571428571428573,0.12499999999999986,0.01562500000000001,0.06410256410256403,0.2571428571428573
0.8343558282208594,0.2551252847380409,0.0,0.4142857142857143,0.12499999999999986,0.01562500000000001,0.06410256410256403,0.24285714285714302
0.8282208588957051,0.24943052391799567,0.0,0.35714285714285715,0.12499999999999986,0.01562500000000001,0.06410256410256403,0.2285714285714287
0.8282208588957051,0.24943052391799567,0.0,0.35714285714285715,0.12499999999999986,0.01562500000000001,0.06410256410256403,0.2285714285714287
0.8282208588957051,0.24829157175398597,0.0,0.4,0.12499999999999986,0.01562500000000001,0.06410256410256403,0.2285714285714287
0.8282208588957051,0.24715261958997709,0.0,0.4142857142857143,0.12499999999999986,0.01562500000000001,0.06410256410256403,0.2285714285714287
