temp,humd,co2,voc1,voc2,no2,eth,co
0.6809815950920253,0.30865603644646905,0.0440251572327044,0.2571428571428571,0.14999999999999988,0.01562500000000001,0.08974358974358969,0.2285714285714287
0.6871165644171775,0.30751708428246016,0.04821802935010482,0.2857142857142857,0.14999999999999988,0.01562500000000001,0.07692307692307686,0.2285714285714287
0.6871165644171775,0.3063781321184513,0.03773584905660377,0.34285714285714286,0.14999999999999988,0.01562500000000001,0.08974358974358969,0.2285714285714287
0.6809815950920253,0.30751708428246016,0.010482180293501049,0.2571428571428571,0.14999999999999988,0.01562500000000001,0.08974358974358969,0.2142857142857144
0.6809815950920253,0.30523917995444155,0.016771488469601678,0.24285714285714285,0.14999999999999988,0.01562500000000001,0.07692307692307686,0.2142857142857144
0.6871165644171775,0.30523917995444155,0.012578616352201259,0.34285714285714286,0.14999999999999988,0.01562500000000001,0.08974358974358969,0.2142857142857144
0.6871165644171775,0.30523917995444155,0.008385744234800839,0.38571428571428573,0.14999999999999988,0.01562500000000001,0.08974358974358969,0.2142857142857144
0.6871165644171775,0.3029612756264238,0.0,0.2571428571428571,0.14999999999999988,0.01562500000000001,0.07692307692307686,0.20000000000000012
