temp,humd,co2,voc1,voc2,no2,eth,co
0.8159509202453986,0.329157175398633,0.10272536687631027,0.5857142857142857,0.14999999999999988,0.01562500000000001,0.08974358974358969,0.3142857142857145
0.8159509202453986,0.32460136674259665,0.07337526205450734,0.4857142857142857,0.14999999999999988,0.03125000000000002,0.07692307692307686,0.3142857142857145
0.8159509202453986,0.32460136674259665,0.05660377358490566,0.4857142857142857,0.14999999999999988,0.01562500000000001,0.07692307692307686,0.3000000000000002
0.8159509202453986,0.32346241457858776,0.05450733752620545,0.4857142857142857,0.13749999999999987,0.01562500000000001,0.07692307692307686,0.2857142857142859
0.8159509202453986,0.3211845102505692,0.050314465408805034,0.5,0.13749999999999987,0.01562500000000001,0.07692307692307686,0.2857142857142859
0.8159509202453986,0.31776765375854255,0.025157232704402517,0.4,0.14999999999999988,0.01562500000000001,0.07692307692307686,0.2714285714285716
0.8159509202453986,0.31776765375854255,0.010482180293501049,0.45714285714285713,0.14999999999999988,0.01562500000000001,0.07692307692307686,0.2714285714285716
0.8159509202453986,0.3166287015945328,0.0020964360587002098,0.37142857142857144,0.13749999999999987,0.01562500000000001,0.07692307692307686,0.2571428571428573
