temp,humd,co2,voc1,voc2,no2,eth,co
0.8404907975460115,0.3097949886104787,0.40670859538784065,0.5285714285714286,0.14999999999999988,0.03125000000000002,0.07692307692307686,0.41428571428571426
0.8404907975460115,0.30865603644646905,0.3857442348008386,0.5142857142857142,0.14999999999999988,0.03125000000000002,0.08974358974358969,0.41428571428571426
0.8404907975460115,0.3097949886104787,0.3689727463312369,0.5857142857142857,0.14999999999999988,0.03125000000000002,0.07692307692307686,0.41428571428571426
0.8466257668711659,0.3109339407744876,0.3522012578616352,0.5857142857142857,0.13749999999999987,0.03125000000000002,0.08974358974358969,0.3999999999999999
0.8466257668711659,0.3120728929384965,0.3270440251572327,0.5428571428571428,0.13749999999999987,0.03125000000000002,0.08974358974358969,0.3857142857142856
0.8466257668711659,0.3097949886104787,0.3060796645702306,0.5428571428571428,0.14999999999999988,0.03125000000000002,0.07692307692307686,0.3857142857142856
0.8404907975460115,0.3109339407744876,0.28721174004192873,0.5571428571428572,0.14999999999999988,0.03125000000000002,0.08974358974358969,0.37142857142857133
0.8466257668711659,0.3097949886104787,0.2620545073375262,0.5571428571428572,0.13749999999999987,0.03125000000000002,0.08974358974358969,0.35714285714285704
