temp,humd,co2,voc1,voc2,no2,eth,co
0.8588957055214723,0.23690205011389548,0.4192872117400419,0.2714285714285714,0.12499999999999986,0.01562500000000001,0.07692307692307686,0.3142857142857145
0.8650306748466245,0.24145785876993184,0.639412997903564,0.34285714285714286,0.13749999999999987,0.03125000000000002,0.07692307692307686,0.37142857142857133
0.8588957055214723,0.2448747152619593,0.8134171907756813,0.35714285714285715,0.13749999999999987,0.03125000000000002,0.07692307692307686,0.44285714285714284
0.8650306748466245,0.24715261958997709,0.9308176100628931,0.44285714285714284,0.13749999999999987,0.03125000000000002,0.07692307692307686,0.5
0.8650306748466245,0.2551252847380409,0.9685534591194969,0.5,0.13749999999999987,0.03125000000000002,0.07692307692307686,0.5285714285714286
0.8711656441717788,0.25968109339407724,1.0,0.5714285714285714,0.13749999999999987,0.03125000000000002,0.08974358974358969,0.5571428571428572
0.8650306748466245,0.2653758542141233,0.9664570230607966,0.6857142857142857,0.13749999999999987,0.03125000000000002,0.08974358974358969,0.5714285714285715
0.8650306748466245,0.2699316628701596,0.9224318658280922,0.6142857142857143,0.13749999999999987,0.03125000000000002,0.08974358974358969,0.5714285714285715
