temp,humd,co2,voc1,voc2,no2,eth,co
0.8282208588957051,0.23690205011389548,0.0,0.21428571428571427,0.12499999999999986,0.0,0.06410256410256403,0.20000000000000012
0.8282208588957051,0.23690205011389548,0.0,0.22857142857142856,0.12499999999999986,0.0,0.06410256410256403,0.20000000000000012
0.8282208588957051,0.23690205011389548,0.0,0.15714285714285714,0.12499999999999986,0.0,0.06410256410256403,0.18571428571428583
0.8282208588957051,0.23462414578587693,0.0,0.17142857142857143,0.12499999999999986,0.01562500000000001,0.06410256410256403,0.18571428571428583
0.8282208588957051,0.23462414578587693,0.0,0.12857142857142856,0.12499999999999986,0.01562500000000001,0.06410256410256403,0.18571428571428583
0.8282208588957051,0.23120728929384946,0.0,0.12857142857142856,0.12499999999999986,0.01562500000000001,0.06410256410256403,0.17142857142857154
0.8343558282208594,0.23234624145785915,0.0,0.12857142857142856,0.12499999999999986,0.0,0.06410256410256403,0.17142857142857154
0.8282208588957051,0.22892938496583168,0.0,0.15714285714285714,0.12499999999999986,0.01562500000000001,0.06410256410256403,0.17142857142857154
