temp,humd,co2,voc1,voc2,no2,eth,co
0.8282208588957051,0.22779043280182198,0.0,0.17142857142857143,0.12499999999999986,0.0,0.06410256410256403,0.17142857142857154
0.8282208588957051,0.2266514806378131,0.0,0.15714285714285714,0.12499999999999986,0.0,0.06410256410256403,0.17142857142857154
0.8282208588957051,0.2266514806378131,0.0,0.17142857142857143,0.12499999999999986,0.01562500000000001,0.06410256410256403,0.17142857142857154
0.8282208588957051,0.2255125284738042,0.0,0.11428571428571428,0.12499999999999986,0.0,0.06410256410256403,0.17142857142857154
0.8282208588957051,0.2255125284738042,0.0,0.17142857142857143,0.12499999999999986,0.0,0.06410256410256403,0.17142857142857154
0.8220858895705507,0.22437357630979532,0.0,0.15714285714285714,0.12499999999999986,0.01562500000000001,0.06410256410256403,0.17142857142857154
0.8282208588957051,0.22209567198177674,0.0,0.14285714285714285,0.12499999999999986,0.0,0.06410256410256403,0.17142857142857154
0.8282208588957051,0.22209567198177674,0.0,0.05714285714285714,0.12499999999999986,0.0,0.06410256410256403,0.17142857142857154
