temp,humd,co2,voc1,voc2,no2,eth,co
0.8466257668711659,0.3109339407744876,0.24737945492662475,0.5714285714285714,0.13749999999999987,0.03125000000000002,0.08974358974358969,0.35714285714285704
0.8466257668711659,0.3097949886104787,0.23060796645702306,0.5571428571428572,0.13749999999999987,0.03125000000000002,0.08974358974358969,0.35714285714285704
0.8466257668711659,0.30865603644646905,0.19077568134171907,0.5857142857142857,0.13749999999999987,0.03125000000000002,0.07692307692307686,0.3428571428571431
0.8466257668711659,0.30751708428246016,0.18238993710691823,0.5285714285714286,0.14999999999999988,0.03125000000000002,0.07692307692307686,0.3428571428571431
0.8466257668711659,0.30751708428246016,0.1761006289308176,0.6,0.13749999999999987,0.01562500000000001,0.07692307692307686,0.3285714285714288
0.8466257668711659,0.30751708428246016,0.1509433962264151,0.5,0.13749999999999987,0.03125000000000002,0.07692307692307686,0.3285714285714288
0.8466257668711659,0.30410022779043266,0.14465408805031446,0.5571428571428572,0.13749999999999987,0.01562500000000001,0.07692307692307686,0.3142857142857145
0.852760736196318,0.30410022779043266,0.1069182389937107,0.5,0.13749999999999987,0.01562500000000001,0.07692307692307686,0.3142857142857145
