temp,humd,co2,voc1,voc2,no2,eth,co
0.8588957055214723,0.24259681093394073,0.0,0.12857142857142856,0.13749999999999987,0.01562500000000001,0.07692307692307686,0.20000000000000012
0.8588957055214723,0.24145785876993184,0.0,0.14285714285714285,0.13749999999999987,0.01562500000000001,0.07692307692307686,0.20000000000000012
0.8650306748466245,0.24259681093394073,0.0,0.04285714285714286,0.13749999999999987,0.01562500000000001,0.07692307692307686,0.20000000000000012
0.8650306748466245,0.24145785876993184,0.0,0.08571428571428572,0.12499999999999986,0.01562500000000001,0.07692307692307686,0.20000000000000012
0.8650306748466245,0.24031890660592295,0.0,0.1,0.13749999999999987,0.01562500000000001,0.07692307692307686,0.20000000000000012
0.8650306748466245,0.24145785876993184,0.0,0.04285714285714286,0.13749999999999987,0.01562500000000001,0.07692307692307686,0.18571428571428583
0.8650306748466245,0.23917995444191326,0.0,0.07142857142857142,0.13749999999999987,0.01562500000000001,0.07692307692307686,0.18571428571428583
0.8650306748466245,0.23917995444191326,0.0,0.05714285714285714,0.13749999999999987,0.01562500000000001,0.07692307692307686,0.18571428571428583
