temp,humd,co2,voc1,voc2,no2,eth,co
0.8588957055214723,0.2653758542141233,0.0,0.22857142857142856,0.13749999999999987,0.01562500000000001,0.07692307692307686,0.2285714285714287
0.852760736196318,0.2642369020501136,0.0,0.2571428571428571,0.13749999999999987,0.01562500000000001,0.07692307692307686,0.2285714285714287
0.852760736196318,0.2642369020501136,0.0,0.22857142857142856,0.13749999999999987,0.01562500000000001,0.07692307692307686,0.2285714285714287
0.852760736196318,0.2630979498861047,0.0,0.17142857142857143,0.13749999999999987,0.01562500000000001,0.07692307692307686,0.2285714285714287
0.8588957055214723,0.2619589977220958,0.0,0.24285714285714285,0.13749999999999987,0.01562500000000001,0.07692307692307686,0.2285714285714287
0.852760736196318,0.25968109339407724,0.0,0.15714285714285714,0.13749999999999987,0.01562500000000001,0.07692307692307686,0.24285714285714302
0.852760736196318,0.25854214123006836,0.0,0.17142857142857143,0.13749999999999987,0.01562500000000001,0.07692307692307686,0.24285714285714302
0.8588957055214723,0.25854214123006836,0.0,0.17142857142857143,0.13749999999999987,0.01562500000000001,0.07692307692307686,0.24285714285714302
