temp,humd,co2,voc1,voc2,no2,eth,co
0.8588957055214723,0.23462414578587693,0.0,0.08571428571428572,0.12499999999999986,0.01562500000000001,0.07692307692307686,0.17142857142857154
0.8588957055214723,0.23576309794988579,0.0,0.07142857142857142,0.12499999999999986,0.01562500000000001,0.07692307692307686,0.17142857142857154
0.8588957055214723,0.23462414578587693,0.0,0.05714285714285714,0.12499999999999986,0.01562500000000001,0.07692307692307686,0.18571428571428583
0.8588957055214723,0.23348519362186804,0.0,0.12857142857142856,0.12499999999999986,0.01562500000000001,0.07692307692307686,0.18571428571428583
0.8588957055214723,0.23462414578587693,0.0,0.07142857142857142,0.12499999999999986,0.01562500000000001,0.07692307692307686,0.18571428571428583
0.8588957055214723,0.23348519362186804,0.0,0.11428571428571428,0.12499999999999986,0.01562500000000001,0.07692307692307686,0.18571428571428583
0.8588957055214723,0.23462414578587693,0.033542976939203356,0.15714285714285714,0.12499999999999986,0.01562500000000001,0.07692307692307686,0.2142857142857144
0.8588957055214723,0.23462414578587693,0.1970649895178197,0.12857142857142856,0.12499999999999986,0.03125000000000002,0.07692307692307686,0.2571428571428573
