temp,humd,co2,voc1,voc2,no2,eth,co
0.7975460122699378,0.3132118451025054,0.12368972746331237,0.35714285714285715,0.14999999999999988,0.01562500000000001,0.08974358974358969,0.2857142857142859
0.8036809815950922,0.3120728929384965,0.16352201257861634,0.37142857142857144,0.14999999999999988,0.01562500000000001,0.08974358974358969,0.3285714285714288
0.8036809815950922,0.31548974943052394,0.24737945492662475,0.35714285714285715,0.14999999999999988,0.03125000000000002,0.08974358974358969,0.35714285714285704
0.8036809815950922,0.31776765375854255,0.32914046121593293,0.5,0.14999999999999988,0.03125000000000002,0.08974358974358969,0.3857142857142856
0.8036809815950922,0.3200455580865603,0.4109014675052411,0.4857142857142857,0.14999999999999988,0.03125000000000002,0.08974358974358969,0.41428571428571426
0.8036809815950922,0.3211845102505692,0.46331236897274636,0.4714285714285714,0.14999999999999988,0.03125000000000002,0.08974358974358969,0.44285714285714284
0.8036809815950922,0.3223234624145789,0.5052410901467506,0.45714285714285713,0.14999999999999988,0.03125000000000002,0.08974358974358969,0.45714285714285713
0.8036809815950922,0.3257403189066064,0.549266247379455,0.5857142857142857,0.14999999999999988,0.03125000000000002,0.08974358974358969,0.45714285714285713
