temp,humd,co2,voc1,voc2,no2,eth,co
0.852760736196318,0.27790432801822346,0.0,0.32857142857142857,0.13749999999999987,0.01562500000000001,0.07692307692307686,0.2285714285714287
0.8588957055214723,0.27904328018223234,0.0,0.3,0.13749999999999987,0.01562500000000001,0.07692307692307686,0.2285714285714287
0.852760736196318,0.2756264236902049,0.0,0.32857142857142857,0.13749999999999987,0.01562500000000001,0.07692307692307686,0.2285714285714287
0.852760736196318,0.2722095671981774,0.0,0.3142857142857143,0.13749999999999987,0.01562500000000001,0.07692307692307686,0.2142857142857144
0.8588957055214723,0.2722095671981774,0.0,0.2714285714285714,0.13749999999999987,0.01562500000000001,0.07692307692307686,0.2142857142857144
0.8588957055214723,0.2710706150341685,0.0,0.22857142857142856,0.13749999999999987,0.01562500000000001,0.07692307692307686,0.2142857142857144
0.8588957055214723,0.2699316628701596,0.0,0.21428571428571427,0.13749999999999987,0.01562500000000001,0.07692307692307686,0.2142857142857144
0.8588957055214723,0.2676537585421411,0.0,0.18571428571428572,0.13749999999999987,0.01562500000000001,0.07692307692307686,0.2142857142857144
