temp,humd,co2,voc1,voc2,no2,eth,co
0.8588957055214723,0.23917995444191326,0.0,0.08571428571428572,0.13749999999999987,0.01562500000000001,0.07692307692307686,0.18571428571428583
0.8588957055214723,0.23690205011389548,0.0,0.02857142857142857,0.13749999999999987,0.01562500000000001,0.07692307692307686,0.18571428571428583
0.8650306748466245,0.23576309794988579,0.0,0.02857142857142857,0.13749999999999987,0.01562500000000001,0.07692307692307686,0.18571428571428583
0.8588957055214723,0.23462414578587693,0.0,0.04285714285714286,0.12499999999999986,0.01562500000000001,0.07692307692307686,0.18571428571428583
0.8588957055214723,0.23576309794988579,0.0,0.0,0.13749999999999987,0.01562500000000001,0.07692307692307686,0.18571428571428583
0.8650306748466245,0.23462414578587693,0.0,0.05714285714285714,0.12499999999999986,0.01562500000000001,0.07692307692307686,0.17142857142857154
0.8650306748466245,0.23348519362186804,0.0,0.04285714285714286,0.13749999999999987,0.01562500000000001,0.07692307692307686,0.17142857142857154
0.8588957055214723,0.23348519362186804,0.0,0.05714285714285714,0.13749999999999987,0.01562500000000001,0.07692307692307686,0.17142857142857154
