temp,humd,co2,voc1,voc2,no2,eth,co
0.8711656441717788,0.2642369020501136,0.029350104821802937,0.22857142857142856,0.12499999999999986,0.01562500000000001,0.07692307692307686,0.2857142857142859
0.8711656441717788,0.2653758542141233,0.0020964360587002098,0.2,0.12499999999999986,0.01562500000000001,0.07692307692307686,0.2714285714285716
0.8650306748466245,0.2665148063781322,0.008385744234800839,0.2,0.13749999999999987,0.01562500000000001,0.07692307692307686,0.2571428571428573
0.8711656441717788,0.2665148063781322,0.0,0.22857142857142856,0.12499999999999986,0.01562500000000001,0.07692307692307686,0.2571428571428573
0.8711656441717788,0.2665148063781322,0.0,0.17142857142857143,0.12499999999999986,0.01562500000000001,0.07692307692307686,0.24285714285714302
0.8650306748466245,0.2653758542141233,0.0,0.1,0.12499999999999986,0.01562500000000001,0.07692307692307686,0.24285714285714302
0.8650306748466245,0.2642369020501136,0.0,0.18571428571428572,0.12499999999999986,0.01562500000000001,0.07692307692307686,0.2285714285714287
0.8650306748466245,0.2642369020501136,0.0,0.12857142857142856,0.12499999999999986,0.01562500000000001,0.07692307692307686,0.2285714285714287
