temp,humd,co2,voc1,voc2,no2,eth,co
0.723926380368099,0.3018223234624149,0.25157232704402516,0.34285714285714286,0.14999999999999988,0.01562500000000001,0.08974358974358969,0.3142857142857145
0.723926380368099,0.30523917995444155,0.2431865828092243,0.4,0.14999999999999988,0.01562500000000001,0.08974358974358969,0.3000000000000002
0.723926380368099,0.30523917995444155,0.25157232704402516,0.37142857142857144,0.14999999999999988,0.01562500000000001,0.08974358974358969,0.3000000000000002
0.723926380368099,0.30751708428246016,0.23060796645702306,0.38571428571428573,0.14999999999999988,0.01562500000000001,0.08974358974358969,0.3000000000000002
0.723926380368099,0.3063781321184513,0.2222222222222222,0.4142857142857143,0.14999999999999988,0.01562500000000001,0.08974358974358969,0.3000000000000002
0.723926380368099,0.30751708428246016,0.22641509433962265,0.38571428571428573,0.14999999999999988,0.01562500000000001,0.08974358974358969,0.3000000000000002
0.7300613496932512,0.3109339407744876,0.21593291404612158,0.44285714285714284,0.14999999999999988,0.01562500000000001,0.07692307692307686,0.2857142857142859
0.7300613496932512,0.3120728929384965,0.2222222222222222,0.45714285714285713,0.14999999999999988,0.01562500000000001,0.08974358974358969,0.2857142857142859
