temp,humd,co2,voc1,voc2,no2,eth,co
0.7300613496932512,0.3097949886104787,0.20964360587002095,0.4142857142857143,0.14999999999999988,0.01562500000000001,0.08974358974358969,0.2857142857142859
0.7300613496932512,0.3120728929384965,0.20964360587002095,0.44285714285714284,0.14999999999999988,0.01562500000000001,0.08974358974358969,0.2857142857142859
0.7361963190184055,0.31435079726651505,0.20545073375262055,0.44285714285714284,0.14999999999999988,0.01562500000000001,0.07692307692307686,0.2857142857142859
0.7361963190184055,0.3132118451025054,0.20964360587002095,0.45714285714285713,0.14999999999999988,0.01562500000000001,0.08974358974358969,0.2857142857142859
0.7361963190184055,0.31435079726651505,0.22851153039832284,0.4857142857142857,0.14999999999999988,0.01562500000000001,0.08974358974358969,0.2857142857142859
0.7423312883435577,0.31435079726651505,0.32075471698113206,0.5142857142857142,0.14999999999999988,0.01562500000000001,0.08974358974358969,0.3142857142857145
0.7361963190184055,0.31435079726651505,0.44025157232704404,0.5714285714285714,0.14999999999999988,0.01562500000000001,0.08974358974358969,0.35714285714285704
0.7423312883435577,0.31890660592255143,0.5555555555555556,0.5428571428571428,0.14999999999999988,0.03125000000000002,0.08974358974358969,0.41428571428571426
