temp,humd,co2,voc1,voc2,no2,eth,co
0.7423312883435577,0.31776765375854255,0.6268343815513627,0.5714285714285714,0.14999999999999988,0.03125000000000002,0.08974358974358969,0.44285714285714284
0.7423312883435577,0.3211845102505692,0.6540880503144654,0.5714285714285714,0.14999999999999988,0.03125000000000002,0.08974358974358969,0.45714285714285713
0.7423312883435577,0.3211845102505692,0.6834381551362684,0.7,0.14999999999999988,0.03125000000000002,0.08974358974358969,0.4714285714285714
0.748466257668712,0.3257403189066064,0.6981132075471698,0.7,0.14999999999999988,0.03125000000000002,0.08974358974358969,0.4714285714285714
0.7423312883435577,0.32687927107061526,0.6876310272536688,0.7,0.14999999999999988,0.03125000000000002,0.08974358974358969,0.4714285714285714
0.748466257668712,0.3302961275626427,0.6561844863731656,0.7428571428571429,0.14999999999999988,0.03125000000000002,0.08974358974358969,0.4714285714285714
0.748466257668712,0.3314350797266516,0.639412997903564,0.6714285714285714,0.14999999999999988,0.03125000000000002,0.08974358974358969,0.45714285714285713
0.748466257668712,0.3325740318906605,0.6268343815513627,0.6714285714285714,0.14999999999999988,0.03125000000000002,0.08974358974358969,0.45714285714285713
