temp,humd,co2,voc1,voc2,no2,eth,co
0.8343558282208594,0.2676537585421411,0.05870020964360587,0.42857142857142855,0.12499999999999986,0.01562500000000001,0.07692307692307686,0.2857142857142859
0.8343558282208594,0.2665148063781322,0.06079664570230608,0.4714285714285714,0.12499999999999986,0.01562500000000001,0.07692307692307686,0.2857142857142859
0.8343558282208594,0.2642369020501136,0.050314465408805034,0.4142857142857143,0.12499999999999986,0.01562500000000001,0.06410256410256403,0.2857142857142859
0.8343558282208594,0.2619589977220958,0.0649895178197065,0.44285714285714284,0.12499999999999986,0.01562500000000001,0.06410256410256403,0.2857142857142859
0.8343558282208594,0.26082004555808697,0.050314465408805034,0.45714285714285713,0.12499999999999986,0.01562500000000001,0.07692307692307686,0.2857142857142859
0.8343558282208594,0.25968109339407724,0.04612159329140461,0.38571428571428573,0.12499999999999986,0.01562500000000001,0.07692307692307686,0.2714285714285716
0.8282208588957051,0.25740318906605947,0.025157232704402517,0.44285714285714284,0.12499999999999986,0.01562500000000001,0.07692307692307686,0.2714285714285716
0.8343558282208594,0.2562642369020498,0.0041928721174004195,0.4142857142857143,0.12499999999999986,0.01562500000000001,0.07692307692307686,0.2714285714285716
