temp,humd,co2,voc1,voc2,no2,eth,co
0.8588957055214723,0.2448747152619593,0.0,0.07142857142857142,0.12499999999999986,0.01562500000000001,0.07692307692307686,0.18571428571428583
0.8650306748466245,0.24373576309794961,0.0,0.08571428571428572,0.12499999999999986,0.01562500000000001,0.07692307692307686,0.17142857142857154
0.8650306748466245,0.2448747152619593,0.0,0.08571428571428572,0.12499999999999986,0.01562500000000001,0.07692307692307686,0.17142857142857154
0.8650306748466245,0.24259681093394073,0.0,0.02857142857142857,0.12499999999999986,0.01562500000000001,0.07692307692307686,0.17142857142857154
0.8588957055214723,0.23917995444191326,0.0,0.014285714285714285,0.12499999999999986,0.01562500000000001,0.07692307692307686,0.17142857142857154
0.8588957055214723,0.23917995444191326,0.0,0.04285714285714286,0.12499999999999986,0.01562500000000001,0.07692307692307686,0.17142857142857154
0.852760736196318,0.24031890660592295,0.0,0.0,0.12499999999999986,0.01562500000000001,0.07692307692307686,0.17142857142857154
0.8650306748466245,0.23804100227790437,0.0,0.05714285714285714,0.12499999999999986,0.01562500000000001,0.07692307692307686,0.17142857142857154
