temp,humd,co2,voc1,voc2,no2,eth,co
0.8282208588957051,0.27676537585421374,0.0,0.2857142857142857,0.12499999999999986,0.01562500000000001,0.06410256410256403,0.2714285714285716
0.8343558282208594,0.27676537585421374,0.0,0.3142857142857143,0.12499999999999986,0.01562500000000001,0.06410256410256403,0.2857142857142859
0.8343558282208594,0.27676537585421374,0.0020964360587002098,0.3142857142857143,0.12499999999999986,0.01562500000000001,0.06410256410256403,0.3000000000000002
0.8343558282208594,0.27790432801822346,0.020964360587002098,0.37142857142857144,0.12499999999999986,0.01562500000000001,0.06410256410256403,0.3000000000000002
0.8343558282208594,0.27904328018223234,0.014675052410901468,0.2857142857142857,0.11249999999999985,0.01562500000000001,0.06410256410256403,0.3000000000000002
0.8343558282208594,0.27904328018223234,0.008385744234800839,0.32857142857142857,0.12499999999999986,0.01562500000000001,0.06410256410256403,0.3000000000000002
0.8343558282208594,0.2824601366742598,0.006289308176100629,0.32857142857142857,0.11249999999999985,0.01562500000000001,0.06410256410256403,0.3000000000000002
0.8404907975460115,0.2813211845102509,0.0,0.34285714285714286,0.12499999999999986,0.01562500000000001,0.06410256410256403,0.3000000000000002
