temp,humd,co2,voc1,voc2,no2,eth,co
0.8588957055214723,0.25740318906605947,0.0,0.18571428571428572,0.13749999999999987,0.01562500000000001,0.07692307692307686,0.2571428571428573
0.8588957055214723,0.25854214123006836,0.0,0.15714285714285714,0.13749999999999987,0.01562500000000001,0.07692307692307686,0.2571428571428573
0.8588957055214723,0.25740318906605947,0.0,0.12857142857142856,0.13749999999999987,0.01562500000000001,0.07692307692307686,0.24285714285714302
0.8650306748466245,0.2562642369020498,0.0,0.2714285714285714,0.13749999999999987,0.01562500000000001,0.07692307692307686,0.24285714285714302
0.8588957055214723,0.2562642369020498,0.0,0.24285714285714285,0.13749999999999987,0.01562500000000001,0.07692307692307686,0.24285714285714302
0.8588957055214723,0.2562642369020498,0.0,0.18571428571428572,0.13749999999999987,0.01562500000000001,0.07692307692307686,0.24285714285714302
0.8650306748466245,0.253986332574032,0.0,0.17142857142857143,0.13749999999999987,0.01562500000000001,0.07692307692307686,0.24285714285714302
0.8650306748466245,0.2562642369020498,0.0,0.18571428571428572,0.13749999999999987,0.01562500000000001,0.07692307692307686,0.24285714285714302
