temp,humd,co2,voc1,voc2,no2,eth,co
0.8650306748466245,0.22779043280182198,0.0,0.014285714285714285,0.12499999999999986,0.01562500000000001,0.07692307692307686,0.15714285714285725
0.8650306748466245,0.22437357630979532,0.0,0.05714285714285714,0.12499999999999986,0.01562500000000001,0.07692307692307686,0.15714285714285725
0.8588957055214723,0.22323462414578563,0.0,0.02857142857142857,0.12499999999999986,0.01562500000000001,0.07692307692307686,0.15714285714285725
0.8650306748466245,0.22437357630979532,0.0,0.08571428571428572,0.12499999999999986,0.01562500000000001,0.07692307692307686,0.15714285714285725
0.8588957055214723,0.22209567198177674,0.0,0.08571428571428572,0.12499999999999986,0.01562500000000001,0.07692307692307686,0.15714285714285725
0.8650306748466245,0.22095671981776785,0.0,0.05714285714285714,0.12499999999999986,0.01562500000000001,0.07692307692307686,0.15714285714285725
0.8650306748466245,0.21981776765375816,0.0,0.0,0.13749999999999987,0.01562500000000001,0.07692307692307686,0.15714285714285725
0.8650306748466245,0.21981776765375816,0.0,0.1,0.12499999999999986,0.01562500000000001,0.07692307692307686,0.15714285714285725
