temp,humd,co2,voc1,voc2,no2,eth,co
0.8343558282208594,0.2460136674259682,0.0,0.32857142857142857,0.12499999999999986,0.01562500000000001,0.06410256410256403,0.2285714285714287
0.8343558282208594,0.2448747152619593,0.0,0.37142857142857144,0.12499999999999986,0.01562500000000001,0.06410256410256403,0.2142857142857144
0.8343558282208594,0.24259681093394073,0.0,0.3142857142857143,0.12499999999999986,0.01562500000000001,0.06410256410256403,0.2142857142857144
0.8343558282208594,0.2448747152619593,0.0,0.2571428571428571,0.12499999999999986,0.01562500000000001,0.06410256410256403,0.2142857142857144
0.8282208588957051,0.24259681093394073,0.0,0.2571428571428571,0.12499999999999986,0.01562500000000001,0.06410256410256403,0.20000000000000012
0.8282208588957051,0.24031890660592295,0.0,0.2714285714285714,0.12499999999999986,0.0,0.06410256410256403,0.2142857142857144
0.8282208588957051,0.24031890660592295,0.0,0.2714285714285714,0.12499999999999986,0.01562500000000001,0.06410256410256403,0.20000000000000012
0.8282208588957051,0.23804100227790437,0.0,0.2571428571428571,0.12499999999999986,0.01562500000000001,0.06410256410256403,0.20000000000000012
