temp,humd,co2,voc1,voc2,no2,eth,co
0.8404907975460115,0.28929384965831473,0.3270440251572327,0.6714285714285714,0.12499999999999986,0.01562500000000001,0.07692307692307686,0.41428571428571426
0.8404907975460115,0.28815489749430506,0.28721174004192873,0.7142857142857143,0.12499999999999986,0.01562500000000001,0.07692307692307686,0.41428571428571426
0.8343558282208594,0.28473804100227756,0.24947589098532494,0.7142857142857143,0.12499999999999986,0.01562500000000001,0.07692307692307686,0.3857142857142856
0.8343558282208594,0.2858769931662873,0.20125786163522014,0.6285714285714286,0.12499999999999986,0.01562500000000001,0.07692307692307686,0.37142857142857133
0.8404907975460115,0.2824601366742598,0.18238993710691823,0.6714285714285714,0.12499999999999986,0.01562500000000001,0.07692307692307686,0.37142857142857133
0.8343558282208594,0.2835990888382687,0.16352201257861634,0.6571428571428571,0.12499999999999986,0.01562500000000001,0.07692307692307686,0.35714285714285704
0.8404907975460115,0.2824601366742598,0.13417190775681342,0.6428571428571429,0.12499999999999986,0.01562500000000001,0.07692307692307686,0.3428571428571431
0.8343558282208594,0.28018223234624123,0.10272536687631027,0.5714285714285714,0.12499999999999986,0.01562500000000001,0.07692307692307686,0.3285714285714288
