temp,humd,co2,voc1,voc2,no2,eth,co
0.8343558282208594,0.2722095671981774,0.04821802935010482,0.32857142857142857,0.11249999999999985,0.01562500000000001,0.06410256410256403,0.3000000000000002
0.8282208588957051,0.2722095671981774,0.041928721174004195,0.34285714285714286,0.12499999999999986,0.01562500000000001,0.06410256410256403,0.3000000000000002
0.8343558282208594,0.274487471526196,0.020964360587002098,0.2857142857142857,0.12499999999999986,0.01562500000000001,0.06410256410256403,0.3000000000000002
0.8282208588957051,0.2733485193621871,0.014675052410901468,0.35714285714285715,0.12499999999999986,0.01562500000000001,0.06410256410256403,0.2857142857142859
0.8282208588957051,0.2733485193621871,0.006289308176100629,0.24285714285714285,0.12499999999999986,0.01562500000000001,0.06410256410256403,0.2857142857142859
0.8282208588957051,0.274487471526196,0.0,0.3,0.11249999999999985,0.01562500000000001,0.06410256410256403,0.2714285714285716
0.8282208588957051,0.2756264236902049,0.0041928721174004195,0.2714285714285714,0.11249999999999985,0.01562500000000001,0.06410256410256403,0.2714285714285716
0.8343558282208594,0.2756264236902049,0.0020964360587002098,0.2857142857142857,0.12499999999999986,0.01562500000000001,0.06410256410256403,0.2714285714285716
