temp,humd,co2,voc1,voc2,no2,eth,co
0.8220858895705507,0.2084282460136677,0.0,0.05714285714285714,0.12499999999999986,0.01562500000000001,0.06410256410256403,0.18571428571428583
0.8159509202453986,0.2084282460136677,0.0,0.0,0.12499999999999986,0.01562500000000001,0.06410256410256403,0.2285714285714287
0.8159509202453986,0.21070615034168547,0.03563941299790356,0.07142857142857142,0.12499999999999986,0.01562500000000001,0.06410256410256403,0.2571428571428573
0.8220858895705507,0.21298405466970405,0.10272536687631027,0.14285714285714285,0.12499999999999986,0.01562500000000001,0.06410256410256403,0.3000000000000002
0.8220858895705507,0.21640091116173152,0.16561844863731656,0.11428571428571428,0.12499999999999986,0.01562500000000001,0.06410256410256403,0.3142857142857145
0.8220858895705507,0.21981776765375816,0.24528301886792453,0.15714285714285714,0.12499999999999986,0.01562500000000001,0.06410256410256403,0.3428571428571431
0.8220858895705507,0.22095671981776785,0.2851153039832285,0.18571428571428572,0.12499999999999986,0.01562500000000001,0.06410256410256403,0.35714285714285704
0.8220858895705507,0.2266514806378131,0.3228511530398323,0.22857142857142856,0.12499999999999986,0.01562500000000001,0.06410256410256403,0.37142857142857133
