temp,humd,co2,voc1,voc2,no2,eth,co
0.8773006134969331,0.3132118451025054,0.0041928721174004195,0.38571428571428573,0.12499999999999986,0.01562500000000001,0.07692307692307686,0.2857142857142859
0.8711656441717788,0.3120728929384965,0.0,0.38571428571428573,0.12499999999999986,0.01562500000000001,0.07692307692307686,0.2857142857142859
0.8711656441717788,0.3097949886104787,0.0,0.34285714285714286,0.12499999999999986,0.01562500000000001,0.07692307692307686,0.2714285714285716
0.8711656441717788,0.30751708428246016,0.0,0.34285714285714286,0.12499999999999986,0.01562500000000001,0.07692307692307686,0.2571428571428573
0.8711656441717788,0.3006833712984052,0.0,0.4142857142857143,0.12499999999999986,0.01562500000000001,0.07692307692307686,0.2571428571428573
0.8711656441717788,0.29954441913439633,0.0,0.35714285714285715,0.12499999999999986,0.01562500000000001,0.07692307692307686,0.24285714285714302
0.8711656441717788,0.29954441913439633,0.0,0.2857142857142857,0.12499999999999986,0.01562500000000001,0.07692307692307686,0.24285714285714302
0.8711656441717788,0.29612756264236884,0.0,0.35714285714285715,0.12499999999999986,0.01562500000000001,0.06410256410256403,0.2285714285714287
