temp,humd,co2,voc1,voc2,no2,eth,co
0.8098159509202443,0.3280182232346241,0.5744234800838575,0.6142857142857143,0.14999999999999988,0.03125000000000002,0.08974358974358969,0.4714285714285714
0.8036809815950922,0.329157175398633,0.5828092243186582,0.5714285714285714,0.14999999999999988,0.03125000000000002,0.08974358974358969,0.4714285714285714
0.8036809815950922,0.3314350797266516,0.5639412997903563,0.5428571428571428,0.14999999999999988,0.03125000000000002,0.08974358974358969,0.4714285714285714
0.8036809815950922,0.33371298405466937,0.5639412997903563,0.6142857142857143,0.14999999999999988,0.03125000000000002,0.08974358974358969,0.4714285714285714
0.8098159509202443,0.3371298405466968,0.5283018867924528,0.6428571428571429,0.14999999999999988,0.03125000000000002,0.08974358974358969,0.45714285714285713
0.8036809815950922,0.33826879271070653,0.5220125786163522,0.6142857142857143,0.14999999999999988,0.03125000000000002,0.08974358974358969,0.45714285714285713
0.8036809815950922,0.3394077448747154,0.5115303983228512,0.7,0.14999999999999988,0.03125000000000002,0.08974358974358969,0.45714285714285713
0.8098159509202443,0.33826879271070653,0.49056603773584906,0.6428571428571429,0.14999999999999988,0.03125000000000002,0.08974358974358969,0.44285714285714284
