temp,humd,co2,voc1,voc2,no2,eth,co
0.723926380368099,0.29840546697038745,0.0,0.17142857142857143,0.22499999999999998,0.03125000000000002,0.1282051282051282,0.15714285714285725
0.723926380368099,0.29726651480637856,0.0,0.24285714285714285,0.21249999999999997,0.01562500000000001,0.1282051282051282,0.14285714285714296
0.7300613496932512,0.29612756264236884,0.0,0.3142857142857143,0.21249999999999997,0.03125000000000002,0.1282051282051282,0.14285714285714296
0.723926380368099,0.2938496583143511,0.0,0.22857142857142856,0.21249999999999997,0.03125000000000002,0.1282051282051282,0.14285714285714296
0.723926380368099,0.2927107061503414,0.0,0.12857142857142856,0.21249999999999997,0.03125000000000002,0.1282051282051282,0.14285714285714296
0.723926380368099,0.28929384965831473,0.0,0.18571428571428572,0.21249999999999997,0.01562500000000001,0.1282051282051282,0.14285714285714296
0.7177914110429447,0.28815489749430506,0.0,0.17142857142857143,0.21249999999999997,0.03125000000000002,0.1282051282051282,0.14285714285714296
0.723926380368099,0.28815489749430506,0.0,0.2,0.21249999999999997,0.03125000000000002,0.1282051282051282,0.14285714285714296
