temp,humd,co2,voc1,voc2,no2,eth,co
0.46012269938650235,0.3519362186788156,0.025157232704402517,0.12857142857142856,0.22499999999999998,0.01562500000000001,0.1282051282051282,0.2571428571428573
0.4539877300613502,0.3507972665148067,0.04821802935010482,0.15714285714285714,0.22499999999999998,0.01562500000000001,0.1282051282051282,0.2571428571428573
0.4539877300613502,0.3519362186788156,0.025157232704402517,0.17142857142857143,0.2375,0.01562500000000001,0.1282051282051282,0.2571428571428573
0.46012269938650235,0.3519362186788156,0.018867924528301886,0.15714285714285714,0.22499999999999998,0.01562500000000001,0.1282051282051282,0.24285714285714302
0.4662576687116567,0.35421412300683414,0.008385744234800839,0.1,0.2375,0.01562500000000001,0.1282051282051282,0.24285714285714302
0.46012269938650235,0.355353075170843,0.014675052410901468,0.18571428571428572,0.22499999999999998,0.01562500000000001,0.14102564102564102,0.2285714285714287
0.46012269938650235,0.35421412300683414,0.0041928721174004195,0.15714285714285714,0.22499999999999998,0.01562500000000001,0.1282051282051282,0.2142857142857144
0.4662576687116567,0.3576309794988608,0.0,0.17142857142857143,0.22499999999999998,0.01562500000000001,0.14102564102564102,0.2142857142857144
