temp,humd,co2,voc1,voc2,no2,eth,co
0.723926380368099,0.28473804100227756,0.0,0.21428571428571427,0.21249999999999997,0.03125000000000002,0.1282051282051282,0.14285714285714296
0.723926380368099,0.28473804100227756,0.0,0.17142857142857143,0.21249999999999997,0.03125000000000002,0.1282051282051282,0.14285714285714296
0.723926380368099,0.2835990888382687,0.0,0.17142857142857143,0.21249999999999997,0.03125000000000002,0.1282051282051282,0.14285714285714296
0.723926380368099,0.2835990888382687,0.0,0.17142857142857143,0.21249999999999997,0.03125000000000002,0.1282051282051282,0.14285714285714296
0.723926380368099,0.2835990888382687,0.0,0.15714285714285714,0.21249999999999997,0.03125000000000002,0.1282051282051282,0.14285714285714296
0.723926380368099,0.2813211845102509,0.0,0.17142857142857143,0.21249999999999997,0.03125000000000002,0.11538461538461536,0.14285714285714296
0.723926380368099,0.28018223234624123,0.0,0.15714285714285714,0.21249999999999997,0.03125000000000002,0.1282051282051282,0.14285714285714296
0.723926380368099,0.28018223234624123,0.0,0.17142857142857143,0.21249999999999997,0.03125000000000002,0.1282051282051282,0.14285714285714296
