temp,humd,co2,voc1,voc2,no2,eth,co
0.6380368098159516,0.30523917995444155,0.12368972746331237,0.18571428571428572,0.22499999999999998,0.03125000000000002,0.1282051282051282,0.18571428571428583
0.6441717791411037,0.30523917995444155,0.1320754716981132,0.24285714285714285,0.22499999999999998,0.03125000000000002,0.1282051282051282,0.18571428571428583
0.6441717791411037,0.30751708428246016,0.12578616352201258,0.24285714285714285,0.22499999999999998,0.03125000000000002,0.1282051282051282,0.18571428571428583
0.6441717791411037,0.30523917995444155,0.11740041928721175,0.2857142857142857,0.22499999999999998,0.03125000000000002,0.1282051282051282,0.18571428571428583
0.6441717791411037,0.30410022779043266,0.1111111111111111,0.2857142857142857,0.22499999999999998,0.01562500000000001,0.1282051282051282,0.18571428571428583
0.6441717791411037,0.30523917995444155,0.09853249475890985,0.3,0.22499999999999998,0.03125000000000002,0.1282051282051282,0.17142857142857154
0.6441717791411037,0.30410022779043266,0.0880503144654088,0.2571428571428571,0.22499999999999998,0.03125000000000002,0.1282051282051282,0.17142857142857154
0.650306748466258,0.30410022779043266,0.08176100628930817,0.22857142857142856,0.22499999999999998,0.03125000000000002,0.1282051282051282,0.17142857142857154
