temp,humd,co2,voc1,voc2,no2,eth,co
0.699386503067484,0.3257403189066064,0.21593291404612158,0.44285714285714284,0.21249999999999997,0.03125000000000002,0.1282051282051282,0.2285714285714287
0.7055214723926382,0.32687927107061526,0.1970649895178197,0.4142857142857143,0.22499999999999998,0.03125000000000002,0.1282051282051282,0.2142857142857144
0.7055214723926382,0.32687927107061526,0.18029350104821804,0.4714285714285714,0.22499999999999998,0.03125000000000002,0.1282051282051282,0.2142857142857144
0.7055214723926382,0.32687927107061526,0.1740041928721174,0.38571428571428573,0.22499999999999998,0.03125000000000002,0.1282051282051282,0.2142857142857144
0.7055214723926382,0.32687927107061526,0.15932914046121593,0.42857142857142855,0.22499999999999998,0.03125000000000002,0.1282051282051282,0.2142857142857144
0.7055214723926382,0.329157175398633,0.14046121593291405,0.4,0.22499999999999998,0.03125000000000002,0.1282051282051282,0.20000000000000012
0.7116564417177904,0.329157175398633,0.1278825995807128,0.34285714285714286,0.22499999999999998,0.03125000000000002,0.1282051282051282,0.20000000000000012
0.7116564417177904,0.3302961275626427,0.12368972746331237,0.37142857142857144,0.21249999999999997,0.03125000000000002,0.1282051282051282,0.20000000000000012
