temp,humd,co2,voc1,voc2,no2,eth,co
0.7116564417177904,0.329157175398633,0.1090146750524109,0.37142857142857144,0.22499999999999998,0.03125000000000002,0.1282051282051282,0.18571428571428583
0.7055214723926382,0.329157175398633,0.09853249475890985,0.38571428571428573,0.21249999999999997,0.03125000000000002,0.1282051282051282,0.18571428571428583
0.7116564417177904,0.329157175398633,0.10062893081761007,0.3142857142857143,0.22499999999999998,0.03125000000000002,0.1282051282051282,0.18571428571428583
0.7116564417177904,0.329157175398633,0.07337526205450734,0.34285714285714286,0.22499999999999998,0.03125000000000002,0.1282051282051282,0.18571428571428583
0.7116564417177904,0.329157175398633,0.09014675052410902,0.32857142857142857,0.22499999999999998,0.01562500000000001,0.1282051282051282,0.18571428571428583
0.7177914110429447,0.32687927107061526,0.06708595387840671,0.38571428571428573,0.21249999999999997,0.03125000000000002,0.1282051282051282,0.17142857142857154
0.7177914110429447,0.32687927107061526,0.04821802935010482,0.3142857142857143,0.22499999999999998,0.03125000000000002,0.1282051282051282,0.17142857142857154
0.7177914110429447,0.3257403189066064,0.05450733752620545,0.4,0.22499999999999998,0.03125000000000002,0.1282051282051282,0.17142857142857154
