temp,humd,co2,voc1,voc2,no2,eth,co
0.5092024539877303,0.4020501138952162,0.010482180293501049,0.24285714285714285,0.22499999999999998,0.01562500000000001,0.1282051282051282,0.15714285714285725
0.5092024539877303,0.40091116173120733,0.020964360587002098,0.2571428571428571,0.22499999999999998,0.01562500000000001,0.14102564102564102,0.15714285714285725
0.5092024539877303,0.39977220956719844,0.0,0.2,0.22499999999999998,0.01562500000000001,0.1282051282051282,0.15714285714285725
0.5092024539877303,0.39977220956719844,0.0,0.2,0.22499999999999998,0.01562500000000001,0.1282051282051282,0.15714285714285725
0.5092024539877303,0.3974943052391799,0.0,0.21428571428571427,0.22499999999999998,0.01562500000000001,0.1282051282051282,0.14285714285714296
0.5092024539877303,0.39407744874715245,0.0,0.2571428571428571,0.22499999999999998,0.01562500000000001,0.1282051282051282,0.14285714285714296
0.5153374233128826,0.39407744874715245,0.0,0.15714285714285714,0.22499999999999998,0.01562500000000001,0.1282051282051282,0.14285714285714296
0.5153374233128826,0.39179954441913467,0.0,0.22857142857142856,0.22499999999999998,0.01562500000000001,0.1282051282051282,0.14285714285714296
