temp,humd,co2,voc1,voc2,no2,eth,co
0.7177914110429447,0.25968109339407724,0.08385744234800839,0.05714285714285714,0.21249999999999997,0.03125000000000002,0.1282051282051282,0.14285714285714296
0.7177914110429447,0.25968109339407724,0.08385744234800839,0.14285714285714285,0.21249999999999997,0.03125000000000002,0.1282051282051282,0.14285714285714296
0.7177914110429447,0.2619589977220958,0.09643605870020965,0.22857142857142856,0.21249999999999997,0.03125000000000002,0.11538461538461536,0.14285714285714296
0.723926380368099,0.25968109339407724,0.08176100628930817,0.21428571428571427,0.21249999999999997,0.03125000000000002,0.1282051282051282,0.15714285714285725
0.7177914110429447,0.25854214123006836,0.08385744234800839,0.18571428571428572,0.21249999999999997,0.03125000000000002,0.1282051282051282,0.15714285714285725
0.7177914110429447,0.25968109339407724,0.0859538784067086,0.24285714285714285,0.21249999999999997,0.03125000000000002,0.1282051282051282,0.15714285714285725
0.7177914110429447,0.25968109339407724,0.09853249475890985,0.22857142857142856,0.21249999999999997,0.03125000000000002,0.1282051282051282,0.15714285714285725
0.7177914110429447,0.25968109339407724,0.09224318658280922,0.18571428571428572,0.21249999999999997,0.03125000000000002,0.1282051282051282,0.17142857142857154
