temp,humd,co2,voc1,voc2,no2,eth,co
0.6687116564417167,0.2858769931662873,0.0,0.12857142857142856,0.21249999999999997,0.01562500000000001,0.1282051282051282,0.12857142857142864
0.6687116564417167,0.2858769931662873,0.0020964360587002098,0.12857142857142856,0.22499999999999998,0.01562500000000001,0.1282051282051282,0.12857142857142864
0.6687116564417167,0.2858769931662873,0.0,0.24285714285714285,0.21249999999999997,0.01562500000000001,0.1282051282051282,0.12857142857142864
0.6687116564417167,0.2858769931662873,0.0,0.17142857142857143,0.21249999999999997,0.01562500000000001,0.1282051282051282,0.12857142857142864
0.6748466257668709,0.2835990888382687,0.0041928721174004195,0.2,0.22499999999999998,0.01562500000000001,0.1282051282051282,0.12857142857142864
0.6748466257668709,0.2824601366742598,0.03563941299790356,0.17142857142857143,0.22499999999999998,0.01562500000000001,0.1282051282051282,0.14285714285714296
0.6748466257668709,0.28473804100227756,0.1090146750524109,0.22857142857142856,0.22499999999999998,0.01562500000000001,0.1282051282051282,0.17142857142857154
0.6748466257668709,0.2858769931662873,0.1949685534591195,0.2,0.21249999999999997,0.01562500000000001,0.1282051282051282,0.20000000000000012
