temp,humd,co2,voc1,voc2,no2,eth,co
0.723926380368099,0.2676537585421411,0.0,0.2,0.21249999999999997,0.01562500000000001,0.1282051282051282,0.14285714285714296
0.723926380368099,0.26879271070615074,0.0,0.12857142857142856,0.21249999999999997,0.03125000000000002,0.1282051282051282,0.12857142857142864
0.723926380368099,0.2665148063781322,0.0,0.1,0.21249999999999997,0.03125000000000002,0.11538461538461536,0.12857142857142864
0.723926380368099,0.2642369020501136,0.0,0.08571428571428572,0.21249999999999997,0.03125000000000002,0.1282051282051282,0.12857142857142864
0.7177914110429447,0.2653758542141233,0.0,0.17142857142857143,0.21249999999999997,0.03125000000000002,0.1282051282051282,0.12857142857142864
0.723926380368099,0.2653758542141233,0.0,0.1,0.21249999999999997,0.03125000000000002,0.1282051282051282,0.12857142857142864
0.723926380368099,0.2619589977220958,0.0,0.14285714285714285,0.21249999999999997,0.03125000000000002,0.1282051282051282,0.12857142857142864
0.723926380368099,0.2619589977220958,0.0,0.15714285714285714,0.21249999999999997,0.03125000000000002,0.11538461538461536,0.12857142857142864
