temp,humd,co2,voc1,voc2,no2,eth,co
0.7361963190184055,0.28018223234624123,0.0,0.15714285714285714,0.21249999999999997,0.03125000000000002,0.1282051282051282,0.17142857142857154
0.7361963190184055,0.27790432801822346,0.0,0.22857142857142856,0.21249999999999997,0.03125000000000002,0.11538461538461536,0.17142857142857154
0.7300613496932512,0.27790432801822346,0.0,0.14285714285714285,0.21249999999999997,0.03125000000000002,0.1282051282051282,0.15714285714285725
0.7300613496932512,0.27904328018223234,0.0,0.12857142857142856,0.21249999999999997,0.03125000000000002,0.11538461538461536,0.15714285714285725
0.7300613496932512,0.274487471526196,0.0,0.12857142857142856,0.21249999999999997,0.03125000000000002,0.1282051282051282,0.15714285714285725
0.7361963190184055,0.274487471526196,0.0,0.17142857142857143,0.21249999999999997,0.03125000000000002,0.11538461538461536,0.15714285714285725
0.7361963190184055,0.274487471526196,0.0,0.07142857142857142,0.21249999999999997,0.03125000000000002,0.11538461538461536,0.15714285714285725
0.7300613496932512,0.2733485193621871,0.0,0.12857142857142856,0.21249999999999997,0.03125000000000002,0.11538461538461536,0.15714285714285725
