temp,humd,co2,voc1,voc2,no2,eth,co
0.6380368098159516,0.30523917995444155,0.0880503144654088,0.2,0.22499999999999998,0.01562500000000001,0.1282051282051282,0.15714285714285725
0.6319018404907972,0.30523917995444155,0.11740041928721175,0.2571428571428571,0.22499999999999998,0.03125000000000002,0.1282051282051282,0.17142857142857154
0.6319018404907972,0.30410022779043266,0.12578616352201258,0.22857142857142856,0.22499999999999998,0.03125000000000002,0.1282051282051282,0.17142857142857154
0.6380368098159516,0.30410022779043266,0.1320754716981132,0.2571428571428571,0.22499999999999998,0.01562500000000001,0.1282051282051282,0.17142857142857154
0.6380368098159516,0.30523917995444155,0.14255765199161424,0.18571428571428572,0.22499999999999998,0.03125000000000002,0.1282051282051282,0.18571428571428583
0.6380368098159516,0.30410022779043266,0.13836477987421383,0.18571428571428572,0.22499999999999998,0.03125000000000002,0.1282051282051282,0.18571428571428583
0.6380368098159516,0.30523917995444155,0.13836477987421383,0.2,0.22499999999999998,0.01562500000000001,0.1282051282051282,0.18571428571428583
0.6380368098159516,0.30523917995444155,0.1320754716981132,0.12857142857142856,0.22499999999999998,0.03125000000000002,0.1282051282051282,0.18571428571428583
