temp,humd,co2,voc1,voc2,no2,eth,co
0.7361963190184055,0.26879271070615074,0.11320754716981132,0.32857142857142857,0.21249999999999997,0.046875000000000035,0.1282051282051282,0.20000000000000012
0.7361963190184055,0.2722095671981774,0.1090146750524109,0.32857142857142857,0.21249999999999997,0.046875000000000035,0.1282051282051282,0.18571428571428583
0.7361963190184055,0.2722095671981774,0.0880503144654088,0.32857142857142857,0.21249999999999997,0.03125000000000002,0.1282051282051282,0.18571428571428583
0.7361963190184055,0.2722095671981774,0.06708595387840671,0.24285714285714285,0.21249999999999997,0.03125000000000002,0.1282051282051282,0.18571428571428583
0.7361963190184055,0.2733485193621871,0.0649895178197065,0.3,0.21249999999999997,0.03125000000000002,0.1282051282051282,0.18571428571428583
0.7361963190184055,0.2756264236902049,0.04612159329140461,0.24285714285714285,0.21249999999999997,0.03125000000000002,0.1282051282051282,0.18571428571428583
0.7361963190184055,0.27676537585421374,0.03773584905660377,0.3142857142857143,0.21249999999999997,0.03125000000000002,0.1282051282051282,0.18571428571428583
0.7423312883435577,0.27790432801822346,0.0440251572327044,0.2714285714285714,0.21249999999999997,0.03125000000000002,0.1282051282051282,0.17142857142857154
