temp,humd,co2,voc1,voc2,no2,eth,co
0.6196319018404908,0.30523917995444155,0.03773584905660377,0.24285714285714285,0.22499999999999998,0.01562500000000001,0.1282051282051282,0.14285714285714296
0.6196319018404908,0.30410022779043266,0.027253668763102725,0.17142857142857143,0.22499999999999998,0.01562500000000001,0.1282051282051282,0.12857142857142864
0.6257668711656451,0.30523917995444155,0.020964360587002098,0.15714285714285714,0.22499999999999998,0.01562500000000001,0.1282051282051282,0.14285714285714296
0.6196319018404908,0.3029612756264238,0.031446540880503145,0.17142857142857143,0.22499999999999998,0.01562500000000001,0.1282051282051282,0.14285714285714296
0.6257668711656451,0.30523917995444155,0.039832285115303984,0.15714285714285714,0.22499999999999998,0.01562500000000001,0.1282051282051282,0.12857142857142864
0.6257668711656451,0.30410022779043266,0.04612159329140461,0.2,0.22499999999999998,0.03125000000000002,0.1282051282051282,0.14285714285714296
0.6257668711656451,0.30523917995444155,0.05660377358490566,0.14285714285714285,0.22499999999999998,0.03125000000000002,0.1282051282051282,0.14285714285714296
0.6257668711656451,0.30523917995444155,0.07756813417190776,0.2,0.22499999999999998,0.03125000000000002,0.1282051282051282,0.14285714285714296
