temp,humd,co2,voc1,voc2,no2,eth,co
0.6564417177914101,0.29612756264236884,0.006289308176100629,0.15714285714285714,0.22499999999999998,0.01562500000000001,0.1282051282051282,0.14285714285714296
0.6625766871165645,0.29498861047835995,0.0,0.2,0.21249999999999997,0.01562500000000001,0.1282051282051282,0.14285714285714296
0.6625766871165645,0.29498861047835995,0.0,0.18571428571428572,0.22499999999999998,0.01562500000000001,0.1282051282051282,0.12857142857142864
0.6625766871165645,0.2938496583143511,0.0,0.2714285714285714,0.21249999999999997,0.01562500000000001,0.1282051282051282,0.12857142857142864
0.6625766871165645,0.2915717539863325,0.006289308176100629,0.22857142857142856,0.21249999999999997,0.01562500000000001,0.1282051282051282,0.12857142857142864
0.6625766871165645,0.2904328018223236,0.0,0.18571428571428572,0.22499999999999998,0.01562500000000001,0.1282051282051282,0.12857142857142864
0.6687116564417167,0.28815489749430506,0.0,0.18571428571428572,0.22499999999999998,0.01562500000000001,0.1282051282051282,0.12857142857142864
0.6625766871165645,0.2870159453302962,0.0,0.18571428571428572,0.22499999999999998,0.01562500000000001,0.1282051282051282,0.12857142857142864
