temp,humd,co2,voc1,voc2,no2,eth,co
0.7177914110429447,0.25740318906605947,0.0,0.17142857142857143,0.21249999999999997,0.03125000000000002,0.1282051282051282,0.12857142857142864
0.7177914110429447,0.25968109339407724,0.0,0.15714285714285714,0.21249999999999997,0.03125000000000002,0.1282051282051282,0.12857142857142864
0.7177914110429447,0.25854214123006836,0.0,0.08571428571428572,0.21249999999999997,0.03125000000000002,0.1282051282051282,0.12857142857142864
0.7177914110429447,0.25968109339407724,0.0,0.17142857142857143,0.21249999999999997,0.03125000000000002,0.1282051282051282,0.12857142857142864
0.7177914110429447,0.25968109339407724,0.0,0.17142857142857143,0.21249999999999997,0.03125000000000002,0.1282051282051282,0.12857142857142864
0.7177914110429447,0.25968109339407724,0.0,0.08571428571428572,0.21249999999999997,0.03125000000000002,0.1282051282051282,0.12857142857142864
0.7116564417177904,0.25854214123006836,0.0,0.17142857142857143,0.21249999999999997,0.03125000000000002,0.1282051282051282,0.12857142857142864
0.7177914110429447,0.25854214123006836,0.0,0.24285714285714285,0.21249999999999997,0.03125000000000002,0.1282051282051282,0.12857142857142864
