temp,humd,co2,voc1,voc2,no2,eth,co
0.852760736196318,0.29840546697038745,0.0,0.014285714285714285,0.04999999999999978,0.03125000000000002,0.025641025641025668,0.17142857142857154
0.852760736196318,0.29498861047835995,0.0,0.07142857142857142,0.04999999999999978,0.03125000000000002,0.025641025641025668,0.15714285714285725
0.852760736196318,0.29498861047835995,0.0,0.05714285714285714,0.04999999999999978,0.03125000000000002,0.025641025641025668,0.15714285714285725
0.8588957055214723,0.2938496583143511,0.0,0.05714285714285714,0.04999999999999978,0.03125000000000002,0.025641025641025668,0.15714285714285725
0.8588957055214723,0.29498861047835995,0.0,0.0,0.04999999999999978,0.03125000000000002,0.025641025641025668,0.15714285714285725
0.852760736196318,0.29498861047835995,0.0,0.0,0.04999999999999978,0.03125000000000002,0.025641025641025668,0.15714285714285725
0.8588957055214723,0.2938496583143511,0.0,0.014285714285714285,0.04999999999999978,0.03125000000000002,0.025641025641025668,0.15714285714285725
0.8650306748466245,0.29612756264236884,0.0,0.07142857142857142,0.04999999999999978,0.03125000000000002,0.025641025641025668,0.15714285714285725
