temp,humd,co2,voc1,voc2,no2,eth,co
0.6257668711656451,0.38041002277904334,0.0,0.2,0.06249999999999979,0.01562500000000001,0.0384615384615385,0.20000000000000012
0.6257668711656451,0.38382687927107084,0.0,0.15714285714285714,0.06249999999999979,0.01562500000000001,0.025641025641025668,0.2142857142857144
0.6257668711656451,0.3861047835990886,0.0,0.18571428571428572,0.06249999999999979,0.01562500000000001,0.025641025641025668,0.20000000000000012
0.6257668711656451,0.3872437357630983,0.0,0.15714285714285714,0.06249999999999979,0.01562500000000001,0.025641025641025668,0.20000000000000012
0.6319018404907972,0.39066059225512495,0.0,0.21428571428571427,0.06249999999999979,0.01562500000000001,0.025641025641025668,0.20000000000000012
0.6319018404907972,0.39179954441913467,0.0,0.18571428571428572,0.04999999999999978,0.01562500000000001,0.025641025641025668,0.20000000000000012
0.6257668711656451,0.396355353075171,0.0,0.21428571428571427,0.06249999999999979,0.01562500000000001,0.025641025641025668,0.20000000000000012
0.6319018404907972,0.3986332574031888,0.0,0.18571428571428572,0.06249999999999979,0.01562500000000001,0.025641025641025668,0.20000000000000012
