temp,humd,co2,voc1,voc2,no2,eth,co
0.8466257668711659,0.30410022779043266,0.0,0.014285714285714285,0.04999999999999978,0.03125000000000002,0.025641025641025668,0.17142857142857154
0.8466257668711659,0.30523917995444155,0.0,0.04285714285714286,0.04999999999999978,0.03125000000000002,0.025641025641025668,0.17142857142857154
0.8466257668711659,0.30410022779043266,0.0,0.014285714285714285,0.04999999999999978,0.03125000000000002,0.025641025641025668,0.15714285714285725
0.8466257668711659,0.3018223234624149,0.0,0.0,0.04999999999999978,0.03125000000000002,0.025641025641025668,0.17142857142857154
0.8466257668711659,0.29954441913439633,0.0,0.014285714285714285,0.04999999999999978,0.03125000000000002,0.025641025641025668,0.15714285714285725
0.852760736196318,0.29840546697038745,0.0,0.0,0.04999999999999978,0.03125000000000002,0.025641025641025668,0.17142857142857154
0.852760736196318,0.29840546697038745,0.0,0.02857142857142857,0.04999999999999978,0.03125000000000002,0.025641025641025668,0.15714285714285725
0.852760736196318,0.29840546697038745,0.0,0.04285714285714286,0.04999999999999978,0.03125000000000002,0.025641025641025668,0.15714285714285725
