temp,humd,co2,voc1,voc2,no2,eth,co
0.6871165644171775,0.41230068337129866,0.014675052410901468,0.3,0.06249999999999979,0.1562500000000001,0.025641025641025668,0.2142857142857144
0.6932515337423317,0.4145785876993164,0.0440251572327044,0.32857142857142857,0.06249999999999979,0.1562500000000001,0.025641025641025668,0.2285714285714287
0.6932515337423317,0.4134396355353075,0.05660377358490566,0.2857142857142857,0.06249999999999979,0.1718750000000001,0.0384615384615385,0.2285714285714287
0.6932515337423317,0.4145785876993164,0.1488469601677149,0.35714285714285715,0.06249999999999979,0.1718750000000001,0.0384615384615385,0.24285714285714302
0.6932515337423317,0.4179954441913439,0.22012578616352202,0.34285714285714286,0.06249999999999979,0.18750000000000014,0.0384615384615385,0.2571428571428573
0.6932515337423317,0.41913439635535277,0.33542976939203356,0.44285714285714284,0.06249999999999979,0.18750000000000014,0.0384615384615385,0.2857142857142859
0.699386503067484,0.4214123006833713,0.37735849056603776,0.44285714285714284,0.06249999999999979,0.20312499999999997,0.0384615384615385,0.3142857142857145
0.699386503067484,0.42369020501138993,0.4339622641509434,0.42857142857142855,0.0749999999999998,0.21874999999999997,0.0384615384615385,0.3428571428571431
