temp,humd,co2,voc1,voc2,no2,eth,co
0.7668711656441706,0.3359908883826879,0.0,0.02857142857142857,0.06249999999999979,0.06250000000000004,0.025641025641025668,0.17142857142857154
0.7668711656441706,0.3325740318906605,0.0,0.04285714285714286,0.06249999999999979,0.06250000000000004,0.025641025641025668,0.15714285714285725
0.7668711656441706,0.3314350797266516,0.0,0.0,0.06249999999999979,0.06250000000000004,0.025641025641025668,0.15714285714285725
0.7730061349693249,0.3302961275626427,0.0,0.014285714285714285,0.06249999999999979,0.06250000000000004,0.025641025641025668,0.17142857142857154
0.7668711656441706,0.329157175398633,0.0,0.05714285714285714,0.06249999999999979,0.06250000000000004,0.025641025641025668,0.15714285714285725
0.7730061349693249,0.32687927107061526,0.0,0.0,0.06249999999999979,0.046875000000000035,0.025641025641025668,0.15714285714285725
0.7668711656441706,0.32687927107061526,0.0,0.04285714285714286,0.06249999999999979,0.046875000000000035,0.025641025641025668,0.15714285714285725
0.7668711656441706,0.32460136674259665,0.0,0.05714285714285714,0.06249999999999979,0.046875000000000035,0.025641025641025668,0.15714285714285725
