temp,humd,co2,voc1,voc2,no2,eth,co
0.8834355828220853,0.2756264236902049,0.0,0.0,0.04999999999999978,0.01562500000000001,0.025641025641025668,0.17142857142857154
0.8895705521472396,0.274487471526196,0.0,0.0,0.04999999999999978,0.01562500000000001,0.025641025641025668,0.17142857142857154
0.8895705521472396,0.274487471526196,0.0,0.11428571428571428,0.04999999999999978,0.03125000000000002,0.025641025641025668,0.17142857142857154
0.8834355828220853,0.27676537585421374,0.0,0.014285714285714285,0.04999999999999978,0.01562500000000001,0.025641025641025668,0.17142857142857154
0.8895705521472396,0.2756264236902049,0.0,0.014285714285714285,0.04999999999999978,0.01562500000000001,0.025641025641025668,0.17142857142857154
0.8895705521472396,0.274487471526196,0.0,0.014285714285714285,0.04999999999999978,0.03125000000000002,0.025641025641025668,0.17142857142857154
0.8895705521472396,0.274487471526196,0.0,0.05714285714285714,0.04999999999999978,0.01562500000000001,0.025641025641025668,0.17142857142857154
0.8895705521472396,0.27676537585421374,0.0,0.02857142857142857,0.04999999999999978,0.01562500000000001,0.025641025641025668,0.17142857142857154
