temp,humd,co2,voc1,voc2,no2,eth,co
0.5766871165644171,0.3006833712984052,0.0,0.07142857142857142,0.04999999999999978,0.01562500000000001,0.025641025641025668,0.17142857142857154
0.5766871165644171,0.3006833712984052,0.0,0.014285714285714285,0.06249999999999979,0.0,0.025641025641025668,0.17142857142857154
0.5766871165644171,0.29954441913439633,0.0,0.02857142857142857,0.04999999999999978,0.01562500000000001,0.025641025641025668,0.17142857142857154
0.5766871165644171,0.3006833712984052,0.0,0.0,0.06249999999999979,0.0,0.025641025641025668,0.17142857142857154
0.5766871165644171,0.3006833712984052,0.0,0.0,0.06249999999999979,0.01562500000000001,0.025641025641025668,0.18571428571428583
0.5766871165644171,0.3006833712984052,0.0,0.02857142857142857,0.06249999999999979,0.01562500000000001,0.025641025641025668,0.18571428571428583
0.5766871165644171,0.3006833712984052,0.0,0.08571428571428572,0.06249999999999979,0.01562500000000001,0.025641025641025668,0.18571428571428583
0.5766871165644171,0.29954441913439633,0.0,0.11428571428571428,0.06249999999999979,0.0,0.025641025641025668,0.18571428571428583
