temp,humd,co2,voc1,voc2,no2,eth,co
0.8773006134969331,0.2938496583143511,0.0,0.04285714285714286,0.04999999999999978,0.03125000000000002,0.025641025641025668,0.15714285714285725
0.8834355828220853,0.2904328018223236,0.0,0.0,0.04999999999999978,0.03125000000000002,0.025641025641025668,0.15714285714285725
0.8773006134969331,0.2938496583143511,0.0,0.07142857142857142,0.04999999999999978,0.03125000000000002,0.025641025641025668,0.15714285714285725
0.8773006134969331,0.2938496583143511,0.0,0.014285714285714285,0.04999999999999978,0.03125000000000002,0.025641025641025668,0.15714285714285725
0.8773006134969331,0.2915717539863325,0.0,0.0,0.04999999999999978,0.03125000000000002,0.025641025641025668,0.15714285714285725
0.8834355828220853,0.2927107061503414,0.0,0.04285714285714286,0.04999999999999978,0.03125000000000002,0.025641025641025668,0.15714285714285725
0.8834355828220853,0.2927107061503414,0.0,0.0,0.04999999999999978,0.03125000000000002,0.025641025641025668,0.17142857142857154
0.8834355828220853,0.28929384965831473,0.0,0.0,0.04999999999999978,0.01562500000000001,0.025641025641025668,0.15714285714285725
