temp,humd,co2,voc1,voc2,no2,eth,co
0.8098159509202443,0.33485193621867904,0.0,0.0,0.06249999999999979,0.046875000000000035,0.025641025641025668,0.15714285714285725
0.8098159509202443,0.3371298405466968,0.0,0.04285714285714286,0.06249999999999979,0.046875000000000035,0.025641025641025668,0.15714285714285725
0.8159509202453986,0.3371298405466968,0.0,0.0,0.06249999999999979,0.046875000000000035,0.025641025641025668,0.15714285714285725
0.8159509202453986,0.3359908883826879,0.0,0.04285714285714286,0.06249999999999979,0.046875000000000035,0.025641025641025668,0.15714285714285725
0.8159509202453986,0.33485193621867904,0.0,0.0,0.06249999999999979,0.046875000000000035,0.025641025641025668,0.15714285714285725
0.8159509202453986,0.3325740318906605,0.0,0.0,0.06249999999999979,0.046875000000000035,0.025641025641025668,0.15714285714285725
0.8220858895705507,0.33485193621867904,0.0,0.0,0.06249999999999979,0.046875000000000035,0.025641025641025668,0.17142857142857154
0.8220858895705507,0.3325740318906605,0.0,0.014285714285714285,0.06249999999999979,0.046875000000000035,0.025641025641025668,0.17142857142857154
