temp,humd,co2,voc1,voc2,no2,eth,co
0.8343558282208594,0.3097949886104787,0.0,0.04285714285714286,0.06249999999999979,0.03125000000000002,0.025641025641025668,0.17142857142857154
0.8404907975460115,0.3097949886104787,0.0,0.0,0.04999999999999978,0.03125000000000002,0.025641025641025668,0.17142857142857154
0.8404907975460115,0.30751708428246016,0.0,0.0,0.06249999999999979,0.03125000000000002,0.025641025641025668,0.17142857142857154
0.8404907975460115,0.3063781321184513,0.0,0.0,0.06249999999999979,0.03125000000000002,0.025641025641025668,0.17142857142857154
0.8404907975460115,0.30410022779043266,0.0,0.014285714285714285,0.04999999999999978,0.03125000000000002,0.025641025641025668,0.17142857142857154
0.8466257668711659,0.30523917995444155,0.0,0.0,0.06249999999999979,0.03125000000000002,0.025641025641025668,0.17142857142857154
0.8466257668711659,0.30523917995444155,0.0,0.04285714285714286,0.04999999999999978,0.03125000000000002,0.025641025641025668,0.17142857142857154
0.8466257668711659,0.30410022779043266,0.0,0.0,0.04999999999999978,0.03125000000000002,0.025641025641025668,0.17142857142857154
