temp,humd,co2,voc1,voc2,no2,eth,co
0.6564417177914101,0.41230068337129866,0.1719077568134172,0.3142857142857143,0.06249999999999979,0.03125000000000002,0.025641025641025668,0.2285714285714287
0.6625766871165645,0.41116173120728977,0.13626834381551362,0.24285714285714285,0.06249999999999979,0.03125000000000002,0.025641025641025668,0.2285714285714287
0.6625766871165645,0.41116173120728977,0.13417190775681342,0.3142857142857143,0.06249999999999979,0.03125000000000002,0.025641025641025668,0.2285714285714287
0.6625766871165645,0.41116173120728977,0.11530398322851153,0.2714285714285714,0.06249999999999979,0.03125000000000002,0.025641025641025668,0.2285714285714287
0.6625766871165645,0.41002277904328005,0.11949685534591195,0.3,0.06249999999999979,0.03125000000000002,0.025641025641025668,0.2285714285714287
0.6687116564417167,0.40888382687927116,0.09853249475890985,0.3,0.06249999999999979,0.03125000000000002,0.025641025641025668,0.2285714285714287
0.6687116564417167,0.41002277904328005,0.0859538784067086,0.2,0.06249999999999979,0.03125000000000002,0.0384615384615385,0.2285714285714287
0.6625766871165645,0.41002277904328005,0.07966457023060797,0.3142857142857143,0.06249999999999979,0.03125000000000002,0.025641025641025668,0.2285714285714287
