temp,humd,co2,voc1,voc2,no2,eth,co
0.8282208588957051,0.3211845102505692,0.0,0.014285714285714285,0.06249999999999979,0.046875000000000035,0.025641025641025668,0.18571428571428583
0.8282208588957051,0.3211845102505692,0.0,0.02857142857142857,0.06249999999999979,0.046875000000000035,0.025641025641025668,0.18571428571428583
0.8343558282208594,0.31890660592255143,0.0,0.014285714285714285,0.06249999999999979,0.046875000000000035,0.025641025641025668,0.18571428571428583
0.8343558282208594,0.31890660592255143,0.0,0.14285714285714285,0.04999999999999978,0.046875000000000035,0.025641025641025668,0.17142857142857154
0.8343558282208594,0.31890660592255143,0.0,0.014285714285714285,0.06249999999999979,0.046875000000000035,0.025641025641025668,0.17142857142857154
0.8282208588957051,0.3166287015945328,0.0,0.04285714285714286,0.06249999999999979,0.046875000000000035,0.025641025641025668,0.17142857142857154
0.8343558282208594,0.31890660592255143,0.0,0.0,0.06249999999999979,0.046875000000000035,0.025641025641025668,0.17142857142857154
0.8282208588957051,0.3166287015945328,0.0,0.04285714285714286,0.04999999999999978,0.046875000000000035,0.025641025641025668,0.17142857142857154
