temp,humd,co2,voc1,voc2,no2,eth,co
0.570552147239265,0.30751708428246016,0.0,0.02857142857142857,0.04999999999999978,0.01562500000000001,0.025641025641025668,0.17142857142857154
0.570552147239265,0.30523917995444155,0.0,0.0,0.06249999999999979,0.0,0.025641025641025668,0.17142857142857154
0.570552147239265,0.30410022779043266,0.0,0.0,0.04999999999999978,0.01562500000000001,0.025641025641025668,0.17142857142857154
0.5766871165644171,0.30410022779043266,0.0,0.07142857142857142,0.04999999999999978,0.0,0.025641025641025668,0.17142857142857154
0.5766871165644171,0.3029612756264238,0.0,0.0,0.04999999999999978,0.0,0.025641025641025668,0.17142857142857154
0.5766871165644171,0.30410022779043266,0.0,0.04285714285714286,0.06249999999999979,0.01562500000000001,0.025641025641025668,0.17142857142857154
0.5766871165644171,0.3018223234624149,0.0,0.07142857142857142,0.04999999999999978,0.0,0.025641025641025668,0.17142857142857154
0.5828220858895714,0.3018223234624149,0.0,0.04285714285714286,0.04999999999999978,0.01562500000000001,0.025641025641025668,0.17142857142857154
