temp,humd,co2,voc1,voc2,no2,eth,co
0.7607361963190185,0.349658314350797,0.0,0.04285714285714286,0.06249999999999979,0.06250000000000004,0.025641025641025668,0.17142857142857154
0.7607361963190185,0.3473804100227792,0.0,0.05714285714285714,0.06249999999999979,0.06250000000000004,0.025641025641025668,0.17142857142857154
0.7607361963190185,0.3462414578587703,0.0,0.014285714285714285,0.06249999999999979,0.06250000000000004,0.025641025641025668,0.17142857142857154
0.7607361963190185,0.34510250569476064,0.0,0.014285714285714285,0.06249999999999979,0.06250000000000004,0.025641025641025668,0.17142857142857154
0.7607361963190185,0.34282460136674286,0.0,0.014285714285714285,0.06249999999999979,0.06250000000000004,0.025641025641025668,0.17142857142857154
0.7607361963190185,0.3405466970387243,0.0,0.05714285714285714,0.06249999999999979,0.06250000000000004,0.025641025641025668,0.17142857142857154
0.7668711656441706,0.3394077448747154,0.0,0.014285714285714285,0.06249999999999979,0.06250000000000004,0.025641025641025668,0.15714285714285725
0.7668711656441706,0.33826879271070653,0.0,0.014285714285714285,0.06249999999999979,0.06250000000000004,0.025641025641025668,0.15714285714285725
