temp,humd,co2,voc1,voc2,no2,eth,co
0.6441717791411037,0.4077448747152623,0.0,0.18571428571428572,0.06249999999999979,0.03125000000000002,0.025641025641025668,0.18571428571428583
0.6380368098159516,0.4077448747152623,0.0,0.14285714285714285,0.06249999999999979,0.03125000000000002,0.025641025641025668,0.18571428571428583
0.6441717791411037,0.4077448747152623,0.0,0.2571428571428571,0.06249999999999979,0.03125000000000002,0.0384615384615385,0.18571428571428583
0.6441717791411037,0.4077448747152623,0.0,0.21428571428571427,0.06249999999999979,0.03125000000000002,0.025641025641025668,0.18571428571428583
0.650306748466258,0.41002277904328005,0.0,0.17142857142857143,0.06249999999999979,0.03125000000000002,0.025641025641025668,0.18571428571428583
0.6441717791411037,0.4077448747152623,0.0,0.15714285714285714,0.06249999999999979,0.046875000000000035,0.025641025641025668,0.18571428571428583
0.6441717791411037,0.40888382687927116,0.0,0.14285714285714285,0.06249999999999979,0.03125000000000002,0.025641025641025668,0.18571428571428583
0.6380368098159516,0.40888382687927116,0.0,0.18571428571428572,0.06249999999999979,0.03125000000000002,0.025641025641025668,0.17142857142857154
