temp,humd,co2,voc1,voc2,no2,eth,co
0.723926380368099,0.4248291571753988,0.0,0.2857142857142857,0.06249999999999979,0.12500000000000008,0.0384615384615385,0.20000000000000012
0.723926380368099,0.42027334851936243,0.0,0.2,0.0749999999999998,0.12500000000000008,0.025641025641025668,0.20000000000000012
0.723926380368099,0.416856492027335,0.0,0.32857142857142857,0.06249999999999979,0.10937500000000007,0.025641025641025668,0.20000000000000012
0.723926380368099,0.4134396355353075,0.0,0.2571428571428571,0.0749999999999998,0.10937500000000007,0.025641025641025668,0.20000000000000012
0.723926380368099,0.41230068337129866,0.0,0.18571428571428572,0.06249999999999979,0.10937500000000007,0.025641025641025668,0.20000000000000012
0.723926380368099,0.4077448747152623,0.0,0.2,0.06249999999999979,0.10937500000000007,0.025641025641025668,0.18571428571428583
0.723926380368099,0.40432801822323483,0.0,0.14285714285714285,0.0749999999999998,0.10937500000000007,0.025641025641025668,0.18571428571428583
0.723926380368099,0.4020501138952162,0.0,0.17142857142857143,0.06249999999999979,0.10937500000000007,0.025641025641025668,0.18571428571428583
