temp,humd,co2,voc1,voc2,no2,eth,co
0.7361963190184055,0.3769931662870159,0.0,0.17142857142857143,0.06249999999999979,0.09375000000000007,0.025641025641025668,0.17142857142857154
0.7361963190184055,0.375854214123007,0.0,0.18571428571428572,0.06249999999999979,0.07812500000000006,0.025641025641025668,0.17142857142857154
0.7423312883435577,0.375854214123007,0.0,0.14285714285714285,0.06249999999999979,0.07812500000000006,0.025641025641025668,0.17142857142857154
0.7423312883435577,0.37243735763097957,0.0,0.14285714285714285,0.06249999999999979,0.09375000000000007,0.025641025641025668,0.17142857142857154
0.7423312883435577,0.3712984054669707,0.0,0.08571428571428572,0.06249999999999979,0.07812500000000006,0.025641025641025668,0.17142857142857154
0.748466257668712,0.3712984054669707,0.0,0.11428571428571428,0.06249999999999979,0.07812500000000006,0.025641025641025668,0.17142857142857154
0.7423312883435577,0.3678815489749432,0.0,0.04285714285714286,0.06249999999999979,0.07812500000000006,0.025641025641025668,0.17142857142857154
0.748466257668712,0.36560364464692463,0.0,0.04285714285714286,0.06249999999999979,0.07812500000000006,0.025641025641025668,0.17142857142857154
