temp,humd,co2,voc1,voc2,no2,eth,co
0.9079754601226983,0.01708428246013652,0.0,0.05714285714285714,0.3499999999999998,0.046875000000000035,0.19230769230769235,0.014285714285714294
0.9079754601226983,0.018223234624145806,0.027253668763102725,0.08571428571428572,0.3499999999999998,0.046875000000000035,0.19230769230769235,0.014285714285714294
0.9079754601226983,0.018223234624145806,0.012578616352201259,0.04285714285714286,0.3499999999999998,0.06250000000000004,0.19230769230769235,0.014285714285714294
0.9079754601226983,0.01708428246013652,0.006289308176100629,0.08571428571428572,0.3499999999999998,0.06250000000000004,0.19230769230769235,0.014285714285714294
0.9079754601226983,0.018223234624145806,0.020964360587002098,0.05714285714285714,0.3624999999999998,0.06250000000000004,0.19230769230769235,0.028571428571428588
0.9079754601226983,0.015945330296127633,0.012578616352201259,0.04285714285714286,0.3499999999999998,0.06250000000000004,0.19230769230769235,0.014285714285714294
0.9079754601226983,0.018223234624145806,0.018867924528301886,0.11428571428571428,0.3499999999999998,0.06250000000000004,0.19230769230769235,0.014285714285714294
0.9141104294478526,0.01708428246013652,0.0041928721174004195,0.014285714285714285,0.3499999999999998,0.06250000000000004,0.19230769230769235,0.014285714285714294
