temp,humd,co2,voc1,voc2,no2,eth,co
0.926380368098159,0.009111617312072702,0.012578616352201259,0.04285714285714286,0.3499999999999998,0.046875000000000035,0.19230769230769235,0.014285714285714294
0.9202453987730047,0.009111617312072702,0.008385744234800839,0.07142857142857142,0.3499999999999998,0.046875000000000035,0.19230769230769235,0.014285714285714294
0.926380368098159,0.01025056947608199,0.029350104821802937,0.04285714285714286,0.3499999999999998,0.046875000000000035,0.19230769230769235,0.014285714285714294
0.9202453987730047,0.011389521640090876,0.0440251572327044,0.08571428571428572,0.3499999999999998,0.046875000000000035,0.19230769230769235,0.014285714285714294
0.9202453987730047,0.011389521640090876,0.033542976939203356,0.1,0.3499999999999998,0.046875000000000035,0.19230769230769235,0.014285714285714294
0.9141104294478526,0.012528473804100167,0.020964360587002098,0.08571428571428572,0.3499999999999998,0.046875000000000035,0.19230769230769235,0.014285714285714294
0.9202453987730047,0.012528473804100167,0.0440251572327044,0.14285714285714285,0.3499999999999998,0.046875000000000035,0.19230769230769235,0.028571428571428588
0.9202453987730047,0.013667425968109456,0.04821802935010482,0.17142857142857143,0.3499999999999998,0.046875000000000035,0.19230769230769235,0.014285714285714294
