temp,humd,co2,voc1,voc2,no2,eth,co
0.901840490797546,0.018223234624145806,0.0041928721174004195,0.08571428571428572,0.37499999999999983,0.06250000000000004,0.20512820512820518,0.014285714285714294
0.901840490797546,0.01936218678815469,0.0,0.05714285714285714,0.37499999999999983,0.06250000000000004,0.20512820512820518,0.014285714285714294
0.901840490797546,0.01936218678815469,0.010482180293501049,0.08571428571428572,0.3624999999999998,0.06250000000000004,0.20512820512820518,0.014285714285714294
0.901840490797546,0.02050113895216398,0.016771488469601678,0.1,0.3624999999999998,0.06250000000000004,0.20512820512820518,0.014285714285714294
0.901840490797546,0.01936218678815469,0.020964360587002098,0.1,0.37499999999999983,0.06250000000000004,0.20512820512820518,0.014285714285714294
0.901840490797546,0.02050113895216398,0.014675052410901468,0.12857142857142856,0.37499999999999983,0.06250000000000004,0.20512820512820518,0.014285714285714294
0.901840490797546,0.018223234624145806,0.025157232704402517,0.11428571428571428,0.37499999999999983,0.06250000000000004,0.20512820512820518,0.014285714285714294
0.901840490797546,0.02050113895216398,0.020964360587002098,0.08571428571428572,0.37499999999999983,0.06250000000000004,0.20512820512820518,0.014285714285714294
