temp,humd,co2,voc1,voc2,no2,eth,co
0.8588957055214723,0.03189066059225527,0.014675052410901468,0.08571428571428572,0.37499999999999983,0.07812500000000006,0.21794871794871803,0.014285714285714294
0.8588957055214723,0.029612756264236685,0.027253668763102725,0.04285714285714286,0.37499999999999983,0.06250000000000004,0.21794871794871803,0.014285714285714294
0.8650306748466245,0.030751708428245973,0.008385744234800839,0.04285714285714286,0.37499999999999983,0.07812500000000006,0.21794871794871803,0.014285714285714294
0.8650306748466245,0.03302961275626415,0.012578616352201259,0.07142857142857142,0.37499999999999983,0.07812500000000006,0.21794871794871803,0.014285714285714294
0.8588957055214723,0.029612756264236685,0.016771488469601678,0.08571428571428572,0.37499999999999983,0.06250000000000004,0.21794871794871803,0.014285714285714294
0.8588957055214723,0.028473804100227797,0.027253668763102725,0.1,0.37499999999999983,0.06250000000000004,0.21794871794871803,0.014285714285714294
0.8650306748466245,0.029612756264236685,0.014675052410901468,0.04285714285714286,0.37499999999999983,0.07812500000000006,0.21794871794871803,0.014285714285714294
0.8650306748466245,0.029612756264236685,0.014675052410901468,0.04285714285714286,0.37499999999999983,0.06250000000000004,0.21794871794871803,0.014285714285714294
