temp,humd,co2,voc1,voc2,no2,eth,co
0.8466257668711659,0.04100227790432796,0.0,0.05714285714285714,0.3874999999999999,0.07812500000000006,0.23076923076923073,0.014285714285714294
0.8404907975460115,0.03986332574031867,0.0020964360587002098,0.07142857142857142,0.3999999999999999,0.07812500000000006,0.23076923076923073,0.028571428571428588
0.8466257668711659,0.03986332574031867,0.0,0.07142857142857142,0.3874999999999999,0.07812500000000006,0.23076923076923073,0.028571428571428588
0.8466257668711659,0.03872437357630979,0.0,0.07142857142857142,0.3999999999999999,0.07812500000000006,0.23076923076923073,0.014285714285714294
0.8466257668711659,0.04100227790432796,0.023060796645702306,0.04285714285714286,0.3874999999999999,0.07812500000000006,0.23076923076923073,0.014285714285714294
0.8466257668711659,0.03872437357630979,0.023060796645702306,0.05714285714285714,0.3999999999999999,0.07812500000000006,0.23076923076923073,0.028571428571428588
0.8466257668711659,0.03986332574031867,0.014675052410901468,0.02857142857142857,0.3874999999999999,0.07812500000000006,0.23076923076923073,0.014285714285714294
0.8404907975460115,0.03986332574031867,0.016771488469601678,0.0,0.3874999999999999,0.07812500000000006,0.23076923076923073,0.014285714285714294
