temp,humd,co2,voc1,voc2,no2,eth,co
0.8343558282208594,0.03644646924829161,0.014675052410901468,0.014285714285714285,0.3999999999999999,0.07812500000000006,0.24358974358974356,0.014285714285714294
0.8404907975460115,0.0375854214123005,0.008385744234800839,0.08571428571428572,0.3999999999999999,0.07812500000000006,0.23076923076923073,0.014285714285714294
0.8343558282208594,0.03644646924829161,0.023060796645702306,0.05714285714285714,0.3999999999999999,0.07812500000000006,0.23076923076923073,0.014285714285714294
0.8343558282208594,0.0375854214123005,0.025157232704402517,0.1,0.3999999999999999,0.07812500000000006,0.23076923076923073,0.014285714285714294
0.8404907975460115,0.03530751708428232,0.027253668763102725,0.11428571428571428,0.3999999999999999,0.09375000000000007,0.23076923076923073,0.014285714285714294
0.8343558282208594,0.03416856492027344,0.029350104821802937,0.12857142857142856,0.3999999999999999,0.07812500000000006,0.23076923076923073,0.014285714285714294
0.8404907975460115,0.03530751708428232,0.008385744234800839,0.014285714285714285,0.3999999999999999,0.09375000000000007,0.24358974358974356,0.014285714285714294
0.8343558282208594,0.03644646924829161,0.014675052410901468,0.1,0.3999999999999999,0.07812500000000006,0.23076923076923073,0.014285714285714294
