temp,humd,co2,voc1,voc2,no2,eth,co
0.9325153374233134,0.03302961275626415,0.0,0.07142857142857142,0.3375000000000001,0.046875000000000035,0.17948717948717952,0.014285714285714294
0.9386503067484655,0.03302961275626415,0.0020964360587002098,0.1,0.3375000000000001,0.046875000000000035,0.17948717948717952,0.014285714285714294
0.9386503067484655,0.03302961275626415,0.0,0.1,0.3375000000000001,0.046875000000000035,0.17948717948717952,0.014285714285714294
0.9447852760736198,0.03189066059225527,0.0,0.15714285714285714,0.3375000000000001,0.046875000000000035,0.17948717948717952,0.014285714285714294
0.9447852760736198,0.030751708428245973,0.0,0.07142857142857142,0.3375000000000001,0.046875000000000035,0.17948717948717952,0.014285714285714294
0.9386503067484655,0.029612756264236685,0.0,0.04285714285714286,0.3375000000000001,0.046875000000000035,0.17948717948717952,0.014285714285714294
0.9386503067484655,0.029612756264236685,0.016771488469601678,0.08571428571428572,0.3375000000000001,0.046875000000000035,0.17948717948717952,0.014285714285714294
0.9386503067484655,0.028473804100227797,0.018867924528301886,0.11428571428571428,0.3375000000000001,0.046875000000000035,0.17948717948717952,0.014285714285714294
