temp,humd,co2,voc1,voc2,no2,eth,co
0.8773006134969331,0.025056947608200333,0.012578616352201259,0.014285714285714285,0.37499999999999983,0.06250000000000004,0.21794871794871803,0.014285714285714294
0.8834355828220853,0.02391799544419145,0.016771488469601678,0.04285714285714286,0.37499999999999983,0.06250000000000004,0.21794871794871803,0.014285714285714294
0.8773006134969331,0.025056947608200333,0.010482180293501049,0.04285714285714286,0.37499999999999983,0.06250000000000004,0.21794871794871803,0.014285714285714294
0.8834355828220853,0.025056947608200333,0.020964360587002098,0.02857142857142857,0.37499999999999983,0.06250000000000004,0.21794871794871803,0.014285714285714294
0.8834355828220853,0.025056947608200333,0.0041928721174004195,0.08571428571428572,0.37499999999999983,0.06250000000000004,0.21794871794871803,0.014285714285714294
0.8834355828220853,0.025056947608200333,0.027253668763102725,0.1,0.37499999999999983,0.06250000000000004,0.21794871794871803,0.014285714285714294
0.8834355828220853,0.026195899772209624,0.020964360587002098,0.1,0.37499999999999983,0.06250000000000004,0.21794871794871803,0.014285714285714294
0.8834355828220853,0.026195899772209624,0.025157232704402517,0.07142857142857142,0.37499999999999983,0.06250000000000004,0.21794871794871803,0.014285714285714294
