temp,humd,co2,voc1,voc2,no2,eth,co
0.926380368098159,0.04100227790432796,0.041928721174004195,0.2571428571428571,0.3499999999999998,0.046875000000000035,0.19230769230769235,0.014285714285714294
0.9325153374233134,0.04328018223234614,0.0440251572327044,0.1,0.3499999999999998,0.06250000000000004,0.19230769230769235,0.014285714285714294
0.926380368098159,0.04328018223234614,0.050314465408805034,0.12857142857142856,0.3499999999999998,0.046875000000000035,0.19230769230769235,0.014285714285714294
0.926380368098159,0.04441913439635543,0.039832285115303984,0.14285714285714285,0.3499999999999998,0.06250000000000004,0.19230769230769235,0.014285714285714294
0.926380368098159,0.04328018223234614,0.039832285115303984,0.12857142857142856,0.3499999999999998,0.06250000000000004,0.17948717948717952,0.014285714285714294
0.9325153374233134,0.046697038724373606,0.025157232704402517,0.14285714285714285,0.3499999999999998,0.046875000000000035,0.19230769230769235,0.014285714285714294
0.9325153374233134,0.045558086560364315,0.023060796645702306,0.17142857142857143,0.3375000000000001,0.06250000000000004,0.19230769230769235,0.014285714285714294
0.9325153374233134,0.04441913439635543,0.023060796645702306,0.07142857142857142,0.3499999999999998,0.046875000000000035,0.17948717948717952,0.014285714285714294
