temp,humd,co2,voc1,voc2,no2,eth,co
0.9447852760736198,0.022779043280182158,0.010482180293501049,0.0,0.3375000000000001,0.046875000000000035,0.17948717948717952,0.014285714285714294
0.950920245398772,0.02050113895216398,0.006289308176100629,0.08571428571428572,0.3375000000000001,0.046875000000000035,0.17948717948717952,0.014285714285714294
0.9447852760736198,0.02050113895216398,0.006289308176100629,0.05714285714285714,0.3375000000000001,0.046875000000000035,0.17948717948717952,0.014285714285714294
0.9447852760736198,0.018223234624145806,0.014675052410901468,0.05714285714285714,0.3375000000000001,0.046875000000000035,0.17948717948717952,0.014285714285714294
0.9447852760736198,0.018223234624145806,0.012578616352201259,0.07142857142857142,0.3375000000000001,0.046875000000000035,0.17948717948717952,0.014285714285714294
0.9447852760736198,0.018223234624145806,0.006289308176100629,0.08571428571428572,0.3375000000000001,0.03125000000000002,0.17948717948717952,0.0
0.9447852760736198,0.015945330296127633,0.0041928721174004195,0.0,0.3375000000000001,0.03125000000000002,0.17948717948717952,0.0
0.9447852760736198,0.01708428246013652,0.014675052410901468,0.08571428571428572,0.3375000000000001,0.046875000000000035,0.17948717948717952,0.014285714285714294
