temp,humd,co2,voc1,voc2,no2,eth,co
0.8404907975460115,0.0375854214123005,0.025157232704402517,0.05714285714285714,0.4124999999999999,0.07812500000000006,0.24358974358974356,0.014285714285714294
0.8404907975460115,0.0375854214123005,0.020964360587002098,0.02857142857142857,0.3999999999999999,0.07812500000000006,0.24358974358974356,0.014285714285714294
0.8404907975460115,0.03644646924829161,0.023060796645702306,0.11428571428571428,0.4124999999999999,0.07812500000000006,0.24358974358974356,0.014285714285714294
0.8404907975460115,0.0375854214123005,0.012578616352201259,0.07142857142857142,0.3999999999999999,0.07812500000000006,0.24358974358974356,0.014285714285714294
0.8404907975460115,0.0375854214123005,0.010482180293501049,0.02857142857142857,0.3999999999999999,0.07812500000000006,0.24358974358974356,0.014285714285714294
0.8404907975460115,0.03644646924829161,0.033542976939203356,0.05714285714285714,0.4124999999999999,0.07812500000000006,0.24358974358974356,0.014285714285714294
0.8404907975460115,0.0375854214123005,0.016771488469601678,0.14285714285714285,0.3999999999999999,0.07812500000000006,0.24358974358974356,0.014285714285714294
0.8404907975460115,0.03530751708428232,0.014675052410901468,0.05714285714285714,0.3999999999999999,0.07812500000000006,0.24358974358974356,0.014285714285714294
