temp,humd,co2,voc1,voc2,no2,eth,co
0.8711656441717788,0.02733485193621851,0.010482180293501049,0.0,0.37499999999999983,0.06250000000000004,0.21794871794871803,0.014285714285714294
0.8711656441717788,0.028473804100227797,0.012578616352201259,0.1,0.37499999999999983,0.06250000000000004,0.21794871794871803,0.014285714285714294
0.8711656441717788,0.026195899772209624,0.0041928721174004195,0.07142857142857142,0.37499999999999983,0.06250000000000004,0.21794871794871803,0.014285714285714294
0.8711656441717788,0.025056947608200333,0.006289308176100629,0.05714285714285714,0.37499999999999983,0.06250000000000004,0.21794871794871803,0.014285714285714294
0.8773006134969331,0.02733485193621851,0.006289308176100629,0.05714285714285714,0.37499999999999983,0.06250000000000004,0.21794871794871803,0.014285714285714294
0.8773006134969331,0.02733485193621851,0.0,0.0,0.37499999999999983,0.06250000000000004,0.21794871794871803,0.014285714285714294
0.8773006134969331,0.02733485193621851,0.020964360587002098,0.04285714285714286,0.37499999999999983,0.06250000000000004,0.21794871794871803,0.014285714285714294
0.8773006134969331,0.025056947608200333,0.0,0.0,0.37499999999999983,0.06250000000000004,0.21794871794871803,0.014285714285714294
