temp,humd,co2,voc1,voc2,no2,eth,co
0.9141104294478526,0.015945330296127633,0.014675052410901468,0.05714285714285714,0.3499999999999998,0.046875000000000035,0.19230769230769235,0.014285714285714294
0.9141104294478526,0.014806378132118343,0.016771488469601678,0.04285714285714286,0.3499999999999998,0.06250000000000004,0.19230769230769235,0.014285714285714294
0.9141104294478526,0.01708428246013652,0.006289308176100629,0.07142857142857142,0.3499999999999998,0.046875000000000035,0.19230769230769235,0.014285714285714294
0.9079754601226983,0.015945330296127633,0.0,0.12857142857142856,0.3499999999999998,0.06250000000000004,0.19230769230769235,0.014285714285714294
0.9141104294478526,0.01708428246013652,0.020964360587002098,0.05714285714285714,0.3499999999999998,0.046875000000000035,0.19230769230769235,0.014285714285714294
0.9141104294478526,0.015945330296127633,0.006289308176100629,0.08571428571428572,0.3499999999999998,0.046875000000000035,0.19230769230769235,0.014285714285714294
0.9141104294478526,0.014806378132118343,0.008385744234800839,0.014285714285714285,0.3499999999999998,0.046875000000000035,0.19230769230769235,0.014285714285714294
0.9141104294478526,0.013667425968109456,0.012578616352201259,0.04285714285714286,0.3499999999999998,0.046875000000000035,0.19230769230769235,0.014285714285714294
