temp,humd,co2,voc1,voc2,no2,eth,co
0.9079754601226983,0.01708428246013652,0.010482180293501049,0.08571428571428572,0.3624999999999998,0.06250000000000004,0.20512820512820518,0.014285714285714294
0.901840490797546,0.018223234624145806,0.018867924528301886,0.14285714285714285,0.3624999999999998,0.06250000000000004,0.20512820512820518,0.014285714285714294
0.9079754601226983,0.01708428246013652,0.016771488469601678,0.17142857142857143,0.3624999999999998,0.06250000000000004,0.20512820512820518,0.014285714285714294
0.901840490797546,0.018223234624145806,0.008385744234800839,0.14285714285714285,0.3624999999999998,0.06250000000000004,0.20512820512820518,0.014285714285714294
0.901840490797546,0.01708428246013652,0.008385744234800839,0.14285714285714285,0.3624999999999998,0.06250000000000004,0.20512820512820518,0.014285714285714294
0.901840490797546,0.018223234624145806,0.008385744234800839,0.14285714285714285,0.3624999999999998,0.06250000000000004,0.20512820512820518,0.014285714285714294
0.901840490797546,0.015945330296127633,0.006289308176100629,0.14285714285714285,0.3624999999999998,0.06250000000000004,0.20512820512820518,0.014285714285714294
0.901840490797546,0.018223234624145806,0.006289308176100629,0.12857142857142856,0.3624999999999998,0.06250000000000004,0.20512820512820518,0.014285714285714294
