temp,humd,co2,voc1,voc2,no2,eth,co
0.9079754601226983,0.01936218678815469,0.0,0.0,0.3624999999999998,0.06250000000000004,0.20512820512820518,0.014285714285714294
0.901840490797546,0.02050113895216398,0.029350104821802937,0.14285714285714285,0.3624999999999998,0.06250000000000004,0.20512820512820518,0.014285714285714294
0.901840490797546,0.01936218678815469,0.025157232704402517,0.18571428571428572,0.3624999999999998,0.06250000000000004,0.20512820512820518,0.014285714285714294
0.901840490797546,0.018223234624145806,0.025157232704402517,0.2,0.3624999999999998,0.06250000000000004,0.20512820512820518,0.014285714285714294
0.901840490797546,0.018223234624145806,0.014675052410901468,0.2,0.3624999999999998,0.06250000000000004,0.20512820512820518,0.014285714285714294
0.901840490797546,0.018223234624145806,0.027253668763102725,0.12857142857142856,0.3624999999999998,0.06250000000000004,0.20512820512820518,0.014285714285714294
0.901840490797546,0.02050113895216398,0.012578616352201259,0.07142857142857142,0.3624999999999998,0.06250000000000004,0.20512820512820518,0.014285714285714294
0.901840490797546,0.015945330296127633,0.008385744234800839,0.07142857142857142,0.3624999999999998,0.06250000000000004,0.20512820512820518,0.014285714285714294
