temp,humd,co2,voc1,voc2,no2,eth,co
0.8957055214723918,0.01936218678815469,0.023060796645702306,0.1,0.3624999999999998,0.06250000000000004,0.20512820512820518,0.014285714285714294
0.901840490797546,0.01936218678815469,0.014675052410901468,0.14285714285714285,0.3624999999999998,0.06250000000000004,0.20512820512820518,0.014285714285714294
0.901840490797546,0.018223234624145806,0.0,0.04285714285714286,0.3624999999999998,0.06250000000000004,0.20512820512820518,0.014285714285714294
0.901840490797546,0.018223234624145806,0.008385744234800839,0.07142857142857142,0.3624999999999998,0.06250000000000004,0.20512820512820518,0.014285714285714294
0.901840490797546,0.018223234624145806,0.014675052410901468,0.08571428571428572,0.3624999999999998,0.06250000000000004,0.20512820512820518,0.014285714285714294
0.9079754601226983,0.018223234624145806,0.014675052410901468,0.08571428571428572,0.3624999999999998,0.06250000000000004,0.20512820512820518,0.028571428571428588
0.901840490797546,0.018223234624145806,0.025157232704402517,0.14285714285714285,0.3624999999999998,0.06250000000000004,0.20512820512820518,0.014285714285714294
0.901840490797546,0.018223234624145806,0.025157232704402517,0.08571428571428572,0.3624999999999998,0.06250000000000004,0.20512820512820518,0.014285714285714294
