temp,humd,co2,voc1,voc2,no2,eth,co
0.8650306748466245,0.029612756264236685,0.0020964360587002098,0.04285714285714286,0.37499999999999983,0.06250000000000004,0.21794871794871803,0.014285714285714294
0.8650306748466245,0.029612756264236685,0.0,0.11428571428571428,0.37499999999999983,0.07812500000000006,0.21794871794871803,0.014285714285714294
0.8650306748466245,0.030751708428245973,0.0,0.05714285714285714,0.37499999999999983,0.06250000000000004,0.21794871794871803,0.014285714285714294
0.8650306748466245,0.029612756264236685,0.012578616352201259,0.08571428571428572,0.37499999999999983,0.06250000000000004,0.21794871794871803,0.014285714285714294
0.8650306748466245,0.029612756264236685,0.0,0.0,0.37499999999999983,0.06250000000000004,0.21794871794871803,0.014285714285714294
0.8650306748466245,0.030751708428245973,0.012578616352201259,0.08571428571428572,0.37499999999999983,0.06250000000000004,0.21794871794871803,0.014285714285714294
0.8650306748466245,0.029612756264236685,0.0,0.014285714285714285,0.37499999999999983,0.06250000000000004,0.21794871794871803,0.014285714285714294
0.8650306748466245,0.02733485193621851,0.012578616352201259,0.08571428571428572,0.37499999999999983,0.06250000000000004,0.21794871794871803,0.014285714285714294
