temp,humd,co2,voc1,voc2,no2,eth,co
0.901840490797546,0.018223234624145806,0.008385744234800839,0.014285714285714285,0.37499999999999983,0.06250000000000004,0.20512820512820518,0.014285714285714294
0.901840490797546,0.018223234624145806,0.016771488469601678,0.04285714285714286,0.3624999999999998,0.06250000000000004,0.20512820512820518,0.014285714285714294
0.9079754601226983,0.01936218678815469,0.018867924528301886,0.08571428571428572,0.37499999999999983,0.06250000000000004,0.20512820512820518,0.014285714285714294
0.901840490797546,0.01936218678815469,0.012578616352201259,0.07142857142857142,0.3624999999999998,0.06250000000000004,0.20512820512820518,0.014285714285714294
0.901840490797546,0.01936218678815469,0.018867924528301886,0.04285714285714286,0.3624999999999998,0.06250000000000004,0.20512820512820518,0.014285714285714294
0.9079754601226983,0.01936218678815469,0.018867924528301886,0.07142857142857142,0.3624999999999998,0.06250000000000004,0.20512820512820518,0.014285714285714294
0.901840490797546,0.01936218678815469,0.010482180293501049,0.05714285714285714,0.37499999999999983,0.06250000000000004,0.20512820512820518,0.014285714285714294
0.901840490797546,0.018223234624145806,0.0,0.02857142857142857,0.37499999999999983,0.06250000000000004,0.20512820512820518,0.014285714285714294
