temp,humd,co2,voc1,voc2,no2,eth,co
0.8711656441717788,0.23576309794988579,0.19916142557651992,0.2857142857142857,0.11249999999999985,0.09375000000000007,0.08974358974358969,0.3142857142857145
0.8711656441717788,0.23690205011389548,0.16142557651991615,0.2714285714285714,0.11249999999999985,0.09375000000000007,0.08974358974358969,0.3000000000000002
0.8650306748466245,0.23576309794988579,0.13626834381551362,0.2571428571428571,0.11249999999999985,0.07812500000000006,0.08974358974358969,0.3000000000000002
0.8711656441717788,0.23690205011389548,0.09643605870020965,0.2,0.11249999999999985,0.07812500000000006,0.08974358974358969,0.3000000000000002
0.8650306748466245,0.23462414578587693,0.07547169811320754,0.2571428571428571,0.09999999999999984,0.07812500000000006,0.08974358974358969,0.2857142857142859
0.8650306748466245,0.23462414578587693,0.07127882599580712,0.2714285714285714,0.09999999999999984,0.07812500000000006,0.08974358974358969,0.2857142857142859
0.8650306748466245,0.23462414578587693,0.039832285115303984,0.2571428571428571,0.09999999999999984,0.07812500000000006,0.08974358974358969,0.2857142857142859
0.8650306748466245,0.23576309794988579,0.04821802935010482,0.2,0.11249999999999985,0.07812500000000006,0.08974358974358969,0.2857142857142859
