temp,humd,co2,voc1,voc2,no2,eth,co
0.8650306748466245,0.23804100227790437,0.03563941299790356,0.22857142857142856,0.11249999999999985,0.07812500000000006,0.08974358974358969,0.2714285714285716
0.8650306748466245,0.23576309794988579,0.033542976939203356,0.24285714285714285,0.09999999999999984,0.07812500000000006,0.08974358974358969,0.2857142857142859
0.8650306748466245,0.23690205011389548,0.033542976939203356,0.18571428571428572,0.09999999999999984,0.07812500000000006,0.08974358974358969,0.2857142857142859
0.8650306748466245,0.23917995444191326,0.04821802935010482,0.15714285714285714,0.11249999999999985,0.07812500000000006,0.08974358974358969,0.2857142857142859
0.8650306748466245,0.24145785876993184,0.050314465408805034,0.21428571428571427,0.09999999999999984,0.07812500000000006,0.08974358974358969,0.3000000000000002
0.8588957055214723,0.24145785876993184,0.04821802935010482,0.2,0.09999999999999984,0.07812500000000006,0.08974358974358969,0.3000000000000002
0.8588957055214723,0.24373576309794961,0.05450733752620545,0.18571428571428572,0.09999999999999984,0.07812500000000006,0.08974358974358969,0.3000000000000002
0.8650306748466245,0.2460136674259682,0.04612159329140461,0.18571428571428572,0.09999999999999984,0.07812500000000006,0.08974358974358969,0.3142857142857145
