temp,humd,co2,voc1,voc2,no2,eth,co
0.9693251533742328,0.3507972665148067,0.0,0.2714285714285714,0.12499999999999986,0.09375000000000007,0.11538461538461536,0.2285714285714287
0.9631901840490784,0.3473804100227792,0.0,0.32857142857142857,0.12499999999999986,0.10937500000000007,0.11538461538461536,0.2285714285714287
0.9631901840490784,0.34282460136674286,0.0,0.32857142857142857,0.13749999999999987,0.10937500000000007,0.11538461538461536,0.24285714285714302
0.9631901840490784,0.3416856492027332,0.0,0.34285714285714286,0.12499999999999986,0.09375000000000007,0.11538461538461536,0.2571428571428573
0.9631901840490784,0.3394077448747154,0.0,0.34285714285714286,0.13749999999999987,0.10937500000000007,0.11538461538461536,0.2714285714285716
0.9631901840490784,0.3359908883826879,0.023060796645702306,0.2857142857142857,0.12499999999999986,0.10937500000000007,0.11538461538461536,0.2857142857142859
0.9570552147239263,0.33485193621867904,0.031446540880503145,0.3142857142857143,0.12499999999999986,0.10937500000000007,0.11538461538461536,0.3000000000000002
0.9570552147239263,0.33371298405466937,0.03563941299790356,0.32857142857142857,0.12499999999999986,0.09375000000000007,0.11538461538461536,0.3000000000000002
