temp,humd,co2,voc1,voc2,no2,eth,co
0.8650306748466245,0.2813211845102509,0.0,0.22857142857142856,0.09999999999999984,0.09375000000000007,0.08974358974358969,0.2857142857142859
0.8711656441717788,0.2870159453302962,0.0,0.22857142857142856,0.09999999999999984,0.09375000000000007,0.08974358974358969,0.2857142857142859
0.8711656441717788,0.2904328018223236,0.0,0.15714285714285714,0.09999999999999984,0.09375000000000007,0.08974358974358969,0.2714285714285716
0.8711656441717788,0.29612756264236884,0.0,0.24285714285714285,0.09999999999999984,0.09375000000000007,0.08974358974358969,0.2714285714285716
0.8773006134969331,0.29840546697038745,0.0,0.21428571428571427,0.11249999999999985,0.09375000000000007,0.08974358974358969,0.2857142857142859
0.8773006134969331,0.30523917995444155,0.0,0.15714285714285714,0.11249999999999985,0.09375000000000007,0.08974358974358969,0.2857142857142859
0.8711656441717788,0.3109339407744876,0.0,0.18571428571428572,0.11249999999999985,0.09375000000000007,0.08974358974358969,0.2857142857142859
0.8711656441717788,0.31776765375854255,0.0,0.22857142857142856,0.11249999999999985,0.09375000000000007,0.08974358974358969,0.2714285714285716
