temp,humd,co2,voc1,voc2,no2,eth,co
0.9447852760736198,0.38952164009111606,0.5241090146750524,0.7,0.1624999999999999,0.1562500000000001,0.16666666666666669,0.4857142857142857
0.9447852760736198,0.39179954441913467,0.5450733752620545,0.7142857142857143,0.1749999999999999,0.1562500000000001,0.16666666666666669,0.4857142857142857
0.950920245398772,0.39407744874715245,0.5765199161425576,0.6285714285714286,0.1624999999999999,0.1562500000000001,0.16666666666666669,0.5
0.9447852760736198,0.39407744874715245,0.6016771488469602,0.6571428571428571,0.1749999999999999,0.1562500000000001,0.16666666666666669,0.5
0.950920245398772,0.39407744874715245,0.6247379454926625,0.6857142857142857,0.1624999999999999,0.1562500000000001,0.15384615384615385,0.5
0.950920245398772,0.3974943052391799,0.6729559748427673,0.7571428571428571,0.1624999999999999,0.1562500000000001,0.16666666666666669,0.5142857142857143
0.950920245398772,0.3974943052391799,0.6687631027253669,0.8,0.1749999999999999,0.1562500000000001,0.15384615384615385,0.5142857142857143
0.950920245398772,0.40091116173120733,0.6708595387840671,0.7714285714285715,0.1624999999999999,0.1562500000000001,0.16666666666666669,0.5142857142857143
