temp,humd,co2,voc1,voc2,no2,eth,co
0.926380368098159,0.2642369020501136,0.0,0.15714285714285714,0.12499999999999986,0.09375000000000007,0.10256410256410252,0.20000000000000012
0.926380368098159,0.2642369020501136,0.0,0.11428571428571428,0.12499999999999986,0.09375000000000007,0.10256410256410252,0.20000000000000012
0.926380368098159,0.2630979498861047,0.0,0.17142857142857143,0.11249999999999985,0.09375000000000007,0.10256410256410252,0.20000000000000012
0.9202453987730047,0.25968109339407724,0.0,0.12857142857142856,0.12499999999999986,0.09375000000000007,0.10256410256410252,0.18571428571428583
0.9202453987730047,0.25854214123006836,0.0,0.18571428571428572,0.11249999999999985,0.09375000000000007,0.10256410256410252,0.20000000000000012
0.9202453987730047,0.25740318906605947,0.0,0.04285714285714286,0.11249999999999985,0.09375000000000007,0.10256410256410252,0.20000000000000012
0.9141104294478526,0.2562642369020498,0.0,0.2,0.11249999999999985,0.09375000000000007,0.10256410256410252,0.20000000000000012
0.9141104294478526,0.25284738041002314,0.0,0.14285714285714285,0.11249999999999985,0.09375000000000007,0.10256410256410252,0.18571428571428583
