temp,humd,co2,voc1,voc2,no2,eth,co
0.9202453987730047,0.3359908883826879,0.15513626834381553,0.4142857142857143,0.1749999999999999,0.1562500000000001,0.16666666666666669,0.3285714285714288
0.926380368098159,0.3371298405466968,0.20964360587002095,0.4142857142857143,0.1749999999999999,0.1562500000000001,0.16666666666666669,0.35714285714285704
0.926380368098159,0.3359908883826879,0.2557651991614256,0.4714285714285714,0.1624999999999999,0.1562500000000001,0.16666666666666669,0.35714285714285704
0.926380368098159,0.3371298405466968,0.31865828092243187,0.45714285714285713,0.1749999999999999,0.1562500000000001,0.16666666666666669,0.37142857142857133
0.9202453987730047,0.3359908883826879,0.350104821802935,0.5,0.1624999999999999,0.1562500000000001,0.16666666666666669,0.3857142857142856
0.926380368098159,0.33826879271070653,0.3752620545073375,0.45714285714285713,0.1749999999999999,0.1562500000000001,0.16666666666666669,0.41428571428571426
0.9202453987730047,0.3371298405466968,0.389937106918239,0.4857142857142857,0.1749999999999999,0.1562500000000001,0.16666666666666669,0.42857142857142855
0.926380368098159,0.3394077448747154,0.4171907756813417,0.5571428571428572,0.1624999999999999,0.1562500000000001,0.16666666666666669,0.44285714285714284
