temp,humd,co2,voc1,voc2,no2,eth,co
0.950920245398772,0.31435079726651505,0.0,0.2857142857142857,0.12499999999999986,0.09375000000000007,0.11538461538461536,0.2571428571428573
0.9447852760736198,0.3097949886104787,0.0,0.2714285714285714,0.12499999999999986,0.09375000000000007,0.11538461538461536,0.24285714285714302
0.9447852760736198,0.30865603644646905,0.0,0.2571428571428571,0.12499999999999986,0.09375000000000007,0.11538461538461536,0.24285714285714302
0.9447852760736198,0.30523917995444155,0.0,0.2857142857142857,0.12499999999999986,0.09375000000000007,0.11538461538461536,0.24285714285714302
0.9447852760736198,0.30410022779043266,0.0,0.2714285714285714,0.12499999999999986,0.09375000000000007,0.11538461538461536,0.2285714285714287
0.9447852760736198,0.3029612756264238,0.0,0.35714285714285715,0.12499999999999986,0.09375000000000007,0.11538461538461536,0.2285714285714287
0.9447852760736198,0.3006833712984052,0.0,0.32857142857142857,0.12499999999999986,0.09375000000000007,0.11538461538461536,0.2285714285714287
0.9447852760736198,0.29840546697038745,0.0,0.2714285714285714,0.12499999999999986,0.09375000000000007,0.11538461538461536,0.2285714285714287
