temp,humd,co2,voc1,voc2,no2,eth,co
0.8895705521472396,0.23462414578587693,0.0,0.12857142857142856,0.11249999999999985,0.07812500000000006,0.08974358974358969,0.18571428571428583
0.8895705521472396,0.23576309794988579,0.0,0.07142857142857142,0.11249999999999985,0.07812500000000006,0.08974358974358969,0.18571428571428583
0.8895705521472396,0.23348519362186804,0.0,0.0,0.11249999999999985,0.07812500000000006,0.08974358974358969,0.18571428571428583
0.8895705521472396,0.23348519362186804,0.0,0.1,0.11249999999999985,0.07812500000000006,0.08974358974358969,0.18571428571428583
0.8834355828220853,0.23120728929384946,0.0,0.07142857142857142,0.11249999999999985,0.09375000000000007,0.08974358974358969,0.18571428571428583
0.8895705521472396,0.23120728929384946,0.0,0.014285714285714285,0.11249999999999985,0.07812500000000006,0.08974358974358969,0.18571428571428583
0.8834355828220853,0.23006833712984057,0.0,0.04285714285714286,0.11249999999999985,0.07812500000000006,0.08974358974358969,0.18571428571428583
0.8834355828220853,0.23120728929384946,0.0,0.02857142857142857,0.11249999999999985,0.07812500000000006,0.08974358974358969,0.18571428571428583
