temp,humd,co2,voc1,voc2,no2,eth,co
0.9938650306748457,0.4533029612756266,0.5765199161425576,0.9285714285714286,0.1624999999999999,0.1406250000000001,0.15384615384615385,0.5428571428571429
0.9938650306748457,0.45444191343963547,0.5723270440251572,0.9571428571428572,0.1624999999999999,0.1406250000000001,0.15384615384615385,0.5428571428571429
0.9938650306748457,0.4601366742596815,0.559748427672956,0.9857142857142858,0.1624999999999999,0.1562500000000001,0.15384615384615385,0.5571428571428572
0.9938650306748457,0.4635535307517082,0.5366876310272537,0.9428571428571428,0.1624999999999999,0.1406250000000001,0.14102564102564102,0.5571428571428572
0.9938650306748457,0.4624145785876993,0.5178197064989518,1.0,0.1624999999999999,0.1406250000000001,0.14102564102564102,0.5571428571428572
0.9938650306748457,0.4703872437357631,0.5073375262054507,0.9857142857142858,0.1624999999999999,0.1406250000000001,0.14102564102564102,0.5571428571428572
0.9938650306748457,0.4726651480637817,0.4968553459119497,0.9428571428571428,0.1624999999999999,0.1406250000000001,0.14102564102564102,0.5571428571428572
0.9938650306748457,0.47380410022779057,0.4863731656184486,0.9571428571428572,0.1624999999999999,0.1406250000000001,0.15384615384615385,0.5571428571428572
