temp,humd,co2,voc1,voc2,no2,eth,co
0.8773006134969331,0.23234624145785915,0.0,0.0,0.11249999999999985,0.09375000000000007,0.08974358974358969,0.18571428571428583
0.8834355828220853,0.23006833712984057,0.0,0.04285714285714286,0.11249999999999985,0.07812500000000006,0.08974358974358969,0.20000000000000012
0.8773006134969331,0.23120728929384946,0.0,0.014285714285714285,0.11249999999999985,0.07812500000000006,0.08974358974358969,0.2142857142857144
0.8834355828220853,0.23120728929384946,0.0,0.1,0.11249999999999985,0.09375000000000007,0.08974358974358969,0.24285714285714302
0.8834355828220853,0.23006833712984057,0.023060796645702306,0.04285714285714286,0.11249999999999985,0.07812500000000006,0.08974358974358969,0.2714285714285716
0.8773006134969331,0.23234624145785915,0.09224318658280922,0.11428571428571428,0.11249999999999985,0.09375000000000007,0.08974358974358969,0.2857142857142859
0.8711656441717788,0.23234624145785915,0.16981132075471697,0.12857142857142856,0.11249999999999985,0.07812500000000006,0.08974358974358969,0.2857142857142859
0.8773006134969331,0.23234624145785915,0.2389937106918239,0.15714285714285714,0.11249999999999985,0.09375000000000007,0.08974358974358969,0.3142857142857145
