temp,humd,co2,voc1,voc2,no2,eth,co
0.8711656441717788,0.32460136674259665,0.0,0.21428571428571427,0.11249999999999985,0.09375000000000007,0.08974358974358969,0.2714285714285716
0.8773006134969331,0.3302961275626427,0.0,0.15714285714285714,0.11249999999999985,0.09375000000000007,0.08974358974358969,0.2714285714285716
0.8773006134969331,0.33826879271070653,0.0,0.2,0.11249999999999985,0.09375000000000007,0.08974358974358969,0.2714285714285716
0.8711656441717788,0.3473804100227792,0.0,0.21428571428571427,0.11249999999999985,0.09375000000000007,0.08974358974358969,0.2714285714285716
0.8711656441717788,0.3519362186788156,0.0,0.2,0.11249999999999985,0.09375000000000007,0.08974358974358969,0.2714285714285716
0.8773006134969331,0.3587699316628705,0.0,0.14285714285714285,0.09999999999999984,0.09375000000000007,0.08974358974358969,0.2714285714285716
0.8773006134969331,0.36446469248291574,0.0,0.22857142857142856,0.11249999999999985,0.09375000000000007,0.08974358974358969,0.2571428571428573
0.8773006134969331,0.37015945330296096,0.0,0.14285714285714285,0.09999999999999984,0.09375000000000007,0.08974358974358969,0.2571428571428573
