temp,humd,co2,voc1,voc2,no2,eth,co
0.950920245398772,0.4020501138952162,0.6666666666666666,0.9,0.1624999999999999,0.1562500000000001,0.15384615384615385,0.5285714285714286
0.950920245398772,0.4020501138952162,0.6708595387840671,0.8142857142857143,0.1624999999999999,0.1562500000000001,0.15384615384615385,0.5285714285714286
0.950920245398772,0.40432801822323483,0.6624737945492662,0.8285714285714286,0.1624999999999999,0.1562500000000001,0.15384615384615385,0.5285714285714286
0.9570552147239263,0.4054669703872437,0.649895178197065,0.8,0.1624999999999999,0.1562500000000001,0.15384615384615385,0.5428571428571429
0.9570552147239263,0.4077448747152623,0.6331236897274634,0.8142857142857143,0.1624999999999999,0.1562500000000001,0.15384615384615385,0.5428571428571429
0.9631901840490784,0.40888382687927116,0.5953878406708596,0.8285714285714286,0.1624999999999999,0.1562500000000001,0.15384615384615385,0.5285714285714286
0.9631901840490784,0.41116173120728977,0.5765199161425576,0.8142857142857143,0.1624999999999999,0.1562500000000001,0.15384615384615385,0.5285714285714286
0.9631901840490784,0.4134396355353075,0.5534591194968553,0.8571428571428571,0.1624999999999999,0.1562500000000001,0.15384615384615385,0.5285714285714286
