temp,humd,co2,voc1,voc2,no2,eth,co
0.9815950920245392,0.42824601366742626,0.3941299790356394,0.7571428571428571,0.1624999999999999,0.1406250000000001,0.15384615384615385,0.5
0.9754601226993849,0.42824601366742626,0.38784067085953877,0.8857142857142857,0.1624999999999999,0.1406250000000001,0.15384615384615385,0.4857142857142857
0.9754601226993849,0.4271070615034166,0.38155136268343814,0.7857142857142857,0.1624999999999999,0.1406250000000001,0.15384615384615385,0.4714285714285714
0.9754601226993849,0.42824601366742626,0.35639412997903563,0.8,0.1624999999999999,0.1406250000000001,0.15384615384615385,0.45714285714285713
0.9815950920245392,0.42824601366742626,0.350104821802935,0.7714285714285715,0.1624999999999999,0.1406250000000001,0.15384615384615385,0.45714285714285713
0.9815950920245392,0.4259681093394077,0.3668763102725367,0.8,0.1624999999999999,0.1406250000000001,0.15384615384615385,0.45714285714285713
0.9815950920245392,0.4259681093394077,0.3668763102725367,0.8428571428571429,0.14999999999999988,0.1406250000000001,0.15384615384615385,0.45714285714285713
0.9815950920245392,0.42824601366742626,0.36268343815513626,0.8,0.1624999999999999,0.1406250000000001,0.15384615384615385,0.45714285714285713
