temp,humd,co2,voc1,voc2,no2,eth,co
0.9386503067484655,0.3678815489749432,0.25366876310272535,0.5714285714285714,0.1624999999999999,0.1562500000000001,0.16666666666666669,0.45714285714285713
0.9386503067484655,0.3712984054669707,0.24528301886792453,0.5714285714285714,0.1624999999999999,0.1562500000000001,0.16666666666666669,0.44285714285714284
0.9386503067484655,0.37357630979498846,0.2662473794549266,0.5285714285714286,0.1749999999999999,0.1562500000000001,0.16666666666666669,0.45714285714285713
0.9386503067484655,0.37927107061503446,0.27882599580712786,0.5142857142857142,0.1624999999999999,0.1562500000000001,0.16666666666666669,0.44285714285714284
0.9447852760736198,0.38268792710706195,0.3081761006289308,0.5714285714285714,0.1749999999999999,0.1562500000000001,0.16666666666666669,0.44285714285714284
0.9447852760736198,0.38496583143507973,0.3731656184486373,0.5857142857142857,0.1749999999999999,0.1562500000000001,0.16666666666666669,0.45714285714285713
0.9447852760736198,0.38496583143507973,0.44234800838574423,0.6714285714285714,0.1624999999999999,0.1562500000000001,0.16666666666666669,0.45714285714285713
0.9447852760736198,0.3861047835990886,0.48218029350104824,0.6285714285714286,0.1749999999999999,0.1562500000000001,0.16666666666666669,0.4714285714285714
