temp,humd,co2,voc1,voc2,no2,eth,co
0.9877300613496935,0.4145785876993164,0.0,0.5,0.13749999999999987,0.12500000000000008,0.1282051282051282,0.2857142857142859
0.9877300613496935,0.41230068337129866,0.0,0.45714285714285713,0.13749999999999987,0.10937500000000007,0.1282051282051282,0.2857142857142859
0.9877300613496935,0.4077448747152623,0.0,0.44285714285714284,0.13749999999999987,0.10937500000000007,0.1282051282051282,0.2857142857142859
0.9877300613496935,0.40318906605922594,0.0,0.4714285714285714,0.13749999999999987,0.10937500000000007,0.1282051282051282,0.2857142857142859
0.9877300613496935,0.3986332574031888,0.0,0.37142857142857144,0.13749999999999987,0.10937500000000007,0.1282051282051282,0.2714285714285716
0.9877300613496935,0.39407744874715245,0.0,0.4857142857142857,0.13749999999999987,0.10937500000000007,0.1282051282051282,0.2714285714285716
0.9815950920245392,0.39066059225512495,0.0,0.4714285714285714,0.13749999999999987,0.10937500000000007,0.1282051282051282,0.2714285714285716
0.9815950920245392,0.3872437357630983,0.0,0.42857142857142855,0.13749999999999987,0.10937500000000007,0.1282051282051282,0.2571428571428573
