temp,humd,co2,voc1,voc2,no2,eth,co
0.9079754601226983,0.25284738041002314,0.0,0.17142857142857143,0.11249999999999985,0.09375000000000007,0.10256410256410252,0.20000000000000012
0.9079754601226983,0.2517084282460134,0.0,0.14285714285714285,0.11249999999999985,0.09375000000000007,0.10256410256410252,0.18571428571428583
0.9079754601226983,0.2517084282460134,0.0,0.14285714285714285,0.11249999999999985,0.09375000000000007,0.10256410256410252,0.18571428571428583
0.9079754601226983,0.24715261958997709,0.0,0.17142857142857143,0.11249999999999985,0.09375000000000007,0.10256410256410252,0.18571428571428583
0.9079754601226983,0.24715261958997709,0.0,0.12857142857142856,0.11249999999999985,0.09375000000000007,0.10256410256410252,0.18571428571428583
0.9079754601226983,0.2448747152619593,0.0,0.11428571428571428,0.11249999999999985,0.09375000000000007,0.10256410256410252,0.18571428571428583
0.901840490797546,0.24373576309794961,0.0,0.08571428571428572,0.11249999999999985,0.09375000000000007,0.10256410256410252,0.18571428571428583
0.901840490797546,0.24259681093394073,0.0,0.15714285714285714,0.11249999999999985,0.09375000000000007,0.10256410256410252,0.18571428571428583
