temp,humd,co2,voc1,voc2,no2,eth,co
0.9693251533742328,0.416856492027335,0.5366876310272537,0.8571428571428571,0.1624999999999999,0.1562500000000001,0.15384615384615385,0.5285714285714286
0.9693251533742328,0.41913439635535277,0.519916142557652,0.8428571428571429,0.1624999999999999,0.1406250000000001,0.15384615384615385,0.5285714285714286
0.9693251533742328,0.42027334851936243,0.5094339622641509,0.8571428571428571,0.1624999999999999,0.1406250000000001,0.15384615384615385,0.5285714285714286
0.9754601226993849,0.4225512528473802,0.4989517819706499,0.8857142857142857,0.1624999999999999,0.1406250000000001,0.15384615384615385,0.5285714285714286
0.9754601226993849,0.4248291571753988,0.48218029350104824,0.9,0.1624999999999999,0.1406250000000001,0.15384615384615385,0.5142857142857143
0.9754601226993849,0.4271070615034166,0.44863731656184486,0.8285714285714286,0.1624999999999999,0.1406250000000001,0.15384615384615385,0.5142857142857143
0.9754601226993849,0.4259681093394077,0.4381551362683438,0.8857142857142857,0.1624999999999999,0.1406250000000001,0.15384615384615385,0.5142857142857143
0.9754601226993849,0.42824601366742626,0.41509433962264153,0.7571428571428571,0.1624999999999999,0.1406250000000001,0.15384615384615385,0.5142857142857143
