temp,humd,co2,voc1,voc2,no2,eth,co
0.8220858895705507,0.4521640091116177,0.09014675052410902,0.44285714285714284,0.28750000000000003,0.45312499999999994,0.2948717948717949,0.3999999999999999
0.8282208588957051,0.4533029612756266,0.07756813417190776,0.5714285714285714,0.28750000000000003,0.43749999999999994,0.2948717948717949,0.3999999999999999
0.8282208588957051,0.45444191343963547,0.09014675052410902,0.5,0.28750000000000003,0.45312499999999994,0.2948717948717949,0.3857142857142856
0.8282208588957051,0.45444191343963547,0.08385744234800839,0.4714285714285714,0.28750000000000003,0.45312499999999994,0.2948717948717949,0.3857142857142856
0.8282208588957051,0.4533029612756266,0.06708595387840671,0.44285714285714284,0.28750000000000003,0.45312499999999994,0.2948717948717949,0.3857142857142856
0.8282208588957051,0.4521640091116177,0.07337526205450734,0.44285714285714284,0.28750000000000003,0.43749999999999994,0.2948717948717949,0.37142857142857133
0.8282208588957051,0.4521640091116177,0.07966457023060797,0.42857142857142855,0.28750000000000003,0.43749999999999994,0.2948717948717949,0.3857142857142856
0.8343558282208594,0.45444191343963547,0.10062893081761007,0.4714285714285714,0.28750000000000003,0.43749999999999994,0.2948717948717949,0.3857142857142856
