temp,humd,co2,voc1,voc2,no2,eth,co
0.8343558282208594,0.45899772209567186,0.008385744234800839,0.4,0.28750000000000003,0.40624999999999994,0.28205128205128205,0.35714285714285704
0.8343558282208594,0.4601366742596815,0.0,0.4142857142857143,0.28750000000000003,0.40624999999999994,0.28205128205128205,0.35714285714285704
0.8343558282208594,0.4601366742596815,0.010482180293501049,0.45714285714285713,0.275,0.39062499999999994,0.28205128205128205,0.3428571428571431
0.8404907975460115,0.45899772209567186,0.006289308176100629,0.37142857142857144,0.275,0.39062499999999994,0.28205128205128205,0.3285714285714288
0.8343558282208594,0.45785876993166297,0.0,0.37142857142857144,0.275,0.39062499999999994,0.28205128205128205,0.3285714285714288
0.8404907975460115,0.45899772209567186,0.0041928721174004195,0.4142857142857143,0.275,0.3750000000000001,0.28205128205128205,0.3285714285714288
0.8404907975460115,0.45558086560364436,0.006289308176100629,0.34285714285714286,0.275,0.39062499999999994,0.28205128205128205,0.3285714285714288
0.8404907975460115,0.45444191343963547,0.006289308176100629,0.3,0.275,0.3750000000000001,0.28205128205128205,0.3285714285714288
