temp,humd,co2,voc1,voc2,no2,eth,co
0.7116564417177904,0.3769931662870159,0.0,0.4142857142857143,0.31250000000000006,0.6250000000000001,0.2564102564102564,0.2857142857142859
0.7055214723926382,0.3769931662870159,0.0,0.4142857142857143,0.31250000000000006,0.6250000000000001,0.2564102564102564,0.2857142857142859
0.7116564417177904,0.37927107061503446,0.0,0.34285714285714286,0.31250000000000006,0.6250000000000001,0.2564102564102564,0.2857142857142859
0.7116564417177904,0.3747152619589981,0.0,0.4142857142857143,0.31250000000000006,0.6250000000000001,0.2564102564102564,0.2857142857142859
0.7116564417177904,0.37357630979498846,0.0,0.37142857142857144,0.31250000000000006,0.6250000000000001,0.2564102564102564,0.2857142857142859
0.7116564417177904,0.37357630979498846,0.0,0.4,0.31250000000000006,0.6093750000000001,0.2564102564102564,0.2857142857142859
0.7177914110429447,0.37357630979498846,0.0,0.4142857142857143,0.31250000000000006,0.6093750000000001,0.2564102564102564,0.2857142857142859
0.7116564417177904,0.37243735763097957,0.0,0.45714285714285713,0.31250000000000006,0.5937500000000001,0.2564102564102564,0.2857142857142859
