temp,humd,co2,voc1,voc2,no2,eth,co
0.7791411042944792,0.3587699316628705,0.0,0.2857142857142857,0.31250000000000006,0.5,0.32051282051282054,0.2714285714285716
0.7730061349693249,0.3564920273348519,0.0,0.17142857142857143,0.31250000000000006,0.515625,0.32051282051282054,0.2714285714285716
0.7791411042944792,0.35307517084282447,0.0,0.2714285714285714,0.31250000000000006,0.5,0.32051282051282054,0.2714285714285716
0.7791411042944792,0.3519362186788156,0.0,0.3142857142857143,0.31250000000000006,0.5,0.3076923076923077,0.2714285714285716
0.7730061349693249,0.3485193621867881,0.0,0.2714285714285714,0.31250000000000006,0.515625,0.3076923076923077,0.2714285714285716
0.7730061349693249,0.3462414578587703,0.0,0.24285714285714285,0.31250000000000006,0.515625,0.3076923076923077,0.2714285714285716
0.7791411042944792,0.34510250569476064,0.0,0.24285714285714285,0.31250000000000006,0.53125,0.3076923076923077,0.2714285714285716
0.7730061349693249,0.34282460136674286,0.0,0.22857142857142856,0.31250000000000006,0.546875,0.3076923076923077,0.2714285714285716
