temp,humd,co2,voc1,voc2,no2,eth,co
0.852760736196318,0.4430523917995442,0.18448637316561844,0.4142857142857143,0.275,0.3750000000000001,0.28205128205128205,0.3857142857142856
0.852760736196318,0.4430523917995442,0.19077568134171907,0.42857142857142855,0.275,0.3750000000000001,0.28205128205128205,0.3999999999999999
0.852760736196318,0.4419134396355353,0.20964360587002095,0.42857142857142855,0.275,0.3750000000000001,0.28205128205128205,0.3999999999999999
0.852760736196318,0.4419134396355353,0.2180293501048218,0.44285714285714284,0.275,0.3750000000000001,0.28205128205128205,0.3999999999999999
0.8588957055214723,0.4419134396355353,0.21174004192872117,0.42857142857142855,0.275,0.3750000000000001,0.28205128205128205,0.41428571428571426
0.8588957055214723,0.4430523917995442,0.2180293501048218,0.37142857142857144,0.275,0.3750000000000001,0.28205128205128205,0.41428571428571426
0.852760736196318,0.4419134396355353,0.22431865828092243,0.4714285714285714,0.275,0.3750000000000001,0.28205128205128205,0.41428571428571426
0.8588957055214723,0.4407744874715264,0.22012578616352202,0.4857142857142857,0.275,0.3750000000000001,0.28205128205128205,0.3999999999999999
