temp,humd,co2,voc1,voc2,no2,eth,co
0.7300613496932512,0.3576309794988608,0.0,0.3142857142857143,0.3375000000000001,0.7499999999999998,0.2692307692307692,0.2857142857142859
0.7300613496932512,0.355353075170843,0.0,0.3,0.3375000000000001,0.7656249999999999,0.2692307692307692,0.2857142857142859
0.7361963190184055,0.355353075170843,0.0,0.24285714285714285,0.3375000000000001,0.7656249999999999,0.28205128205128205,0.2857142857142859
0.7300613496932512,0.35307517084282447,0.0,0.3,0.3375000000000001,0.7499999999999998,0.2692307692307692,0.2714285714285716
0.7300613496932512,0.35307517084282447,0.0,0.2857142857142857,0.3375000000000001,0.7499999999999998,0.28205128205128205,0.2714285714285716
0.7361963190184055,0.349658314350797,0.0,0.3142857142857143,0.3375000000000001,0.7343749999999998,0.2692307692307692,0.2714285714285716
0.7361963190184055,0.3473804100227792,0.0,0.2857142857142857,0.3375000000000001,0.7187499999999998,0.2692307692307692,0.2714285714285716
0.7361963190184055,0.3485193621867881,0.0,0.32857142857142857,0.3375000000000001,0.7187499999999998,0.2692307692307692,0.2714285714285716
