temp,humd,co2,voc1,voc2,no2,eth,co
0.6809815950920253,0.3883826879271072,0.0,0.4,0.32500000000000007,0.6093750000000001,0.2564102564102564,0.3000000000000002
0.6809815950920253,0.3883826879271072,0.0,0.42857142857142855,0.32500000000000007,0.5937500000000001,0.2564102564102564,0.3000000000000002
0.6809815950920253,0.3861047835990886,0.0,0.4857142857142857,0.32500000000000007,0.5937500000000001,0.2564102564102564,0.3000000000000002
0.6809815950920253,0.3861047835990886,0.0,0.4714285714285714,0.32500000000000007,0.5937500000000001,0.2564102564102564,0.3000000000000002
0.6809815950920253,0.38268792710706195,0.0,0.4714285714285714,0.32500000000000007,0.5937500000000001,0.2564102564102564,0.3000000000000002
0.6809815950920253,0.38041002277904334,0.0,0.4714285714285714,0.32500000000000007,0.5937500000000001,0.2564102564102564,0.3000000000000002
0.6871165644171775,0.38041002277904334,0.0,0.4857142857142857,0.32500000000000007,0.5937500000000001,0.2564102564102564,0.3000000000000002
0.6809815950920253,0.37927107061503446,0.0,0.4857142857142857,0.32500000000000007,0.6093750000000001,0.2564102564102564,0.2857142857142859
