temp,humd,co2,voc1,voc2,no2,eth,co
0.7730061349693249,0.37243735763097957,0.0,0.4,0.32500000000000007,0.546875,0.32051282051282054,0.2857142857142859
0.7730061349693249,0.37357630979498846,0.0,0.32857142857142857,0.32500000000000007,0.546875,0.32051282051282054,0.2857142857142859
0.7730061349693249,0.3712984054669707,0.0,0.2714285714285714,0.32500000000000007,0.53125,0.32051282051282054,0.2714285714285716
0.7730061349693249,0.3678815489749432,0.0,0.2714285714285714,0.32500000000000007,0.53125,0.32051282051282054,0.2714285714285716
0.7730061349693249,0.3678815489749432,0.0,0.3,0.32500000000000007,0.53125,0.32051282051282054,0.2714285714285716
0.7791411042944792,0.36560364464692463,0.0,0.3142857142857143,0.31250000000000006,0.515625,0.32051282051282054,0.2714285714285716
0.7730061349693249,0.36446469248291574,0.0,0.3142857142857143,0.32500000000000007,0.515625,0.32051282051282054,0.2714285714285716
0.7730061349693249,0.36218678815489713,0.0,0.2571428571428571,0.31250000000000006,0.515625,0.32051282051282054,0.2714285714285716
