temp,humd,co2,voc1,voc2,no2,eth,co
0.7975460122699378,0.4214123006833713,0.33752620545073375,0.37142857142857144,0.28750000000000003,0.39062499999999994,0.2948717948717949,0.5571428571428572
0.7975460122699378,0.4259681093394077,0.34591194968553457,0.4142857142857143,0.28750000000000003,0.40624999999999994,0.2948717948717949,0.5428571428571429
0.8036809815950922,0.43052391799544404,0.36477987421383645,0.4142857142857143,0.28750000000000003,0.40624999999999994,0.2948717948717949,0.5428571428571429
0.8036809815950922,0.4339407744874715,0.3710691823899371,0.4714285714285714,0.28750000000000003,0.42187499999999994,0.2948717948717949,0.5428571428571429
0.8036809815950922,0.43963553530751753,0.3584905660377358,0.5,0.28750000000000003,0.43749999999999994,0.2948717948717949,0.5285714285714286
0.8098159509202443,0.4430523917995442,0.33542976939203356,0.5,0.28750000000000003,0.43749999999999994,0.2948717948717949,0.5285714285714286
0.8036809815950922,0.44646924829157164,0.31446540880503143,0.5,0.28750000000000003,0.43749999999999994,0.2948717948717949,0.5142857142857143
0.8098159509202443,0.44874715261959025,0.2746331236897275,0.45714285714285713,0.28750000000000003,0.45312499999999994,0.2948717948717949,0.5
