temp,humd,co2,voc1,voc2,no2,eth,co
0.7361963190184055,0.34510250569476064,0.0,0.3142857142857143,0.3375000000000001,0.7031249999999998,0.2692307692307692,0.2571428571428573
0.7300613496932512,0.34510250569476064,0.0,0.24285714285714285,0.3375000000000001,0.7187499999999998,0.2692307692307692,0.2571428571428573
0.7361963190184055,0.34282460136674286,0.0,0.22857142857142856,0.3375000000000001,0.7187499999999998,0.2692307692307692,0.2571428571428573
0.7300613496932512,0.3405466970387243,0.0,0.12857142857142856,0.3499999999999998,0.7343749999999998,0.28205128205128205,0.2571428571428573
0.7361963190184055,0.3394077448747154,0.0,0.2,0.3499999999999998,0.7343749999999998,0.28205128205128205,0.2571428571428573
0.7300613496932512,0.33826879271070653,0.0,0.15714285714285714,0.3499999999999998,0.7343749999999998,0.28205128205128205,0.2571428571428573
0.7300613496932512,0.3371298405466968,0.0,0.17142857142857143,0.3499999999999998,0.7187499999999998,0.28205128205128205,0.2571428571428573
0.7361963190184055,0.3359908883826879,0.0,0.15714285714285714,0.3499999999999998,0.7343749999999998,0.28205128205128205,0.2571428571428573
