temp,humd,co2,voc1,voc2,no2,eth,co
0.7361963190184055,0.29612756264236884,0.0,0.2571428571428571,0.3375000000000001,0.9062499999999999,0.3076923076923077,0.2714285714285716
0.7423312883435577,0.29498861047835995,0.0,0.2571428571428571,0.3375000000000001,0.9062499999999999,0.3076923076923077,0.2714285714285716
0.7361963190184055,0.2938496583143511,0.0,0.21428571428571427,0.3375000000000001,0.8906249999999999,0.3076923076923077,0.2714285714285716
0.7423312883435577,0.2927107061503414,0.0,0.22857142857142856,0.3375000000000001,0.8906249999999999,0.32051282051282054,0.2714285714285716
0.7361963190184055,0.2904328018223236,0.0,0.18571428571428572,0.3375000000000001,0.9062499999999999,0.32051282051282054,0.2857142857142859
0.7361963190184055,0.2915717539863325,0.0,0.15714285714285714,0.3375000000000001,0.9375,0.32051282051282054,0.2857142857142859
0.7423312883435577,0.28929384965831473,0.0,0.2,0.3375000000000001,0.96875,0.32051282051282054,0.2857142857142859
0.7423312883435577,0.28929384965831473,0.0,0.15714285714285714,0.3375000000000001,0.984375,0.32051282051282054,0.2857142857142859
