temp,humd,co2,voc1,voc2,no2,eth,co
0.723926380368099,0.3781321184510248,0.014675052410901468,0.44285714285714284,0.31250000000000006,0.6406250000000001,0.2692307692307692,0.3285714285714288
0.723926380368099,0.3781321184510248,0.0,0.4714285714285714,0.31250000000000006,0.6250000000000001,0.2692307692307692,0.3285714285714288
0.723926380368099,0.3747152619589981,0.0,0.44285714285714284,0.31250000000000006,0.6093750000000001,0.2692307692307692,0.3285714285714288
0.7300613496932512,0.375854214123007,0.0,0.38571428571428573,0.31250000000000006,0.6093750000000001,0.2692307692307692,0.3142857142857145
0.7300613496932512,0.375854214123007,0.0,0.4,0.31250000000000006,0.6093750000000001,0.2692307692307692,0.3142857142857145
0.7300613496932512,0.3712984054669707,0.0,0.4,0.31250000000000006,0.6093750000000001,0.2692307692307692,0.3142857142857145
0.7361963190184055,0.37243735763097957,0.0,0.38571428571428573,0.31250000000000006,0.6093750000000001,0.2692307692307692,0.3142857142857145
0.7300613496932512,0.3712984054669707,0.0,0.34285714285714286,0.31250000000000006,0.6093750000000001,0.2692307692307692,0.3142857142857145
