temp,humd,co2,voc1,voc2,no2,eth,co
0.7423312883435577,0.3018223234624149,0.0859538784067086,0.38571428571428573,0.3499999999999998,0.8749999999999999,0.3461538461538462,0.3142857142857145
0.7423312883435577,0.30410022779043266,0.10062893081761007,0.35714285714285715,0.3499999999999998,0.8749999999999999,0.3461538461538462,0.3285714285714288
0.748466257668712,0.30865603644646905,0.11320754716981132,0.32857142857142857,0.3499999999999998,0.8437499999999999,0.33333333333333337,0.3285714285714288
0.7423312883435577,0.31435079726651505,0.11530398322851153,0.37142857142857144,0.3499999999999998,0.8281249999999999,0.33333333333333337,0.3285714285714288
0.748466257668712,0.3166287015945328,0.1278825995807128,0.35714285714285715,0.3499999999999998,0.8124999999999999,0.33333333333333337,0.3285714285714288
0.748466257668712,0.3223234624145789,0.14465408805031446,0.37142857142857144,0.3499999999999998,0.7968749999999999,0.33333333333333337,0.3428571428571431
0.7546012269938641,0.32460136674259665,0.13836477987421383,0.44285714285714284,0.3499999999999998,0.7812499999999999,0.33333333333333337,0.3428571428571431
0.7546012269938641,0.329157175398633,0.14255765199161424,0.42857142857142855,0.3499999999999998,0.7656249999999999,0.33333333333333337,0.3428571428571431
