temp,humd,co2,voc1,voc2,no2,eth,co
0.7423312883435577,0.32346241457858776,0.0,0.2714285714285714,0.3375000000000001,0.7812499999999999,0.28205128205128205,0.24285714285714302
0.7361963190184055,0.3200455580865603,0.0,0.2,0.3375000000000001,0.7968749999999999,0.28205128205128205,0.24285714285714302
0.7423312883435577,0.3223234624145789,0.0,0.2,0.3375000000000001,0.7968749999999999,0.28205128205128205,0.2571428571428573
0.7423312883435577,0.3200455580865603,0.0,0.24285714285714285,0.3375000000000001,0.8281249999999999,0.28205128205128205,0.2571428571428573
0.7361963190184055,0.3211845102505692,0.0,0.3142857142857143,0.3499999999999998,0.8437499999999999,0.28205128205128205,0.2714285714285716
0.7361963190184055,0.3211845102505692,0.0,0.2,0.3375000000000001,0.8437499999999999,0.28205128205128205,0.2857142857142859
0.7361963190184055,0.3211845102505692,0.0,0.2857142857142857,0.3375000000000001,0.8437499999999999,0.28205128205128205,0.2857142857142859
0.7423312883435577,0.3211845102505692,0.008385744234800839,0.24285714285714285,0.3375000000000001,0.8281249999999999,0.28205128205128205,0.3000000000000002
