temp,humd,co2,voc1,voc2,no2,eth,co
0.7300613496932512,0.37015945330296096,0.0,0.34285714285714286,0.31250000000000006,0.6250000000000001,0.2692307692307692,0.3142857142857145
0.7300613496932512,0.3690205011389521,0.0,0.35714285714285715,0.31250000000000006,0.6406250000000001,0.2692307692307692,0.3142857142857145
0.7300613496932512,0.3678815489749432,0.0,0.38571428571428573,0.31250000000000006,0.6562500000000001,0.2692307692307692,0.3000000000000002
0.7300613496932512,0.36560364464692463,0.0,0.35714285714285715,0.32500000000000007,0.6718750000000001,0.2692307692307692,0.3000000000000002
0.7361963190184055,0.36332574031890685,0.0,0.4142857142857143,0.32500000000000007,0.6718750000000001,0.2692307692307692,0.3000000000000002
0.7300613496932512,0.36332574031890685,0.0,0.3142857142857143,0.32500000000000007,0.6874999999999998,0.2692307692307692,0.2857142857142859
0.7300613496932512,0.36104783599088824,0.0,0.2714285714285714,0.3375000000000001,0.7031249999999998,0.2692307692307692,0.2857142857142859
0.7300613496932512,0.3587699316628705,0.0,0.3142857142857143,0.3375000000000001,0.7343749999999998,0.2692307692307692,0.2857142857142859
