temp,humd,co2,voc1,voc2,no2,eth,co
0.7730061349693249,0.38154897494305223,0.0,0.34285714285714286,0.32500000000000007,0.5937500000000001,0.33333333333333337,0.3000000000000002
0.7668711656441706,0.38268792710706195,0.0,0.35714285714285715,0.3375000000000001,0.5937500000000001,0.32051282051282054,0.3000000000000002
0.7668711656441706,0.38382687927107084,0.0,0.37142857142857144,0.32500000000000007,0.578125,0.32051282051282054,0.3000000000000002
0.7730061349693249,0.38041002277904334,0.0,0.34285714285714286,0.32500000000000007,0.578125,0.32051282051282054,0.3000000000000002
0.7730061349693249,0.38041002277904334,0.0,0.3142857142857143,0.32500000000000007,0.5625,0.32051282051282054,0.2857142857142859
0.7730061349693249,0.3769931662870159,0.0,0.35714285714285715,0.32500000000000007,0.5625,0.32051282051282054,0.2857142857142859
0.7730061349693249,0.3781321184510248,0.0,0.2714285714285714,0.32500000000000007,0.546875,0.32051282051282054,0.2857142857142859
0.7730061349693249,0.37243735763097957,0.0,0.3,0.32500000000000007,0.546875,0.32051282051282054,0.2857142857142859
