temp,humd,co2,voc1,voc2,no2,eth,co
0.852760736196318,0.43849658314350787,0.20754716981132076,0.38571428571428573,0.275,0.3750000000000001,0.28205128205128205,0.41428571428571426
0.8588957055214723,0.43849658314350787,0.18658280922431866,0.42857142857142855,0.275,0.35937500000000006,0.28205128205128205,0.3999999999999999
0.8650306748466245,0.4407744874715264,0.17819706498951782,0.4714285714285714,0.275,0.3750000000000001,0.2692307692307692,0.3999999999999999
0.8588957055214723,0.437357630979499,0.16981132075471697,0.45714285714285713,0.275,0.35937500000000006,0.28205128205128205,0.3999999999999999
0.8650306748466245,0.43849658314350787,0.18238993710691823,0.35714285714285715,0.2625,0.35937500000000006,0.28205128205128205,0.3999999999999999
0.8588957055214723,0.43849658314350787,0.1949685534591195,0.5285714285714286,0.2625,0.35937500000000006,0.2692307692307692,0.41428571428571426
0.8650306748466245,0.43849658314350787,0.20754716981132076,0.5142857142857142,0.2625,0.35937500000000006,0.28205128205128205,0.41428571428571426
0.8650306748466245,0.43849658314350787,0.21593291404612158,0.4857142857142857,0.2625,0.35937500000000006,0.2692307692307692,0.41428571428571426
