temp,humd,co2,voc1,voc2,no2,eth,co
0.17791411042944924,0.816628701594533,0.008385744234800839,0.0,0.8499999999999999,0.45312499999999994,0.8205128205128206,0.9571428571428571
0.17791411042944924,0.816628701594533,0.0,0.07142857142857142,0.8499999999999999,0.45312499999999994,0.8205128205128206,0.9571428571428571
0.17791411042944924,0.816628701594533,0.008385744234800839,0.0,0.8499999999999999,0.45312499999999994,0.8205128205128206,0.9571428571428571
0.17791411042944924,0.8143507972665153,0.012578616352201259,0.07142857142857142,0.8499999999999999,0.45312499999999994,0.8076923076923078,0.9571428571428571
0.17791411042944924,0.816628701594533,0.0041928721174004195,0.07142857142857142,0.8499999999999999,0.45312499999999994,0.8076923076923078,0.9571428571428571
0.18404907975460139,0.8154897494305242,0.008385744234800839,0.02857142857142857,0.8499999999999999,0.45312499999999994,0.8076923076923078,0.9571428571428571
0.17791411042944924,0.8143507972665153,0.0020964360587002098,0.014285714285714285,0.8499999999999999,0.45312499999999994,0.8076923076923078,0.9571428571428571
0.18404907975460139,0.8143507972665153,0.012578616352201259,0.05714285714285714,0.8499999999999999,0.45312499999999994,0.8076923076923078,0.9571428571428571
