temp,humd,co2,voc1,voc2,no2,eth,co
0.27607361963190313,0.7425968109339409,0.03563941299790356,0.05714285714285714,0.6375000000000002,0.3750000000000001,0.5769230769230771,0.9428571428571428
0.27607361963190313,0.7460136674259684,0.018867924528301886,0.0,0.6375000000000002,0.3750000000000001,0.5769230769230771,0.9428571428571428
0.27607361963190313,0.7403189066059224,0.033542976939203356,0.08571428571428572,0.6375000000000002,0.3750000000000001,0.5769230769230771,0.9428571428571428
0.2822085889570553,0.7425968109339409,0.020964360587002098,0.07142857142857142,0.6375000000000002,0.3750000000000001,0.5769230769230771,0.9428571428571428
0.27607361963190313,0.7437357630979499,0.031446540880503145,0.07142857142857142,0.6375000000000002,0.3750000000000001,0.5769230769230771,0.9428571428571428
0.27607361963190313,0.7425968109339409,0.025157232704402517,0.04285714285714286,0.6375000000000002,0.3750000000000001,0.5769230769230771,0.9428571428571428
0.27607361963190313,0.7414578587699321,0.033542976939203356,0.04285714285714286,0.6375000000000002,0.3750000000000001,0.5769230769230771,0.9285714285714285
0.2822085889570553,0.7403189066059224,0.029350104821802937,0.05714285714285714,0.6375000000000002,0.3750000000000001,0.5769230769230771,0.9428571428571428
