temp,humd,co2,voc1,voc2,no2,eth,co
0.25766871165644234,0.7460136674259684,0.04612159329140461,0.12857142857142856,0.6749999999999999,0.39062499999999994,0.6153846153846155,0.9428571428571428
0.25766871165644234,0.7460136674259684,0.033542976939203356,0.04285714285714286,0.6749999999999999,0.39062499999999994,0.6153846153846155,0.9428571428571428
0.25766871165644234,0.7460136674259684,0.03563941299790356,0.08571428571428572,0.6749999999999999,0.3750000000000001,0.6153846153846155,0.9571428571428571
0.25766871165644234,0.7460136674259684,0.0440251572327044,0.02857142857142857,0.6749999999999999,0.39062499999999994,0.6153846153846155,0.9428571428571428
0.25766871165644234,0.7460136674259684,0.06289308176100629,0.05714285714285714,0.6749999999999999,0.39062499999999994,0.6153846153846155,0.9428571428571428
0.25766871165644234,0.7460136674259684,0.05870020964360587,0.04285714285714286,0.6749999999999999,0.39062499999999994,0.6153846153846155,0.9571428571428571
0.25766871165644234,0.7460136674259684,0.05660377358490566,0.05714285714285714,0.6749999999999999,0.3750000000000001,0.6153846153846155,0.9428571428571428
0.25766871165644234,0.7471526195899773,0.03563941299790356,0.07142857142857142,0.6749999999999999,0.39062499999999994,0.6153846153846155,0.9571428571428571
