temp,humd,co2,voc1,voc2,no2,eth,co
0.15950920245398845,0.8314350797266518,0.008385744234800839,0.04285714285714286,0.8749999999999999,0.46875,0.8461538461538463,0.9571428571428571
0.15950920245398845,0.8302961275626429,0.0020964360587002098,0.04285714285714286,0.8749999999999999,0.46875,0.8333333333333335,0.9571428571428571
0.16564417177914276,0.8280182232346244,0.0020964360587002098,0.07142857142857142,0.8749999999999999,0.46875,0.8461538461538463,0.9571428571428571
0.15950920245398845,0.8302961275626429,0.0041928721174004195,0.0,0.8749999999999999,0.46875,0.8461538461538463,0.9571428571428571
0.15950920245398845,0.8280182232346244,0.0041928721174004195,0.05714285714285714,0.8749999999999999,0.46875,0.8333333333333335,0.9571428571428571
0.16564417177914276,0.8268792710706154,0.0,0.05714285714285714,0.8749999999999999,0.46875,0.8333333333333335,0.9571428571428571
0.16564417177914276,0.8257403189066057,0.0020964360587002098,0.02857142857142857,0.8625000000000002,0.46875,0.8333333333333335,0.9571428571428571
0.16564417177914276,0.8246013667425969,0.0,0.0,0.8749999999999999,0.46875,0.8333333333333335,0.9571428571428571
