temp,humd,co2,voc1,voc2,no2,eth,co
0.20245398773006215,0.7915717539863327,0.0,0.0,0.8,0.43749999999999994,0.7564102564102565,0.9571428571428571
0.2085889570552143,0.7915717539863327,0.0020964360587002098,0.08571428571428572,0.8,0.43749999999999994,0.7564102564102565,0.9571428571428571
0.20245398773006215,0.7870159453302964,0.0,0.1,0.8,0.43749999999999994,0.7564102564102565,0.9428571428571428
0.20245398773006215,0.7915717539863327,0.012578616352201259,0.08571428571428572,0.8,0.42187499999999994,0.7564102564102565,0.9571428571428571
0.2085889570552143,0.7904328018223238,0.008385744234800839,0.05714285714285714,0.8,0.43749999999999994,0.7564102564102565,0.9571428571428571
0.20245398773006215,0.7915717539863327,0.008385744234800839,0.08571428571428572,0.7875000000000001,0.43749999999999994,0.7564102564102565,0.9571428571428571
0.2085889570552143,0.7892938496583142,0.008385744234800839,0.08571428571428572,0.8,0.43749999999999994,0.7564102564102565,0.9571428571428571
0.2085889570552143,0.7870159453302964,0.0041928721174004195,0.04285714285714286,0.8,0.43749999999999994,0.7435897435897436,0.9571428571428571
