temp,humd,co2,voc1,voc2,no2,eth,co
0.2822085889570553,0.7380410022779046,0.031446540880503145,0.08571428571428572,0.6250000000000001,0.3750000000000001,0.5641025641025642,0.9428571428571428
0.28834355828220964,0.7380410022779046,0.018867924528301886,0.1,0.6250000000000001,0.35937500000000006,0.5641025641025642,0.9428571428571428
0.2822085889570553,0.7380410022779046,0.010482180293501049,0.08571428571428572,0.6250000000000001,0.35937500000000006,0.5641025641025642,0.9285714285714285
0.2822085889570553,0.7369020501138956,0.008385744234800839,0.08571428571428572,0.6250000000000001,0.3750000000000001,0.5641025641025642,0.9285714285714285
0.2822085889570553,0.7380410022779046,0.006289308176100629,0.014285714285714285,0.6250000000000001,0.3750000000000001,0.5641025641025642,0.9428571428571428
0.28834355828220964,0.7369020501138956,0.016771488469601678,0.1,0.6250000000000001,0.3750000000000001,0.5641025641025642,0.9428571428571428
0.28834355828220964,0.7391799544419134,0.018867924528301886,0.07142857142857142,0.6250000000000001,0.35937500000000006,0.5641025641025642,0.9428571428571428
0.2822085889570553,0.735763097949886,0.006289308176100629,0.02857142857142857,0.6250000000000001,0.35937500000000006,0.5641025641025642,0.9428571428571428
