temp,humd,co2,voc1,voc2,no2,eth,co
0.11042944785276257,0.8849658314350799,0.0,0.0,0.9249999999999999,0.5,0.9230769230769232,0.9857142857142857
0.11042944785276257,0.8838268792710711,0.012578616352201259,0.014285714285714285,0.9249999999999999,0.5,0.9230769230769232,0.9857142857142857
0.11042944785276257,0.8826879271070613,0.008385744234800839,0.0,0.9249999999999999,0.5,0.9230769230769232,0.9857142857142857
0.11042944785276257,0.8826879271070613,0.010482180293501049,0.014285714285714285,0.9249999999999999,0.5,0.9102564102564105,0.9857142857142857
0.11656441717791471,0.8815489749430525,0.0041928721174004195,0.0,0.9249999999999999,0.5,0.9102564102564105,0.9857142857142857
0.11656441717791471,0.8792710706150347,0.018867924528301886,0.08571428571428572,0.9249999999999999,0.5,0.9102564102564105,0.9857142857142857
0.11656441717791471,0.878132118451025,0.0,0.0,0.9249999999999999,0.5,0.9102564102564105,0.9857142857142857
0.11656441717791471,0.878132118451025,0.020964360587002098,0.014285714285714285,0.9249999999999999,0.5,0.9102564102564105,0.9857142857142857
