temp,humd,co2,voc1,voc2,no2,eth,co
0.024539877300615114,0.9760820045558085,0.012578616352201259,0.0,0.9875000000000003,0.53125,0.9871794871794871,1.0
0.03067484662576726,0.9738041002277907,0.008385744234800839,0.0,0.9875000000000003,0.53125,0.9871794871794871,1.0
0.03680981595092158,0.9715261958997722,0.029350104821802937,0.12857142857142856,0.9875000000000003,0.53125,0.9871794871794871,1.0
0.03067484662576726,0.9692482915717544,0.0041928721174004195,0.04285714285714286,0.9875000000000003,0.53125,0.9871794871794871,1.0
0.03680981595092158,0.9669703872437359,0.008385744234800839,0.0,0.9875000000000003,0.53125,0.9871794871794871,1.0
0.03680981595092158,0.9635535307517084,0.0041928721174004195,0.05714285714285714,0.975,0.53125,0.9871794871794871,1.0
0.03680981595092158,0.9624145785876995,0.0,0.02857142857142857,0.975,0.53125,0.9871794871794871,1.0
0.03680981595092158,0.9567198177676542,0.0020964360587002098,0.0,0.975,0.53125,0.9743589743589743,1.0
