temp,humd,co2,voc1,voc2,no2,eth,co
0.25153374233128806,0.7494305239179958,0.0,0.0,0.6874999999999999,0.39062499999999994,0.6282051282051281,0.9428571428571428
0.25153374233128806,0.7505694760820047,0.012578616352201259,0.014285714285714285,0.6874999999999999,0.39062499999999994,0.6282051282051281,0.9428571428571428
0.25153374233128806,0.7505694760820047,0.0,0.0,0.6874999999999999,0.39062499999999994,0.6282051282051281,0.9428571428571428
0.25153374233128806,0.7471526195899773,0.014675052410901468,0.0,0.6874999999999999,0.39062499999999994,0.6282051282051281,0.9428571428571428
0.25153374233128806,0.7482915717539862,0.0,0.014285714285714285,0.6874999999999999,0.39062499999999994,0.6282051282051281,0.9428571428571428
0.25153374233128806,0.7505694760820047,0.014675052410901468,0.04285714285714286,0.6874999999999999,0.39062499999999994,0.6282051282051281,0.9428571428571428
0.25153374233128806,0.7494305239179958,0.0,0.08571428571428572,0.6874999999999999,0.39062499999999994,0.6282051282051281,0.9428571428571428
0.25153374233128806,0.7471526195899773,0.0,0.0,0.6874999999999999,0.39062499999999994,0.6282051282051281,0.9428571428571428
