temp,humd,co2,voc1,voc2,no2,eth,co
0.26993865030674885,0.7517084282460136,0.014675052410901468,0.04285714285714286,0.6500000000000001,0.3750000000000001,0.5897435897435899,0.9571428571428571
0.26993865030674885,0.7494305239179958,0.0,0.04285714285714286,0.6500000000000001,0.3750000000000001,0.5897435897435899,0.9571428571428571
0.26993865030674885,0.7482915717539862,0.0,0.04285714285714286,0.6500000000000001,0.3750000000000001,0.5897435897435899,0.9428571428571428
0.26993865030674885,0.7494305239179958,0.0,0.0,0.6500000000000001,0.3750000000000001,0.5897435897435899,0.9428571428571428
0.26993865030674885,0.7494305239179958,0.020964360587002098,0.04285714285714286,0.6500000000000001,0.3750000000000001,0.5897435897435899,0.9428571428571428
0.26993865030674885,0.7471526195899773,0.0,0.02857142857142857,0.6500000000000001,0.3750000000000001,0.5897435897435899,0.9428571428571428
0.26993865030674885,0.7505694760820047,0.0,0.0,0.6500000000000001,0.3750000000000001,0.5897435897435899,0.9428571428571428
0.27607361963190313,0.7482915717539862,0.008385744234800839,0.02857142857142857,0.6500000000000001,0.3750000000000001,0.5897435897435899,0.9428571428571428
