temp,humd,co2,voc1,voc2,no2,eth,co
0.28834355828220964,0.7232346241457859,0.010482180293501049,0.04285714285714286,0.6125000000000002,0.35937500000000006,0.5512820512820514,0.9285714285714285
0.28834355828220964,0.7220956719817769,0.016771488469601678,0.07142857142857142,0.6125000000000002,0.35937500000000006,0.5512820512820514,0.9285714285714285
0.28834355828220964,0.7220956719817769,0.010482180293501049,0.08571428571428572,0.6125000000000002,0.35937500000000006,0.5512820512820514,0.9285714285714285
0.28834355828220964,0.7220956719817769,0.023060796645702306,0.05714285714285714,0.6125000000000002,0.35937500000000006,0.5512820512820514,0.9285714285714285
0.28834355828220964,0.7209567198177681,0.020964360587002098,0.05714285714285714,0.6125000000000002,0.35937500000000006,0.5512820512820514,0.9285714285714285
0.28834355828220964,0.7209567198177681,0.0,0.02857142857142857,0.6125000000000002,0.35937500000000006,0.5512820512820514,0.9285714285714285
0.29447852760736176,0.7209567198177681,0.018867924528301886,0.05714285714285714,0.6125000000000002,0.35937500000000006,0.5512820512820514,0.9285714285714285
0.29447852760736176,0.7209567198177681,0.025157232704402517,0.07142857142857142,0.6125000000000002,0.35937500000000006,0.5384615384615385,0.9285714285714285
