temp,humd,co2,voc1,voc2,no2,eth,co
0.25153374233128806,0.7630979498861049,0.023060796645702306,0.0,0.7124999999999999,0.40624999999999994,0.6538461538461537,0.9571428571428571
0.24539877300613588,0.7619589977220961,0.006289308176100629,0.014285714285714285,0.7124999999999999,0.40624999999999994,0.6538461538461537,0.9428571428571428
0.24539877300613588,0.7630979498861049,0.0,0.02857142857142857,0.7124999999999999,0.40624999999999994,0.6538461538461537,0.9428571428571428
0.24539877300613588,0.7619589977220961,0.0041928721174004195,0.04285714285714286,0.7124999999999999,0.40624999999999994,0.6538461538461537,0.9428571428571428
0.24539877300613588,0.7630979498861049,0.014675052410901468,0.0,0.7124999999999999,0.39062499999999994,0.6538461538461537,0.9571428571428571
0.24539877300613588,0.7619589977220961,0.018867924528301886,0.014285714285714285,0.7124999999999999,0.40624999999999994,0.6538461538461537,0.9428571428571428
0.24539877300613588,0.7608200455580864,0.006289308176100629,0.014285714285714285,0.7124999999999999,0.39062499999999994,0.6538461538461537,0.9428571428571428
0.24539877300613588,0.7619589977220961,0.014675052410901468,0.05714285714285714,0.7124999999999999,0.40624999999999994,0.6538461538461537,0.9428571428571428
