temp,humd,co2,voc1,voc2,no2,eth,co
0.23312883435582943,0.7699316628701598,0.012578616352201259,0.0,0.7374999999999999,0.40624999999999994,0.6794871794871794,0.9428571428571428
0.23312883435582943,0.7676537585421412,0.0020964360587002098,0.0,0.7374999999999999,0.40624999999999994,0.6794871794871794,0.9571428571428571
0.23312883435582943,0.7699316628701598,0.012578616352201259,0.05714285714285714,0.7374999999999999,0.40624999999999994,0.6794871794871794,0.9428571428571428
0.23312883435582943,0.7676537585421412,0.010482180293501049,0.08571428571428572,0.7374999999999999,0.40624999999999994,0.6794871794871794,0.9571428571428571
0.23312883435582943,0.7676537585421412,0.014675052410901468,0.14285714285714285,0.7374999999999999,0.40624999999999994,0.6794871794871794,0.9571428571428571
0.23312883435582943,0.7699316628701598,0.012578616352201259,0.08571428571428572,0.7374999999999999,0.40624999999999994,0.6794871794871794,0.9571428571428571
0.23926380368098157,0.7665148063781324,0.0020964360587002098,0.1,0.7374999999999999,0.40624999999999994,0.6794871794871794,0.9571428571428571
0.23312883435582943,0.7687927107061502,0.0,0.04285714285714286,0.7374999999999999,0.40624999999999994,0.6794871794871794,0.9428571428571428
