temp,humd,co2,voc1,voc2,no2,eth,co
0.28834355828220964,0.7289293849658319,0.006289308176100629,0.07142857142857142,0.6250000000000001,0.35937500000000006,0.5512820512820514,0.9285714285714285
0.2822085889570553,0.7300683371298408,0.0,0.0,0.6250000000000001,0.35937500000000006,0.5641025641025642,0.9285714285714285
0.28834355828220964,0.7289293849658319,0.012578616352201259,0.1,0.6250000000000001,0.35937500000000006,0.5512820512820514,0.9285714285714285
0.28834355828220964,0.7312072892938496,0.0041928721174004195,0.07142857142857142,0.6250000000000001,0.35937500000000006,0.5512820512820514,0.9285714285714285
0.28834355828220964,0.7300683371298408,0.0,0.02857142857142857,0.6250000000000001,0.35937500000000006,0.5512820512820514,0.9285714285714285
0.2822085889570553,0.7289293849658319,0.012578616352201259,0.0,0.6250000000000001,0.35937500000000006,0.5512820512820514,0.9285714285714285
0.28834355828220964,0.7266514806378133,0.0,0.04285714285714286,0.6250000000000001,0.35937500000000006,0.5512820512820514,0.9285714285714285
0.28834355828220964,0.7277904328018222,0.0020964360587002098,0.04285714285714286,0.6250000000000001,0.35937500000000006,0.5512820512820514,0.9285714285714285
