temp,humd,co2,voc1,voc2,no2,eth,co
0.17791411042944924,0.8154897494305242,0.010482180293501049,0.0,0.8499999999999999,0.45312499999999994,0.8076923076923078,0.9714285714285714
0.18404907975460139,0.8143507972665153,0.0041928721174004195,0.0,0.8375000000000001,0.45312499999999994,0.8076923076923078,0.9714285714285714
0.17791411042944924,0.8120728929384967,0.006289308176100629,0.0,0.8375000000000001,0.45312499999999994,0.8076923076923078,0.9571428571428571
0.18404907975460139,0.8132118451025055,0.0,0.0,0.8499999999999999,0.45312499999999994,0.8076923076923078,0.9571428571428571
0.18404907975460139,0.8109339407744878,0.0041928721174004195,0.08571428571428572,0.8375000000000001,0.45312499999999994,0.8076923076923078,0.9571428571428571
0.17791411042944924,0.8086560364464692,0.0020964360587002098,0.1,0.8499999999999999,0.45312499999999994,0.8076923076923078,0.9571428571428571
0.18404907975460139,0.8109339407744878,0.006289308176100629,0.02857142857142857,0.8375000000000001,0.45312499999999994,0.8076923076923078,0.9571428571428571
0.18404907975460139,0.8086560364464692,0.0,0.04285714285714286,0.8375000000000001,0.45312499999999994,0.7948717948717949,0.9571428571428571
