temp,humd,co2,voc1,voc2,no2,eth,co
0.29447852760736176,0.7118451025056945,0.014675052410901468,0.0,0.6000000000000001,0.35937500000000006,0.5384615384615385,0.9285714285714285
0.29447852760736176,0.7118451025056945,0.0041928721174004195,0.0,0.6000000000000001,0.35937500000000006,0.5384615384615385,0.9285714285714285
0.29447852760736176,0.7129840546697043,0.006289308176100629,0.014285714285714285,0.6000000000000001,0.35937500000000006,0.5384615384615385,0.9285714285714285
0.29447852760736176,0.7129840546697043,0.010482180293501049,0.0,0.6000000000000001,0.35937500000000006,0.5384615384615385,0.9285714285714285
0.29447852760736176,0.7107061503416857,0.0,0.02857142857142857,0.6000000000000001,0.34375000000000006,0.5256410256410258,0.9285714285714285
0.29447852760736176,0.7084282460136679,0.012578616352201259,0.1,0.6000000000000001,0.34375000000000006,0.5256410256410258,0.9285714285714285
0.3006134969325161,0.7107061503416857,0.010482180293501049,0.02857142857142857,0.6000000000000001,0.34375000000000006,0.5384615384615385,0.9285714285714285
0.29447852760736176,0.7118451025056945,0.006289308176100629,0.0,0.6000000000000001,0.34375000000000006,0.5384615384615385,0.9285714285714285
