temp,humd,co2,voc1,voc2,no2,eth,co
0.22085889570552295,0.7790432801822326,0.033542976939203356,0.11428571428571428,0.775,0.42187499999999994,0.7307692307692308,0.9571428571428571
0.22085889570552295,0.7801822323462414,0.020964360587002098,0.07142857142857142,0.775,0.42187499999999994,0.717948717948718,0.9571428571428571
0.22085889570552295,0.7790432801822326,0.020964360587002098,0.07142857142857142,0.775,0.42187499999999994,0.7307692307692308,0.9571428571428571
0.22085889570552295,0.7779043280182236,0.016771488469601678,0.1,0.775,0.42187499999999994,0.717948717948718,0.9428571428571428
0.22085889570552295,0.7779043280182236,0.0,0.05714285714285714,0.775,0.42187499999999994,0.717948717948718,0.9571428571428571
0.22085889570552295,0.7790432801822326,0.0,0.08571428571428572,0.775,0.42187499999999994,0.717948717948718,0.9428571428571428
0.22085889570552295,0.7790432801822326,0.008385744234800839,0.02857142857142857,0.7625000000000001,0.40624999999999994,0.717948717948718,0.9571428571428571
0.22085889570552295,0.7790432801822326,0.014675052410901468,0.05714285714285714,0.775,0.42187499999999994,0.717948717948718,0.9571428571428571
