temp,humd,co2,voc1,voc2,no2,eth,co
0.22085889570552295,0.7756264236902051,0.012578616352201259,0.04285714285714286,0.7625000000000001,0.40624999999999994,0.7051282051282051,0.9428571428571428
0.2269938650306751,0.7722095671981776,0.010482180293501049,0.0,0.75,0.40624999999999994,0.7051282051282051,0.9571428571428571
0.2269938650306751,0.7722095671981776,0.008385744234800839,0.04285714285714286,0.75,0.40624999999999994,0.7051282051282051,0.9428571428571428
0.2269938650306751,0.7733485193621873,0.0,0.0,0.75,0.40624999999999994,0.7051282051282051,0.9571428571428571
0.2269938650306751,0.7710706150341687,0.014675052410901468,0.04285714285714286,0.75,0.40624999999999994,0.7051282051282051,0.9571428571428571
0.2269938650306751,0.7710706150341687,0.020964360587002098,0.02857142857142857,0.75,0.40624999999999994,0.7051282051282051,0.9571428571428571
0.2269938650306751,0.7722095671981776,0.0,0.02857142857142857,0.75,0.40624999999999994,0.7051282051282051,0.9428571428571428
0.22085889570552295,0.7733485193621873,0.016771488469601678,0.014285714285714285,0.75,0.40624999999999994,0.7051282051282051,0.9428571428571428
