temp,humd,co2,voc1,voc2,no2,eth,co
0.25153374233128806,0.7494305239179958,0.014675052410901468,0.0,0.6874999999999999,0.39062499999999994,0.6282051282051281,0.9428571428571428
0.25766871165644234,0.7494305239179958,0.008385744234800839,0.0,0.6874999999999999,0.39062499999999994,0.6282051282051281,0.9428571428571428
0.25766871165644234,0.7482915717539862,0.018867924528301886,0.04285714285714286,0.6874999999999999,0.39062499999999994,0.6282051282051281,0.9428571428571428
0.25153374233128806,0.7482915717539862,0.016771488469601678,0.0,0.6749999999999999,0.39062499999999994,0.6282051282051281,0.9428571428571428
0.25766871165644234,0.7482915717539862,0.025157232704402517,0.12857142857142856,0.6749999999999999,0.39062499999999994,0.6282051282051281,0.9428571428571428
0.25766871165644234,0.7471526195899773,0.029350104821802937,0.05714285714285714,0.6874999999999999,0.39062499999999994,0.6282051282051281,0.9428571428571428
0.25766871165644234,0.7471526195899773,0.023060796645702306,0.08571428571428572,0.6749999999999999,0.39062499999999994,0.6282051282051281,0.9428571428571428
0.25153374233128806,0.7471526195899773,0.012578616352201259,0.04285714285714286,0.6874999999999999,0.39062499999999994,0.6282051282051281,0.9428571428571428
