temp,humd,co2,voc1,voc2,no2,eth,co
0.28834355828220964,0.7175398633257406,0.023060796645702306,0.12857142857142856,0.6125000000000002,0.35937500000000006,0.5384615384615385,0.9285714285714285
0.29447852760736176,0.7186788154897494,0.012578616352201259,0.04285714285714286,0.6125000000000002,0.35937500000000006,0.5384615384615385,0.9285714285714285
0.29447852760736176,0.7175398633257406,0.006289308176100629,0.04285714285714286,0.6000000000000001,0.35937500000000006,0.5384615384615385,0.9285714285714285
0.28834355828220964,0.7175398633257406,0.0,0.1,0.6125000000000002,0.35937500000000006,0.5384615384615385,0.9285714285714285
0.29447852760736176,0.7186788154897494,0.0,0.1,0.6125000000000002,0.35937500000000006,0.5384615384615385,0.9285714285714285
0.29447852760736176,0.7164009111617317,0.0041928721174004195,0.014285714285714285,0.6125000000000002,0.35937500000000006,0.5384615384615385,0.9285714285714285
0.28834355828220964,0.7175398633257406,0.010482180293501049,0.05714285714285714,0.6000000000000001,0.35937500000000006,0.5384615384615385,0.9285714285714285
0.29447852760736176,0.715261958997722,0.0,0.08571428571428572,0.6000000000000001,0.35937500000000006,0.5384615384615385,0.9285714285714285
