temp,humd,co2,voc1,voc2,no2,eth,co
0.09202453987730178,0.9100227790432802,0.0,0.1,0.95,0.515625,0.9358974358974361,1.0
0.09202453987730178,0.9077448747152624,0.0041928721174004195,0.05714285714285714,0.95,0.515625,0.9358974358974361,1.0
0.09202453987730178,0.9066059225512528,0.0,0.02857142857142857,0.95,0.515625,0.9358974358974361,0.9857142857142857
0.09202453987730178,0.904328018223235,0.012578616352201259,0.0,0.95,0.5,0.9358974358974361,0.9857142857142857
0.09202453987730178,0.904328018223235,0.0020964360587002098,0.02857142857142857,0.95,0.515625,0.9358974358974361,0.9857142857142857
0.09202453987730178,0.9031890660592253,0.0,0.0,0.9375000000000002,0.515625,0.9358974358974361,0.9857142857142857
0.09202453987730178,0.8997722095671987,0.0020964360587002098,0.04285714285714286,0.95,0.5,0.9358974358974361,0.9857142857142857
0.09815950920245392,0.9009111617312076,0.0,0.0,0.9375000000000002,0.5,0.9358974358974361,0.9857142857142857
