temp,humd,co2,voc1,voc2,no2,eth,co
0.2822085889570553,0.7403189066059224,0.041928721174004195,0.11428571428571428,0.6375000000000002,0.3750000000000001,0.5769230769230771,0.9428571428571428
0.2822085889570553,0.7391799544419134,0.05660377358490566,0.1,0.6375000000000002,0.3750000000000001,0.5641025641025642,0.9428571428571428
0.2822085889570553,0.7391799544419134,0.041928721174004195,0.02857142857142857,0.6375000000000002,0.3750000000000001,0.5641025641025642,0.9428571428571428
0.2822085889570553,0.7391799544419134,0.027253668763102725,0.11428571428571428,0.6250000000000001,0.35937500000000006,0.5769230769230771,0.9428571428571428
0.27607361963190313,0.7391799544419134,0.03773584905660377,0.07142857142857142,0.6250000000000001,0.3750000000000001,0.5641025641025642,0.9428571428571428
0.2822085889570553,0.7391799544419134,0.025157232704402517,0.05714285714285714,0.6250000000000001,0.35937500000000006,0.5641025641025642,0.9428571428571428
0.2822085889570553,0.7391799544419134,0.025157232704402517,0.04285714285714286,0.6250000000000001,0.3750000000000001,0.5769230769230771,0.9428571428571428
0.2822085889570553,0.7391799544419134,0.014675052410901468,0.05714285714285714,0.6250000000000001,0.3750000000000001,0.5641025641025642,0.9428571428571428
