temp,humd,co2,voc1,voc2,no2,eth,co
0.2085889570552143,0.7858769931662875,0.027253668763102725,0.0,0.7875000000000001,0.42187499999999994,0.7435897435897436,0.9571428571428571
0.2085889570552143,0.7870159453302964,0.027253668763102725,0.1,0.7875000000000001,0.42187499999999994,0.7435897435897436,0.9571428571428571
0.2085889570552143,0.7847380410022777,0.018867924528301886,0.02857142857142857,0.7875000000000001,0.42187499999999994,0.7435897435897436,0.9571428571428571
0.21472392638036863,0.7847380410022777,0.0,0.0,0.7875000000000001,0.42187499999999994,0.7435897435897436,0.9571428571428571
0.21472392638036863,0.7824601366742601,0.0,0.02857142857142857,0.7875000000000001,0.42187499999999994,0.7435897435897436,0.9571428571428571
0.2085889570552143,0.7835990888382689,0.039832285115303984,0.07142857142857142,0.7875000000000001,0.42187499999999994,0.7307692307692308,0.9571428571428571
0.21472392638036863,0.7835990888382689,0.039832285115303984,0.014285714285714285,0.7875000000000001,0.42187499999999994,0.7435897435897436,0.9571428571428571
0.21472392638036863,0.7824601366742601,0.039832285115303984,0.05714285714285714,0.7875000000000001,0.42187499999999994,0.7307692307692308,0.9571428571428571
