temp,humd,co2,voc1,voc2,no2,eth,co
0.2269938650306751,0.7710706150341687,0.0,0.014285714285714285,0.75,0.40624999999999994,0.6923076923076923,0.9428571428571428
0.23312883435582943,0.7710706150341687,0.012578616352201259,0.0,0.75,0.40624999999999994,0.6923076923076923,0.9428571428571428
0.23312883435582943,0.7710706150341687,0.008385744234800839,0.0,0.75,0.40624999999999994,0.6923076923076923,0.9428571428571428
0.23312883435582943,0.7710706150341687,0.0041928721174004195,0.02857142857142857,0.75,0.40624999999999994,0.6923076923076923,0.9571428571428571
0.23926380368098157,0.7699316628701598,0.006289308176100629,0.02857142857142857,0.75,0.40624999999999994,0.6794871794871794,0.9428571428571428
0.23312883435582943,0.7710706150341687,0.0041928721174004195,0.0,0.75,0.40624999999999994,0.6923076923076923,0.9428571428571428
0.23312883435582943,0.7722095671981776,0.0,0.08571428571428572,0.7374999999999999,0.40624999999999994,0.6794871794871794,0.9428571428571428
0.23312883435582943,0.7699316628701598,0.0,0.014285714285714285,0.75,0.40624999999999994,0.6794871794871794,0.9428571428571428
