temp,humd,co2,voc1,voc2,no2,eth,co
0.19631901840490784,0.7995444191343966,0.023060796645702306,0.12857142857142856,0.8249999999999998,0.45312499999999994,0.7820512820512822,0.9571428571428571
0.19631901840490784,0.7984054669703876,0.0,0.05714285714285714,0.8249999999999998,0.43749999999999994,0.7820512820512822,0.9571428571428571
0.1901840490797557,0.7984054669703876,0.018867924528301886,0.11428571428571428,0.8125000000000001,0.43749999999999994,0.7820512820512822,0.9571428571428571
0.19631901840490784,0.797266514806378,0.0,0.04285714285714286,0.8125000000000001,0.43749999999999994,0.7820512820512822,0.9571428571428571
0.1901840490797557,0.797266514806378,0.0020964360587002098,0.014285714285714285,0.8125000000000001,0.43749999999999994,0.7820512820512822,0.9571428571428571
0.19631901840490784,0.797266514806378,0.006289308176100629,0.07142857142857142,0.8125000000000001,0.43749999999999994,0.7820512820512822,0.9571428571428571
0.1901840490797557,0.797266514806378,0.006289308176100629,0.014285714285714285,0.8125000000000001,0.43749999999999994,0.7692307692307693,0.9571428571428571
0.19631901840490784,0.7949886104783602,0.014675052410901468,0.0,0.8125000000000001,0.43749999999999994,0.7692307692307693,0.9571428571428571
