temp,humd,co2,voc1,voc2,no2,eth,co
0.1349693251533755,0.8621867881548974,0.0,0.02857142857142857,0.9125000000000002,0.484375,0.8846153846153848,0.9714285714285714
0.1349693251533755,0.8587699316628707,0.006289308176100629,0.0,0.9125000000000002,0.484375,0.8846153846153848,0.9714285714285714
0.1349693251533755,0.8587699316628707,0.0041928721174004195,0.05714285714285714,0.8999999999999999,0.484375,0.8846153846153848,0.9857142857142857
0.1349693251533755,0.857630979498861,0.0,0.0,0.8999999999999999,0.484375,0.8846153846153848,0.9857142857142857
0.14110429447852765,0.8564920273348521,0.0041928721174004195,0.07142857142857142,0.8999999999999999,0.484375,0.8846153846153848,0.9857142857142857
0.1349693251533755,0.8564920273348521,0.0020964360587002098,0.05714285714285714,0.8999999999999999,0.484375,0.8846153846153848,0.9714285714285714
0.1349693251533755,0.8553530751708432,0.006289308176100629,0.07142857142857142,0.8999999999999999,0.484375,0.8846153846153848,0.9857142857142857
0.1349693251533755,0.8542141230068335,0.0041928721174004195,0.0,0.8999999999999999,0.484375,0.8846153846153848,0.9714285714285714
