temp,humd,co2,voc1,voc2,no2,eth,co
0.22085889570552295,0.776765375854214,0.023060796645702306,0.014285714285714285,0.7625000000000001,0.42187499999999994,0.717948717948718,0.9571428571428571
0.22085889570552295,0.7779043280182236,0.020964360587002098,0.05714285714285714,0.7625000000000001,0.42187499999999994,0.717948717948718,0.9571428571428571
0.22085889570552295,0.7744874715261962,0.010482180293501049,0.0,0.7625000000000001,0.42187499999999994,0.717948717948718,0.9571428571428571
0.22085889570552295,0.7779043280182236,0.0,0.04285714285714286,0.7625000000000001,0.42187499999999994,0.717948717948718,0.9571428571428571
0.22085889570552295,0.7756264236902051,0.016771488469601678,0.05714285714285714,0.7625000000000001,0.42187499999999994,0.717948717948718,0.9571428571428571
0.22085889570552295,0.7756264236902051,0.016771488469601678,0.07142857142857142,0.7625000000000001,0.42187499999999994,0.717948717948718,0.9571428571428571
0.22085889570552295,0.7756264236902051,0.010482180293501049,0.07142857142857142,0.7625000000000001,0.42187499999999994,0.717948717948718,0.9571428571428571
0.22085889570552295,0.7756264236902051,0.0020964360587002098,0.02857142857142857,0.7625000000000001,0.42187499999999994,0.7051282051282051,0.9571428571428571
