temp,humd,co2,voc1,voc2,no2,eth,co
0.23926380368098157,0.7665148063781324,0.016771488469601678,0.02857142857142857,0.725,0.40624999999999994,0.6666666666666666,0.9571428571428571
0.23926380368098157,0.7642369020501139,0.012578616352201259,0.0,0.725,0.40624999999999994,0.6666666666666666,0.9571428571428571
0.23926380368098157,0.7665148063781324,0.023060796645702306,0.11428571428571428,0.725,0.40624999999999994,0.6666666666666666,0.9571428571428571
0.23926380368098157,0.7665148063781324,0.014675052410901468,0.04285714285714286,0.725,0.40624999999999994,0.6666666666666666,0.9428571428571428
0.23926380368098157,0.7653758542141235,0.012578616352201259,0.07142857142857142,0.725,0.40624999999999994,0.6666666666666666,0.9571428571428571
0.23926380368098157,0.7665148063781324,0.018867924528301886,0.1,0.725,0.40624999999999994,0.6666666666666666,0.9571428571428571
0.23926380368098157,0.7630979498861049,0.014675052410901468,0.1,0.725,0.40624999999999994,0.6666666666666666,0.9428571428571428
0.23926380368098157,0.7642369020501139,0.020964360587002098,0.05714285714285714,0.725,0.40624999999999994,0.6666666666666666,0.9571428571428571
