temp,humd,co2,voc1,voc2,no2,eth,co
0.17791411042944924,0.8075170842824604,0.010482180293501049,0.08571428571428572,0.8375000000000001,0.45312499999999994,0.7948717948717949,0.9571428571428571
0.18404907975460139,0.8075170842824604,0.0041928721174004195,0.11428571428571428,0.8375000000000001,0.45312499999999994,0.7948717948717949,0.9571428571428571
0.17791411042944924,0.8097949886104789,0.006289308176100629,0.11428571428571428,0.8375000000000001,0.45312499999999994,0.7948717948717949,0.9571428571428571
0.18404907975460139,0.8086560364464692,0.0020964360587002098,0.12857142857142856,0.8375000000000001,0.45312499999999994,0.7948717948717949,0.9571428571428571
0.18404907975460139,0.8063781321184514,0.0041928721174004195,0.07142857142857142,0.8375000000000001,0.45312499999999994,0.7948717948717949,0.9714285714285714
0.18404907975460139,0.8063781321184514,0.0020964360587002098,0.12857142857142856,0.8375000000000001,0.45312499999999994,0.7948717948717949,0.9571428571428571
0.18404907975460139,0.8063781321184514,0.006289308176100629,0.02857142857142857,0.8375000000000001,0.43749999999999994,0.7948717948717949,0.9571428571428571
0.18404907975460139,0.8041002277904329,0.010482180293501049,0.14285714285714285,0.8375000000000001,0.45312499999999994,0.7948717948717949,0.9571428571428571
