temp,humd,co2,voc1,voc2,no2,eth,co
0.23926380368098157,0.7630979498861049,0.0,0.05714285714285714,0.725,0.40624999999999994,0.6666666666666666,0.9571428571428571
0.24539877300613588,0.7630979498861049,0.0020964360587002098,0.02857142857142857,0.725,0.40624999999999994,0.6666666666666666,0.9571428571428571
0.24539877300613588,0.7630979498861049,0.016771488469601678,0.1,0.7124999999999999,0.40624999999999994,0.6666666666666666,0.9571428571428571
0.24539877300613588,0.7619589977220961,0.0,0.08571428571428572,0.725,0.39062499999999994,0.6538461538461537,0.9428571428571428
0.23926380368098157,0.7630979498861049,0.014675052410901468,0.07142857142857142,0.725,0.39062499999999994,0.6538461538461537,0.9428571428571428
0.24539877300613588,0.7653758542141235,0.0,0.0,0.725,0.40624999999999994,0.6666666666666666,0.9428571428571428
0.24539877300613588,0.7630979498861049,0.025157232704402517,0.0,0.725,0.40624999999999994,0.6538461538461537,0.9571428571428571
0.24539877300613588,0.7619589977220961,0.014675052410901468,0.05714285714285714,0.7124999999999999,0.40624999999999994,0.6538461538461537,0.9571428571428571
