temp,humd,co2,voc1,voc2,no2,eth,co
0.07361963190184098,0.9236902050113901,0.006289308176100629,0.0,0.9625000000000002,0.515625,0.9487179487179487,1.0
0.07361963190184098,0.917995444191344,0.010482180293501049,0.04285714285714286,0.9625000000000002,0.515625,0.9487179487179487,1.0
0.0797546012269953,0.917995444191344,0.008385744234800839,0.014285714285714285,0.9625000000000002,0.515625,0.9487179487179487,1.0
0.07361963190184098,0.9168564920273352,0.014675052410901468,0.05714285714285714,0.95,0.515625,0.9487179487179487,1.0
0.08588957055214745,0.9145785876993167,0.0,0.0,0.95,0.515625,0.9487179487179487,1.0
0.08588957055214745,0.9145785876993167,0.0041928721174004195,0.0,0.95,0.515625,0.9487179487179487,0.9857142857142857
0.0797546012269953,0.9111617312072892,0.0,0.04285714285714286,0.95,0.515625,0.9487179487179487,1.0
0.08588957055214745,0.9100227790432802,0.0020964360587002098,0.1,0.95,0.515625,0.9358974358974361,1.0
