temp,humd,co2,voc1,voc2,no2,eth,co
0.29447852760736176,0.7072892938496582,0.020964360587002098,0.08571428571428572,0.5875000000000001,0.34375000000000006,0.5256410256410258,0.9285714285714285
0.3006134969325161,0.7084282460136679,0.014675052410901468,0.07142857142857142,0.5875000000000001,0.34375000000000006,0.5256410256410258,0.9285714285714285
0.29447852760736176,0.7050113895216404,0.016771488469601678,0.04285714285714286,0.5875000000000001,0.34375000000000006,0.5256410256410258,0.9285714285714285
0.29447852760736176,0.7061503416856493,0.008385744234800839,0.014285714285714285,0.5875000000000001,0.34375000000000006,0.5256410256410258,0.9285714285714285
0.3006134969325161,0.7050113895216404,0.008385744234800839,0.08571428571428572,0.5875000000000001,0.34375000000000006,0.5256410256410258,0.9285714285714285
0.3006134969325161,0.7050113895216404,0.014675052410901468,0.02857142857142857,0.5875000000000001,0.34375000000000006,0.5256410256410258,0.9285714285714285
0.3006134969325161,0.7050113895216404,0.014675052410901468,0.07142857142857142,0.5875000000000001,0.34375000000000006,0.5256410256410258,0.9285714285714285
0.29447852760736176,0.7027334851936219,0.010482180293501049,0.04285714285714286,0.5875000000000001,0.34375000000000006,0.5256410256410258,0.9285714285714285
