temp,humd,co2,voc1,voc2,no2,eth,co
0.2822085889570553,0.7369020501138956,0.0,0.0,0.6250000000000001,0.3750000000000001,0.5641025641025642,0.9428571428571428
0.28834355828220964,0.7346241457858771,0.006289308176100629,0.04285714285714286,0.6250000000000001,0.35937500000000006,0.5641025641025642,0.9428571428571428
0.2822085889570553,0.7369020501138956,0.0,0.0,0.6250000000000001,0.35937500000000006,0.5641025641025642,0.9428571428571428
0.2822085889570553,0.735763097949886,0.014675052410901468,0.0,0.6250000000000001,0.35937500000000006,0.5641025641025642,0.9285714285714285
0.2822085889570553,0.735763097949886,0.029350104821802937,0.08571428571428572,0.6250000000000001,0.35937500000000006,0.5641025641025642,0.9285714285714285
0.28834355828220964,0.735763097949886,0.018867924528301886,0.1,0.6250000000000001,0.35937500000000006,0.5641025641025642,0.9285714285714285
0.2822085889570553,0.735763097949886,0.012578616352201259,0.07142857142857142,0.6250000000000001,0.35937500000000006,0.5641025641025642,0.9428571428571428
0.2822085889570553,0.7334851936218683,0.008385744234800839,0.07142857142857142,0.6250000000000001,0.35937500000000006,0.5641025641025642,0.9285714285714285
