temp,humd,co2,voc1,voc2,no2,eth,co
0.23312883435582943,0.7676537585421412,0.0,0.02857142857142857,0.7374999999999999,0.40624999999999994,0.6794871794871794,0.9571428571428571
0.23312883435582943,0.7676537585421412,0.006289308176100629,0.05714285714285714,0.7374999999999999,0.40624999999999994,0.6794871794871794,0.9571428571428571
0.23926380368098157,0.7676537585421412,0.008385744234800839,0.07142857142857142,0.7374999999999999,0.40624999999999994,0.6794871794871794,0.9571428571428571
0.23926380368098157,0.7653758542141235,0.0041928721174004195,0.014285714285714285,0.7374999999999999,0.40624999999999994,0.6666666666666666,0.9571428571428571
0.23926380368098157,0.7665148063781324,0.0,0.05714285714285714,0.7374999999999999,0.40624999999999994,0.6794871794871794,0.9428571428571428
0.23312883435582943,0.7665148063781324,0.0020964360587002098,0.02857142857142857,0.7374999999999999,0.40624999999999994,0.6666666666666666,0.9428571428571428
0.23312883435582943,0.7665148063781324,0.0,0.1,0.7374999999999999,0.40624999999999994,0.6666666666666666,0.9571428571428571
0.23926380368098157,0.7665148063781324,0.020964360587002098,0.12857142857142856,0.725,0.40624999999999994,0.6794871794871794,0.9571428571428571
