temp,humd,co2,voc1,voc2,no2,eth,co
0.2638036809815967,0.7460136674259684,0.018867924528301886,0.05714285714285714,0.6624999999999999,0.3750000000000001,0.6025641025641028,0.9428571428571428
0.2638036809815967,0.7460136674259684,0.010482180293501049,0.0,0.6624999999999999,0.3750000000000001,0.6025641025641028,0.9428571428571428
0.2638036809815967,0.7448747152619595,0.0041928721174004195,0.02857142857142857,0.6624999999999999,0.3750000000000001,0.6025641025641028,0.9428571428571428
0.2638036809815967,0.7460136674259684,0.033542976939203356,0.0,0.6624999999999999,0.3750000000000001,0.6025641025641028,0.9428571428571428
0.26993865030674885,0.7505694760820047,0.012578616352201259,0.08571428571428572,0.6624999999999999,0.3750000000000001,0.6025641025641028,0.9428571428571428
0.2638036809815967,0.7437357630979499,0.027253668763102725,0.04285714285714286,0.6624999999999999,0.3750000000000001,0.6025641025641028,0.9428571428571428
0.2638036809815967,0.7460136674259684,0.025157232704402517,0.04285714285714286,0.6624999999999999,0.3750000000000001,0.6025641025641028,0.9428571428571428
0.2638036809815967,0.7460136674259684,0.023060796645702306,0.11428571428571428,0.6624999999999999,0.3750000000000001,0.6025641025641028,0.9428571428571428
