temp,humd,co2,voc1,voc2,no2,eth,co
0.2822085889570553,0.7346241457858771,0.0,0.12857142857142856,0.6250000000000001,0.35937500000000006,0.5641025641025642,0.9285714285714285
0.28834355828220964,0.7312072892938496,0.0041928721174004195,0.07142857142857142,0.6250000000000001,0.35937500000000006,0.5641025641025642,0.9285714285714285
0.28834355828220964,0.7334851936218683,0.0020964360587002098,0.014285714285714285,0.6250000000000001,0.35937500000000006,0.5641025641025642,0.9285714285714285
0.28834355828220964,0.7323462414578585,0.0041928721174004195,0.11428571428571428,0.6250000000000001,0.35937500000000006,0.5641025641025642,0.9285714285714285
0.28834355828220964,0.7323462414578585,0.0020964360587002098,0.04285714285714286,0.6250000000000001,0.35937500000000006,0.5641025641025642,0.9285714285714285
0.2822085889570553,0.7312072892938496,0.0,0.11428571428571428,0.6250000000000001,0.35937500000000006,0.5512820512820514,0.9285714285714285
0.28834355828220964,0.7323462414578585,0.0,0.07142857142857142,0.6250000000000001,0.35937500000000006,0.5512820512820514,0.9285714285714285
0.28834355828220964,0.7289293849658319,0.010482180293501049,0.014285714285714285,0.6250000000000001,0.35937500000000006,0.5512820512820514,0.9285714285714285
