temp,humd,co2,voc1,voc2,no2,eth,co
0.26993865030674885,0.7460136674259684,0.0,0.014285714285714285,0.6375000000000002,0.3750000000000001,0.5897435897435899,0.9285714285714285
0.26993865030674885,0.7471526195899773,0.008385744234800839,0.11428571428571428,0.6500000000000001,0.3750000000000001,0.5897435897435899,0.9428571428571428
0.26993865030674885,0.7471526195899773,0.0,0.014285714285714285,0.6375000000000002,0.3750000000000001,0.5769230769230771,0.9428571428571428
0.27607361963190313,0.7482915717539862,0.0041928721174004195,0.02857142857142857,0.6500000000000001,0.3750000000000001,0.5769230769230771,0.9428571428571428
0.27607361963190313,0.7471526195899773,0.006289308176100629,0.014285714285714285,0.6375000000000002,0.3750000000000001,0.5769230769230771,0.9428571428571428
0.27607361963190313,0.7437357630979499,0.0041928721174004195,0.0,0.6375000000000002,0.3750000000000001,0.5769230769230771,0.9428571428571428
0.26993865030674885,0.7437357630979499,0.0020964360587002098,0.0,0.6375000000000002,0.3750000000000001,0.5897435897435899,0.9428571428571428
0.26993865030674885,0.7448747152619595,0.0,0.0,0.6375000000000002,0.3750000000000001,0.5769230769230771,0.9428571428571428
