temp,humd,co2,voc1,voc2,no2,eth,co
0.28834355828220964,0.7209567198177681,0.008385744234800839,0.05714285714285714,0.6125000000000002,0.35937500000000006,0.5512820512820514,0.9285714285714285
0.29447852760736176,0.7198177676537584,0.014675052410901468,0.05714285714285714,0.6125000000000002,0.35937500000000006,0.5384615384615385,0.9285714285714285
0.29447852760736176,0.7209567198177681,0.0020964360587002098,0.0,0.6125000000000002,0.35937500000000006,0.5512820512820514,0.9285714285714285
0.29447852760736176,0.7175398633257406,0.0041928721174004195,0.02857142857142857,0.6125000000000002,0.35937500000000006,0.5512820512820514,0.9285714285714285
0.29447852760736176,0.7209567198177681,0.0,0.0,0.6125000000000002,0.35937500000000006,0.5384615384615385,0.9285714285714285
0.28834355828220964,0.7198177676537584,0.0,0.02857142857142857,0.6125000000000002,0.35937500000000006,0.5384615384615385,0.9285714285714285
0.29447852760736176,0.7209567198177681,0.0,0.02857142857142857,0.6125000000000002,0.35937500000000006,0.5384615384615385,0.9285714285714285
0.29447852760736176,0.7198177676537584,0.010482180293501049,0.014285714285714285,0.6125000000000002,0.35937500000000006,0.5384615384615385,0.9285714285714285
