temp,humd,co2,voc1,voc2,no2,eth,co
0.26993865030674885,0.7482915717539862,0.023060796645702306,0.05714285714285714,0.6624999999999999,0.3750000000000001,0.6025641025641028,0.9428571428571428
0.26993865030674885,0.7482915717539862,0.014675052410901468,0.04285714285714286,0.6624999999999999,0.3750000000000001,0.6025641025641028,0.9428571428571428
0.26993865030674885,0.7471526195899773,0.020964360587002098,0.0,0.6624999999999999,0.3750000000000001,0.6025641025641028,0.9428571428571428
0.26993865030674885,0.7471526195899773,0.025157232704402517,0.04285714285714286,0.6624999999999999,0.3750000000000001,0.6025641025641028,0.9428571428571428
0.26993865030674885,0.7482915717539862,0.027253668763102725,0.05714285714285714,0.6624999999999999,0.3750000000000001,0.6025641025641028,0.9428571428571428
0.2638036809815967,0.7482915717539862,0.025157232704402517,0.1,0.6624999999999999,0.3750000000000001,0.6025641025641028,0.9571428571428571
0.26993865030674885,0.7494305239179958,0.010482180293501049,0.05714285714285714,0.6624999999999999,0.3750000000000001,0.5897435897435899,0.9428571428571428
0.26993865030674885,0.7471526195899773,0.010482180293501049,0.08571428571428572,0.6500000000000001,0.3750000000000001,0.6025641025641028,0.9428571428571428
