temp,humd,co2,voc1,voc2,no2,eth,co
0.24539877300613588,0.7630979498861049,0.008385744234800839,0.07142857142857142,0.7124999999999999,0.39062499999999994,0.6538461538461537,0.9428571428571428
0.24539877300613588,0.7619589977220961,0.0020964360587002098,0.04285714285714286,0.7124999999999999,0.40624999999999994,0.6538461538461537,0.9428571428571428
0.25153374233128806,0.7596810933940774,0.0,0.08571428571428572,0.7124999999999999,0.39062499999999994,0.6538461538461537,0.9428571428571428
0.24539877300613588,0.7619589977220961,0.0,0.1,0.7124999999999999,0.39062499999999994,0.6538461538461537,0.9428571428571428
0.25153374233128806,0.7608200455580864,0.0,0.07142857142857142,0.7124999999999999,0.39062499999999994,0.6538461538461537,0.9428571428571428
0.25153374233128806,0.7619589977220961,0.0,0.1,0.7124999999999999,0.39062499999999994,0.6538461538461537,0.9428571428571428
0.24539877300613588,0.7619589977220961,0.010482180293501049,0.0,0.7124999999999999,0.39062499999999994,0.6538461538461537,0.9428571428571428
0.24539877300613588,0.7596810933940774,0.016771488469601678,0.014285714285714285,0.7,0.39062499999999994,0.6538461538461537,0.9428571428571428
