temp,humd,co2,voc1,voc2,no2,eth,co
0.14110429447852765,0.8462414578587697,0.0020964360587002098,0.0,0.8875000000000002,0.484375,0.8717948717948719,0.9714285714285714
0.14110429447852765,0.8451025056947609,0.008385744234800839,0.014285714285714285,0.8875000000000002,0.484375,0.8717948717948719,0.9714285714285714
0.14723926380368196,0.8451025056947609,0.006289308176100629,0.0,0.8875000000000002,0.484375,0.8717948717948719,0.9714285714285714
0.14723926380368196,0.8439635535307519,0.0,0.0,0.8875000000000002,0.484375,0.8717948717948719,0.9714285714285714
0.14723926380368196,0.8428246013667431,0.008385744234800839,0.02857142857142857,0.8875000000000002,0.484375,0.8589743589743591,0.9714285714285714
0.14723926380368196,0.8428246013667431,0.006289308176100629,0.0,0.8875000000000002,0.484375,0.8589743589743591,0.9571428571428571
0.14723926380368196,0.8416856492027334,0.0041928721174004195,0.0,0.8875000000000002,0.484375,0.8589743589743591,0.9714285714285714
0.14723926380368196,0.8416856492027334,0.0,0.08571428571428572,0.8875000000000002,0.46875,0.8589743589743591,0.9714285714285714
