temp,humd,co2,voc1,voc2,no2,eth,co
0.1901840490797557,0.8029612756264239,0.006289308176100629,0.014285714285714285,0.8249999999999998,0.43749999999999994,0.7820512820512822,0.9571428571428571
0.1901840490797557,0.8018223234624151,0.020964360587002098,0.15714285714285714,0.8249999999999998,0.43749999999999994,0.7820512820512822,0.9571428571428571
0.1901840490797557,0.8006833712984054,0.0,0.07142857142857142,0.8249999999999998,0.45312499999999994,0.7820512820512822,0.9571428571428571
0.1901840490797557,0.8029612756264239,0.0041928721174004195,0.12857142857142856,0.8249999999999998,0.43749999999999994,0.7820512820512822,0.9571428571428571
0.1901840490797557,0.8006833712984054,0.018867924528301886,0.11428571428571428,0.8249999999999998,0.43749999999999994,0.7820512820512822,0.9571428571428571
0.1901840490797557,0.8018223234624151,0.0,0.08571428571428572,0.8249999999999998,0.45312499999999994,0.7820512820512822,0.9571428571428571
0.1901840490797557,0.8006833712984054,0.016771488469601678,0.1,0.8249999999999998,0.43749999999999994,0.7820512820512822,0.9571428571428571
0.19631901840490784,0.7995444191343966,0.0020964360587002098,0.1,0.8249999999999998,0.43749999999999994,0.7820512820512822,0.9571428571428571
