temp,humd,co2,voc1,voc2,no2,eth,co
0.29447852760736176,0.7027334851936219,0.020964360587002098,0.1,0.5875000000000001,0.34375000000000006,0.5256410256410258,0.9285714285714285
0.29447852760736176,0.7050113895216404,0.025157232704402517,0.1,0.5875000000000001,0.34375000000000006,0.5256410256410258,0.9285714285714285
0.29447852760736176,0.7027334851936219,0.025157232704402517,0.08571428571428572,0.5875000000000001,0.34375000000000006,0.5256410256410258,0.9285714285714285
0.29447852760736176,0.7038724373576307,0.018867924528301886,0.14285714285714285,0.5875000000000001,0.34375000000000006,0.5256410256410258,0.9285714285714285
0.29447852760736176,0.7050113895216404,0.010482180293501049,0.08571428571428572,0.5750000000000001,0.34375000000000006,0.5256410256410258,0.9285714285714285
0.29447852760736176,0.7038724373576307,0.014675052410901468,0.11428571428571428,0.5750000000000001,0.34375000000000006,0.5256410256410258,0.9285714285714285
0.29447852760736176,0.7050113895216404,0.0041928721174004195,0.1,0.5750000000000001,0.34375000000000006,0.5256410256410258,0.9285714285714285
0.29447852760736176,0.7050113895216404,0.0020964360587002098,0.02857142857142857,0.5750000000000001,0.34375000000000006,0.5256410256410258,0.9285714285714285
