temp,humd,co2,voc1,voc2,no2,eth,co
0.23312883435582943,0.7699316628701598,0.0,0.0,0.7374999999999999,0.40624999999999994,0.6923076923076923,0.9428571428571428
0.23312883435582943,0.7710706150341687,0.0,0.0,0.7374999999999999,0.40624999999999994,0.6923076923076923,0.9428571428571428
0.23926380368098157,0.7699316628701598,0.012578616352201259,0.1,0.7374999999999999,0.40624999999999994,0.6794871794871794,0.9428571428571428
0.23312883435582943,0.7710706150341687,0.014675052410901468,0.04285714285714286,0.7374999999999999,0.40624999999999994,0.6794871794871794,0.9428571428571428
0.23312883435582943,0.7687927107061502,0.012578616352201259,0.05714285714285714,0.7374999999999999,0.40624999999999994,0.6794871794871794,0.9571428571428571
0.23312883435582943,0.7699316628701598,0.025157232704402517,0.014285714285714285,0.7374999999999999,0.40624999999999994,0.6794871794871794,0.9428571428571428
0.23312883435582943,0.7676537585421412,0.018867924528301886,0.0,0.7374999999999999,0.40624999999999994,0.6794871794871794,0.9571428571428571
0.23312883435582943,0.7687927107061502,0.025157232704402517,0.02857142857142857,0.7374999999999999,0.40624999999999994,0.6794871794871794,0.9428571428571428
